fecha_resultado,pais,iso3c,departamento,n,n_acum
2020-04-05,Peru,PER,AMAZONAS,4,4
2020-04-06,Peru,PER,AMAZONAS,1,5
2020-04-07,Peru,PER,AMAZONAS,4,9
2020-04-08,Peru,PER,AMAZONAS,5,14
2020-04-09,Peru,PER,AMAZONAS,5,19
2020-04-10,Peru,PER,AMAZONAS,5,19
2020-04-11,Peru,PER,AMAZONAS,5,19
2020-04-12,Peru,PER,AMAZONAS,7,26
2020-04-13,Peru,PER,AMAZONAS,7,26
2020-04-14,Peru,PER,AMAZONAS,8,34
2020-04-15,Peru,PER,AMAZONAS,7,41
2020-04-16,Peru,PER,AMAZONAS,3,44
2020-04-17,Peru,PER,AMAZONAS,1,45
2020-04-18,Peru,PER,AMAZONAS,3,48
2020-04-19,Peru,PER,AMAZONAS,1,49
2020-04-20,Peru,PER,AMAZONAS,3,52
2020-04-21,Peru,PER,AMAZONAS,7,59
2020-04-22,Peru,PER,AMAZONAS,3,62
2020-04-23,Peru,PER,AMAZONAS,2,64
2020-04-24,Peru,PER,AMAZONAS,6,70
2020-04-25,Peru,PER,AMAZONAS,10,80
2020-04-26,Peru,PER,AMAZONAS,9,89
2020-04-27,Peru,PER,AMAZONAS,19,108
2020-04-28,Peru,PER,AMAZONAS,32,140
2020-04-29,Peru,PER,AMAZONAS,28,168
2020-04-30,Peru,PER,AMAZONAS,42,210
2020-05-01,Peru,PER,AMAZONAS,85,295
2020-05-02,Peru,PER,AMAZONAS,50,345
2020-05-03,Peru,PER,AMAZONAS,2,347
2020-05-04,Peru,PER,AMAZONAS,26,373
2020-05-05,Peru,PER,AMAZONAS,12,385
2020-05-06,Peru,PER,AMAZONAS,11,396
2020-05-07,Peru,PER,AMAZONAS,9,405
2020-05-08,Peru,PER,AMAZONAS,19,424
2020-05-09,Peru,PER,AMAZONAS,4,428
2020-05-10,Peru,PER,AMAZONAS,4,428
2020-05-11,Peru,PER,AMAZONAS,12,440
2020-05-12,Peru,PER,AMAZONAS,11,451
2020-05-13,Peru,PER,AMAZONAS,8,459
2020-05-14,Peru,PER,AMAZONAS,3,462
2020-05-15,Peru,PER,AMAZONAS,23,485
2020-05-16,Peru,PER,AMAZONAS,32,517
2020-05-17,Peru,PER,AMAZONAS,1,518
2020-05-18,Peru,PER,AMAZONAS,18,536
2020-05-19,Peru,PER,AMAZONAS,30,566
2020-05-20,Peru,PER,AMAZONAS,10,576
2020-05-21,Peru,PER,AMAZONAS,54,630
2020-05-22,Peru,PER,AMAZONAS,25,655
2020-05-23,Peru,PER,AMAZONAS,7,662
2020-05-24,Peru,PER,AMAZONAS,4,666
2020-05-25,Peru,PER,AMAZONAS,49,715
2020-05-26,Peru,PER,AMAZONAS,21,736
2020-05-27,Peru,PER,AMAZONAS,16,752
2020-05-28,Peru,PER,AMAZONAS,24,776
2020-05-29,Peru,PER,AMAZONAS,10,786
2020-05-30,Peru,PER,AMAZONAS,12,798
2020-05-31,Peru,PER,AMAZONAS,12,810
2020-06-01,Peru,PER,AMAZONAS,13,823
2020-06-02,Peru,PER,AMAZONAS,11,834
2020-06-03,Peru,PER,AMAZONAS,27,861
2020-06-04,Peru,PER,AMAZONAS,29,890
2020-06-05,Peru,PER,AMAZONAS,27,917
2020-06-06,Peru,PER,AMAZONAS,20,937
2020-06-07,Peru,PER,AMAZONAS,6,943
2020-06-08,Peru,PER,AMAZONAS,45,988
2020-06-09,Peru,PER,AMAZONAS,60,1048
2020-06-10,Peru,PER,AMAZONAS,47,1095
2020-06-11,Peru,PER,AMAZONAS,37,1132
2020-06-12,Peru,PER,AMAZONAS,68,1200
2020-06-13,Peru,PER,AMAZONAS,52,1252
2020-06-14,Peru,PER,AMAZONAS,11,1263
2020-06-15,Peru,PER,AMAZONAS,185,1448
2020-06-16,Peru,PER,AMAZONAS,31,1479
2020-06-17,Peru,PER,AMAZONAS,43,1522
2020-06-18,Peru,PER,AMAZONAS,29,1551
2020-06-19,Peru,PER,AMAZONAS,63,1614
2020-06-20,Peru,PER,AMAZONAS,32,1646
2020-06-21,Peru,PER,AMAZONAS,13,1659
2020-06-22,Peru,PER,AMAZONAS,37,1696
2020-06-23,Peru,PER,AMAZONAS,41,1737
2020-06-24,Peru,PER,AMAZONAS,162,1899
2020-06-25,Peru,PER,AMAZONAS,53,1952
2020-06-26,Peru,PER,AMAZONAS,41,1993
2020-06-27,Peru,PER,AMAZONAS,27,2020
2020-03-15,Peru,PER,ANCASH,1,1
2020-03-16,Peru,PER,ANCASH,1,1
2020-03-17,Peru,PER,ANCASH,1,1
2020-03-18,Peru,PER,ANCASH,1,2
2020-03-19,Peru,PER,ANCASH,2,4
2020-03-20,Peru,PER,ANCASH,2,4
2020-03-21,Peru,PER,ANCASH,2,4
2020-03-22,Peru,PER,ANCASH,2,4
2020-03-23,Peru,PER,ANCASH,2,4
2020-03-24,Peru,PER,ANCASH,1,5
2020-03-25,Peru,PER,ANCASH,1,6
2020-03-26,Peru,PER,ANCASH,1,6
2020-03-27,Peru,PER,ANCASH,1,6
2020-03-28,Peru,PER,ANCASH,1,6
2020-03-29,Peru,PER,ANCASH,5,11
2020-03-30,Peru,PER,ANCASH,5,11
2020-03-31,Peru,PER,ANCASH,2,13
2020-04-01,Peru,PER,ANCASH,2,13
2020-04-02,Peru,PER,ANCASH,2,15
2020-04-03,Peru,PER,ANCASH,1,16
2020-04-04,Peru,PER,ANCASH,9,25
2020-04-05,Peru,PER,ANCASH,7,32
2020-04-06,Peru,PER,ANCASH,13,45
2020-04-07,Peru,PER,ANCASH,26,71
2020-04-08,Peru,PER,ANCASH,10,81
2020-04-09,Peru,PER,ANCASH,13,94
2020-04-10,Peru,PER,ANCASH,16,110
2020-04-11,Peru,PER,ANCASH,26,136
2020-04-12,Peru,PER,ANCASH,7,143
2020-04-13,Peru,PER,ANCASH,20,163
2020-04-14,Peru,PER,ANCASH,28,191
2020-04-15,Peru,PER,ANCASH,43,234
2020-04-16,Peru,PER,ANCASH,38,272
2020-04-17,Peru,PER,ANCASH,26,298
2020-04-18,Peru,PER,ANCASH,57,355
2020-04-19,Peru,PER,ANCASH,10,365
2020-04-20,Peru,PER,ANCASH,35,400
2020-04-21,Peru,PER,ANCASH,46,446
2020-04-22,Peru,PER,ANCASH,30,476
2020-04-23,Peru,PER,ANCASH,48,524
2020-04-24,Peru,PER,ANCASH,60,584
2020-04-25,Peru,PER,ANCASH,87,671
2020-04-26,Peru,PER,ANCASH,13,684
2020-04-27,Peru,PER,ANCASH,48,732
2020-04-28,Peru,PER,ANCASH,102,834
2020-04-29,Peru,PER,ANCASH,81,915
2020-04-30,Peru,PER,ANCASH,108,1023
2020-05-01,Peru,PER,ANCASH,67,1090
2020-05-02,Peru,PER,ANCASH,120,1210
2020-05-03,Peru,PER,ANCASH,27,1237
2020-05-04,Peru,PER,ANCASH,112,1349
2020-05-05,Peru,PER,ANCASH,125,1474
2020-05-06,Peru,PER,ANCASH,74,1548
2020-05-07,Peru,PER,ANCASH,78,1626
2020-05-08,Peru,PER,ANCASH,53,1679
2020-05-09,Peru,PER,ANCASH,69,1748
2020-05-10,Peru,PER,ANCASH,11,1759
2020-05-11,Peru,PER,ANCASH,121,1880
2020-05-12,Peru,PER,ANCASH,101,1981
2020-05-13,Peru,PER,ANCASH,152,2133
2020-05-14,Peru,PER,ANCASH,179,2312
2020-05-15,Peru,PER,ANCASH,166,2478
2020-05-16,Peru,PER,ANCASH,103,2581
2020-05-17,Peru,PER,ANCASH,49,2630
2020-05-18,Peru,PER,ANCASH,97,2727
2020-05-19,Peru,PER,ANCASH,281,3008
2020-05-20,Peru,PER,ANCASH,125,3133
2020-05-21,Peru,PER,ANCASH,134,3267
2020-05-22,Peru,PER,ANCASH,180,3447
2020-05-23,Peru,PER,ANCASH,140,3587
2020-05-24,Peru,PER,ANCASH,52,3639
2020-05-25,Peru,PER,ANCASH,179,3818
2020-05-26,Peru,PER,ANCASH,187,4005
2020-05-27,Peru,PER,ANCASH,225,4230
2020-05-28,Peru,PER,ANCASH,242,4472
2020-05-29,Peru,PER,ANCASH,174,4646
2020-05-30,Peru,PER,ANCASH,146,4792
2020-05-31,Peru,PER,ANCASH,34,4826
2020-06-01,Peru,PER,ANCASH,138,4964
2020-06-02,Peru,PER,ANCASH,139,5103
2020-06-03,Peru,PER,ANCASH,119,5222
2020-06-04,Peru,PER,ANCASH,113,5335
2020-06-05,Peru,PER,ANCASH,83,5418
2020-06-06,Peru,PER,ANCASH,112,5530
2020-06-07,Peru,PER,ANCASH,103,5633
2020-06-08,Peru,PER,ANCASH,167,5800
2020-06-09,Peru,PER,ANCASH,127,5927
2020-06-10,Peru,PER,ANCASH,134,6061
2020-06-11,Peru,PER,ANCASH,134,6195
2020-06-12,Peru,PER,ANCASH,120,6315
2020-06-13,Peru,PER,ANCASH,147,6462
2020-06-14,Peru,PER,ANCASH,89,6551
2020-06-15,Peru,PER,ANCASH,113,6664
2020-06-16,Peru,PER,ANCASH,120,6784
2020-06-17,Peru,PER,ANCASH,99,6883
2020-06-18,Peru,PER,ANCASH,127,7010
2020-06-19,Peru,PER,ANCASH,105,7115
2020-06-20,Peru,PER,ANCASH,104,7219
2020-06-21,Peru,PER,ANCASH,59,7278
2020-06-22,Peru,PER,ANCASH,117,7395
2020-06-23,Peru,PER,ANCASH,103,7498
2020-06-24,Peru,PER,ANCASH,116,7614
2020-06-25,Peru,PER,ANCASH,94,7708
2020-06-26,Peru,PER,ANCASH,92,7800
2020-06-27,Peru,PER,ANCASH,28,7828
2020-04-01,Peru,PER,APURIMAC,1,1
2020-04-02,Peru,PER,APURIMAC,1,1
2020-04-03,Peru,PER,APURIMAC,1,1
2020-04-04,Peru,PER,APURIMAC,1,1
2020-04-05,Peru,PER,APURIMAC,1,1
2020-04-06,Peru,PER,APURIMAC,1,1
2020-04-07,Peru,PER,APURIMAC,1,1
2020-04-08,Peru,PER,APURIMAC,1,1
2020-04-09,Peru,PER,APURIMAC,3,4
2020-04-10,Peru,PER,APURIMAC,3,4
2020-04-11,Peru,PER,APURIMAC,2,6
2020-04-12,Peru,PER,APURIMAC,2,6
2020-04-13,Peru,PER,APURIMAC,7,13
2020-04-14,Peru,PER,APURIMAC,10,23
2020-04-15,Peru,PER,APURIMAC,4,27
2020-04-16,Peru,PER,APURIMAC,4,31
2020-04-17,Peru,PER,APURIMAC,6,37
2020-04-18,Peru,PER,APURIMAC,5,42
2020-04-19,Peru,PER,APURIMAC,5,42
2020-04-20,Peru,PER,APURIMAC,1,43
2020-04-21,Peru,PER,APURIMAC,8,51
2020-04-22,Peru,PER,APURIMAC,4,55
2020-04-23,Peru,PER,APURIMAC,5,60
2020-04-24,Peru,PER,APURIMAC,2,62
2020-04-25,Peru,PER,APURIMAC,19,81
2020-04-26,Peru,PER,APURIMAC,5,86
2020-04-27,Peru,PER,APURIMAC,12,98
2020-04-28,Peru,PER,APURIMAC,10,108
2020-04-29,Peru,PER,APURIMAC,13,121
2020-04-30,Peru,PER,APURIMAC,35,156
2020-05-01,Peru,PER,APURIMAC,35,156
2020-05-02,Peru,PER,APURIMAC,5,161
2020-05-03,Peru,PER,APURIMAC,5,161
2020-05-04,Peru,PER,APURIMAC,6,167
2020-05-05,Peru,PER,APURIMAC,3,170
2020-05-06,Peru,PER,APURIMAC,1,171
2020-05-07,Peru,PER,APURIMAC,1,171
2020-05-08,Peru,PER,APURIMAC,1,171
2020-05-09,Peru,PER,APURIMAC,1,172
2020-05-10,Peru,PER,APURIMAC,1,172
2020-05-11,Peru,PER,APURIMAC,3,175
2020-05-12,Peru,PER,APURIMAC,5,180
2020-05-13,Peru,PER,APURIMAC,2,182
2020-05-14,Peru,PER,APURIMAC,2,184
2020-05-15,Peru,PER,APURIMAC,3,187
2020-05-16,Peru,PER,APURIMAC,3,187
2020-05-17,Peru,PER,APURIMAC,2,189
2020-05-18,Peru,PER,APURIMAC,4,193
2020-05-19,Peru,PER,APURIMAC,3,196
2020-05-20,Peru,PER,APURIMAC,3,196
2020-05-21,Peru,PER,APURIMAC,5,201
2020-05-22,Peru,PER,APURIMAC,14,215
2020-05-23,Peru,PER,APURIMAC,9,224
2020-05-24,Peru,PER,APURIMAC,9,224
2020-05-25,Peru,PER,APURIMAC,22,246
2020-05-26,Peru,PER,APURIMAC,2,248
2020-05-27,Peru,PER,APURIMAC,8,256
2020-05-28,Peru,PER,APURIMAC,9,265
2020-05-29,Peru,PER,APURIMAC,9,274
2020-05-30,Peru,PER,APURIMAC,9,283
2020-05-31,Peru,PER,APURIMAC,3,286
2020-06-01,Peru,PER,APURIMAC,6,292
2020-06-02,Peru,PER,APURIMAC,13,305
2020-06-03,Peru,PER,APURIMAC,11,316
2020-06-04,Peru,PER,APURIMAC,18,334
2020-06-05,Peru,PER,APURIMAC,12,346
2020-06-06,Peru,PER,APURIMAC,13,359
2020-06-07,Peru,PER,APURIMAC,5,364
2020-06-08,Peru,PER,APURIMAC,10,374
2020-06-09,Peru,PER,APURIMAC,14,388
2020-06-10,Peru,PER,APURIMAC,5,393
2020-06-11,Peru,PER,APURIMAC,13,406
2020-06-12,Peru,PER,APURIMAC,13,419
2020-06-13,Peru,PER,APURIMAC,3,422
2020-06-14,Peru,PER,APURIMAC,1,423
2020-06-15,Peru,PER,APURIMAC,4,427
2020-06-16,Peru,PER,APURIMAC,1,428
2020-06-17,Peru,PER,APURIMAC,8,436
2020-06-18,Peru,PER,APURIMAC,6,442
2020-06-19,Peru,PER,APURIMAC,4,446
2020-06-20,Peru,PER,APURIMAC,26,472
2020-06-21,Peru,PER,APURIMAC,25,497
2020-06-22,Peru,PER,APURIMAC,6,503
2020-06-23,Peru,PER,APURIMAC,11,514
2020-06-24,Peru,PER,APURIMAC,5,519
2020-06-25,Peru,PER,APURIMAC,8,527
2020-06-26,Peru,PER,APURIMAC,16,543
2020-06-27,Peru,PER,APURIMAC,9,552
2020-03-07,Peru,PER,AREQUIPA,1,1
2020-03-08,Peru,PER,AREQUIPA,1,1
2020-03-09,Peru,PER,AREQUIPA,1,1
2020-03-10,Peru,PER,AREQUIPA,1,1
2020-03-11,Peru,PER,AREQUIPA,1,2
2020-03-12,Peru,PER,AREQUIPA,1,2
2020-03-13,Peru,PER,AREQUIPA,1,2
2020-03-14,Peru,PER,AREQUIPA,1,2
2020-03-15,Peru,PER,AREQUIPA,1,2
2020-03-16,Peru,PER,AREQUIPA,1,2
2020-03-17,Peru,PER,AREQUIPA,1,2
2020-03-18,Peru,PER,AREQUIPA,1,2
2020-03-19,Peru,PER,AREQUIPA,1,3
2020-03-20,Peru,PER,AREQUIPA,1,4
2020-03-21,Peru,PER,AREQUIPA,1,4
2020-03-22,Peru,PER,AREQUIPA,3,7
2020-03-23,Peru,PER,AREQUIPA,2,9
2020-03-24,Peru,PER,AREQUIPA,1,10
2020-03-25,Peru,PER,AREQUIPA,5,15
2020-03-26,Peru,PER,AREQUIPA,5,15
2020-03-27,Peru,PER,AREQUIPA,5,15
2020-03-28,Peru,PER,AREQUIPA,5,15
2020-03-29,Peru,PER,AREQUIPA,6,21
2020-03-30,Peru,PER,AREQUIPA,5,26
2020-03-31,Peru,PER,AREQUIPA,4,30
2020-04-01,Peru,PER,AREQUIPA,4,30
2020-04-02,Peru,PER,AREQUIPA,7,37
2020-04-03,Peru,PER,AREQUIPA,7,37
2020-04-04,Peru,PER,AREQUIPA,14,51
2020-04-05,Peru,PER,AREQUIPA,9,60
2020-04-06,Peru,PER,AREQUIPA,7,67
2020-04-07,Peru,PER,AREQUIPA,4,71
2020-04-08,Peru,PER,AREQUIPA,5,76
2020-04-09,Peru,PER,AREQUIPA,6,82
2020-04-10,Peru,PER,AREQUIPA,2,84
2020-04-11,Peru,PER,AREQUIPA,12,96
2020-04-12,Peru,PER,AREQUIPA,15,111
2020-04-13,Peru,PER,AREQUIPA,12,123
2020-04-14,Peru,PER,AREQUIPA,13,136
2020-04-15,Peru,PER,AREQUIPA,27,163
2020-04-16,Peru,PER,AREQUIPA,41,204
2020-04-17,Peru,PER,AREQUIPA,12,216
2020-04-18,Peru,PER,AREQUIPA,33,249
2020-04-19,Peru,PER,AREQUIPA,3,252
2020-04-20,Peru,PER,AREQUIPA,28,280
2020-04-21,Peru,PER,AREQUIPA,28,308
2020-04-22,Peru,PER,AREQUIPA,43,351
2020-04-23,Peru,PER,AREQUIPA,56,407
2020-04-24,Peru,PER,AREQUIPA,66,473
2020-04-25,Peru,PER,AREQUIPA,24,497
2020-04-26,Peru,PER,AREQUIPA,4,501
2020-04-27,Peru,PER,AREQUIPA,76,577
2020-04-28,Peru,PER,AREQUIPA,76,653
2020-04-29,Peru,PER,AREQUIPA,111,764
2020-04-30,Peru,PER,AREQUIPA,69,833
2020-05-01,Peru,PER,AREQUIPA,38,871
2020-05-02,Peru,PER,AREQUIPA,31,902
2020-05-03,Peru,PER,AREQUIPA,7,909
2020-05-04,Peru,PER,AREQUIPA,60,969
2020-05-05,Peru,PER,AREQUIPA,57,1026
2020-05-06,Peru,PER,AREQUIPA,56,1082
2020-05-07,Peru,PER,AREQUIPA,47,1129
2020-05-08,Peru,PER,AREQUIPA,39,1168
2020-05-09,Peru,PER,AREQUIPA,59,1227
2020-05-10,Peru,PER,AREQUIPA,25,1252
2020-05-11,Peru,PER,AREQUIPA,51,1303
2020-05-12,Peru,PER,AREQUIPA,104,1407
2020-05-13,Peru,PER,AREQUIPA,112,1519
2020-05-14,Peru,PER,AREQUIPA,121,1640
2020-05-15,Peru,PER,AREQUIPA,96,1736
2020-05-16,Peru,PER,AREQUIPA,85,1821
2020-05-17,Peru,PER,AREQUIPA,8,1829
2020-05-18,Peru,PER,AREQUIPA,86,1915
2020-05-19,Peru,PER,AREQUIPA,122,2037
2020-05-20,Peru,PER,AREQUIPA,156,2193
2020-05-21,Peru,PER,AREQUIPA,144,2337
2020-05-22,Peru,PER,AREQUIPA,197,2534
2020-05-23,Peru,PER,AREQUIPA,146,2680
2020-05-24,Peru,PER,AREQUIPA,35,2715
2020-05-25,Peru,PER,AREQUIPA,192,2907
2020-05-26,Peru,PER,AREQUIPA,129,3036
2020-05-27,Peru,PER,AREQUIPA,186,3222
2020-05-28,Peru,PER,AREQUIPA,186,3408
2020-05-29,Peru,PER,AREQUIPA,172,3580
2020-05-30,Peru,PER,AREQUIPA,96,3676
2020-05-31,Peru,PER,AREQUIPA,20,3696
2020-06-01,Peru,PER,AREQUIPA,61,3757
2020-06-02,Peru,PER,AREQUIPA,99,3856
2020-06-03,Peru,PER,AREQUIPA,55,3911
2020-06-04,Peru,PER,AREQUIPA,51,3962
2020-06-05,Peru,PER,AREQUIPA,118,4080
2020-06-06,Peru,PER,AREQUIPA,138,4218
2020-06-07,Peru,PER,AREQUIPA,34,4252
2020-06-08,Peru,PER,AREQUIPA,103,4355
2020-06-09,Peru,PER,AREQUIPA,126,4481
2020-06-10,Peru,PER,AREQUIPA,144,4625
2020-06-11,Peru,PER,AREQUIPA,100,4725
2020-06-12,Peru,PER,AREQUIPA,119,4844
2020-06-13,Peru,PER,AREQUIPA,171,5015
2020-06-14,Peru,PER,AREQUIPA,19,5034
2020-06-15,Peru,PER,AREQUIPA,85,5119
2020-06-16,Peru,PER,AREQUIPA,95,5214
2020-06-17,Peru,PER,AREQUIPA,171,5385
2020-06-18,Peru,PER,AREQUIPA,68,5453
2020-06-19,Peru,PER,AREQUIPA,114,5567
2020-06-20,Peru,PER,AREQUIPA,73,5640
2020-06-21,Peru,PER,AREQUIPA,118,5758
2020-06-22,Peru,PER,AREQUIPA,113,5871
2020-06-23,Peru,PER,AREQUIPA,187,6058
2020-06-24,Peru,PER,AREQUIPA,228,6286
2020-06-25,Peru,PER,AREQUIPA,146,6432
2020-06-26,Peru,PER,AREQUIPA,156,6588
2020-06-27,Peru,PER,AREQUIPA,32,6620
NA,Peru,PER,AREQUIPA,203,6823
2020-03-28,Peru,PER,AYACUCHO,1,1
2020-03-29,Peru,PER,AYACUCHO,1,1
2020-03-30,Peru,PER,AYACUCHO,1,1
2020-03-31,Peru,PER,AYACUCHO,1,1
2020-04-01,Peru,PER,AYACUCHO,1,1
2020-04-02,Peru,PER,AYACUCHO,1,1
2020-04-03,Peru,PER,AYACUCHO,1,1
2020-04-04,Peru,PER,AYACUCHO,2,3
2020-04-05,Peru,PER,AYACUCHO,2,5
2020-04-06,Peru,PER,AYACUCHO,2,5
2020-04-07,Peru,PER,AYACUCHO,2,5
2020-04-08,Peru,PER,AYACUCHO,3,8
2020-04-09,Peru,PER,AYACUCHO,2,10
2020-04-10,Peru,PER,AYACUCHO,2,12
2020-04-11,Peru,PER,AYACUCHO,2,12
2020-04-12,Peru,PER,AYACUCHO,2,12
2020-04-13,Peru,PER,AYACUCHO,5,17
2020-04-14,Peru,PER,AYACUCHO,5,22
2020-04-15,Peru,PER,AYACUCHO,4,26
2020-04-16,Peru,PER,AYACUCHO,1,27
2020-04-17,Peru,PER,AYACUCHO,4,31
2020-04-18,Peru,PER,AYACUCHO,4,31
2020-04-19,Peru,PER,AYACUCHO,3,34
2020-04-20,Peru,PER,AYACUCHO,3,37
2020-04-21,Peru,PER,AYACUCHO,1,38
2020-04-22,Peru,PER,AYACUCHO,2,40
2020-04-23,Peru,PER,AYACUCHO,2,42
2020-04-24,Peru,PER,AYACUCHO,5,47
2020-04-25,Peru,PER,AYACUCHO,7,54
2020-04-26,Peru,PER,AYACUCHO,13,67
2020-04-27,Peru,PER,AYACUCHO,18,85
2020-04-28,Peru,PER,AYACUCHO,13,98
2020-04-29,Peru,PER,AYACUCHO,32,130
2020-04-30,Peru,PER,AYACUCHO,21,151
2020-05-01,Peru,PER,AYACUCHO,26,177
2020-05-02,Peru,PER,AYACUCHO,20,197
2020-05-03,Peru,PER,AYACUCHO,5,202
2020-05-04,Peru,PER,AYACUCHO,27,229
2020-05-05,Peru,PER,AYACUCHO,18,247
2020-05-06,Peru,PER,AYACUCHO,23,270
2020-05-07,Peru,PER,AYACUCHO,15,285
2020-05-08,Peru,PER,AYACUCHO,25,310
2020-05-09,Peru,PER,AYACUCHO,11,321
2020-05-10,Peru,PER,AYACUCHO,2,323
2020-05-11,Peru,PER,AYACUCHO,15,338
2020-05-12,Peru,PER,AYACUCHO,19,357
2020-05-13,Peru,PER,AYACUCHO,20,377
2020-05-14,Peru,PER,AYACUCHO,13,390
2020-05-15,Peru,PER,AYACUCHO,50,440
2020-05-16,Peru,PER,AYACUCHO,40,480
2020-05-17,Peru,PER,AYACUCHO,9,489
2020-05-18,Peru,PER,AYACUCHO,15,504
2020-05-19,Peru,PER,AYACUCHO,17,521
2020-05-20,Peru,PER,AYACUCHO,17,538
2020-05-21,Peru,PER,AYACUCHO,22,560
2020-05-22,Peru,PER,AYACUCHO,41,601
2020-05-23,Peru,PER,AYACUCHO,36,637
2020-05-24,Peru,PER,AYACUCHO,6,643
2020-05-25,Peru,PER,AYACUCHO,26,669
2020-05-26,Peru,PER,AYACUCHO,24,693
2020-05-27,Peru,PER,AYACUCHO,53,746
2020-05-28,Peru,PER,AYACUCHO,30,776
2020-05-29,Peru,PER,AYACUCHO,17,793
2020-05-30,Peru,PER,AYACUCHO,52,845
2020-05-31,Peru,PER,AYACUCHO,4,849
2020-06-01,Peru,PER,AYACUCHO,32,881
2020-06-02,Peru,PER,AYACUCHO,27,908
2020-06-03,Peru,PER,AYACUCHO,18,926
2020-06-04,Peru,PER,AYACUCHO,40,966
2020-06-05,Peru,PER,AYACUCHO,18,984
2020-06-06,Peru,PER,AYACUCHO,29,1013
2020-06-07,Peru,PER,AYACUCHO,10,1023
2020-06-08,Peru,PER,AYACUCHO,41,1064
2020-06-09,Peru,PER,AYACUCHO,32,1096
2020-06-10,Peru,PER,AYACUCHO,20,1116
2020-06-11,Peru,PER,AYACUCHO,38,1154
2020-06-12,Peru,PER,AYACUCHO,37,1191
2020-06-13,Peru,PER,AYACUCHO,60,1251
2020-06-14,Peru,PER,AYACUCHO,8,1259
2020-06-15,Peru,PER,AYACUCHO,60,1319
2020-06-16,Peru,PER,AYACUCHO,28,1347
2020-06-17,Peru,PER,AYACUCHO,41,1388
2020-06-18,Peru,PER,AYACUCHO,42,1430
2020-06-19,Peru,PER,AYACUCHO,77,1507
2020-06-20,Peru,PER,AYACUCHO,21,1528
2020-06-21,Peru,PER,AYACUCHO,12,1540
2020-06-22,Peru,PER,AYACUCHO,34,1574
2020-06-23,Peru,PER,AYACUCHO,45,1619
2020-06-24,Peru,PER,AYACUCHO,41,1660
2020-06-25,Peru,PER,AYACUCHO,28,1688
2020-06-26,Peru,PER,AYACUCHO,30,1718
2020-06-27,Peru,PER,AYACUCHO,25,1743
2020-03-24,Peru,PER,CAJAMARCA,1,1
2020-03-25,Peru,PER,CAJAMARCA,1,1
2020-03-26,Peru,PER,CAJAMARCA,1,1
2020-03-27,Peru,PER,CAJAMARCA,1,1
2020-03-28,Peru,PER,CAJAMARCA,1,1
2020-03-29,Peru,PER,CAJAMARCA,1,1
2020-03-30,Peru,PER,CAJAMARCA,1,1
2020-03-31,Peru,PER,CAJAMARCA,1,1
2020-04-01,Peru,PER,CAJAMARCA,1,2
2020-04-02,Peru,PER,CAJAMARCA,1,3
2020-04-03,Peru,PER,CAJAMARCA,2,5
2020-04-04,Peru,PER,CAJAMARCA,2,5
2020-04-05,Peru,PER,CAJAMARCA,2,5
2020-04-06,Peru,PER,CAJAMARCA,2,5
2020-04-07,Peru,PER,CAJAMARCA,3,8
2020-04-08,Peru,PER,CAJAMARCA,3,11
2020-04-09,Peru,PER,CAJAMARCA,6,17
2020-04-10,Peru,PER,CAJAMARCA,6,17
2020-04-11,Peru,PER,CAJAMARCA,1,18
2020-04-12,Peru,PER,CAJAMARCA,1,19
2020-04-13,Peru,PER,CAJAMARCA,4,23
2020-04-14,Peru,PER,CAJAMARCA,7,30
2020-04-15,Peru,PER,CAJAMARCA,10,40
2020-04-16,Peru,PER,CAJAMARCA,5,45
2020-04-17,Peru,PER,CAJAMARCA,10,55
2020-04-18,Peru,PER,CAJAMARCA,7,62
2020-04-19,Peru,PER,CAJAMARCA,2,64
2020-04-20,Peru,PER,CAJAMARCA,11,75
2020-04-21,Peru,PER,CAJAMARCA,9,84
2020-04-22,Peru,PER,CAJAMARCA,35,119
2020-04-23,Peru,PER,CAJAMARCA,8,127
2020-04-24,Peru,PER,CAJAMARCA,22,149
2020-04-25,Peru,PER,CAJAMARCA,16,165
2020-04-26,Peru,PER,CAJAMARCA,3,168
2020-04-27,Peru,PER,CAJAMARCA,10,178
2020-04-28,Peru,PER,CAJAMARCA,14,192
2020-04-29,Peru,PER,CAJAMARCA,29,221
2020-04-30,Peru,PER,CAJAMARCA,47,268
2020-05-01,Peru,PER,CAJAMARCA,19,287
2020-05-02,Peru,PER,CAJAMARCA,29,316
2020-05-03,Peru,PER,CAJAMARCA,13,329
2020-05-04,Peru,PER,CAJAMARCA,14,343
2020-05-05,Peru,PER,CAJAMARCA,14,357
2020-05-06,Peru,PER,CAJAMARCA,10,367
2020-05-07,Peru,PER,CAJAMARCA,8,375
2020-05-08,Peru,PER,CAJAMARCA,11,386
2020-05-09,Peru,PER,CAJAMARCA,6,392
2020-05-10,Peru,PER,CAJAMARCA,2,394
2020-05-11,Peru,PER,CAJAMARCA,13,407
2020-05-12,Peru,PER,CAJAMARCA,22,429
2020-05-13,Peru,PER,CAJAMARCA,3,432
2020-05-14,Peru,PER,CAJAMARCA,12,444
2020-05-15,Peru,PER,CAJAMARCA,20,464
2020-05-16,Peru,PER,CAJAMARCA,13,477
2020-05-17,Peru,PER,CAJAMARCA,2,479
2020-05-18,Peru,PER,CAJAMARCA,19,498
2020-05-19,Peru,PER,CAJAMARCA,28,526
2020-05-20,Peru,PER,CAJAMARCA,24,550
2020-05-21,Peru,PER,CAJAMARCA,19,569
2020-05-22,Peru,PER,CAJAMARCA,29,598
2020-05-23,Peru,PER,CAJAMARCA,41,639
2020-05-24,Peru,PER,CAJAMARCA,7,646
2020-05-25,Peru,PER,CAJAMARCA,31,677
2020-05-26,Peru,PER,CAJAMARCA,31,708
2020-05-27,Peru,PER,CAJAMARCA,19,727
2020-05-28,Peru,PER,CAJAMARCA,32,759
2020-05-29,Peru,PER,CAJAMARCA,20,779
2020-05-30,Peru,PER,CAJAMARCA,15,794
2020-05-31,Peru,PER,CAJAMARCA,5,799
2020-06-01,Peru,PER,CAJAMARCA,31,830
2020-06-02,Peru,PER,CAJAMARCA,23,853
2020-06-03,Peru,PER,CAJAMARCA,30,883
2020-06-04,Peru,PER,CAJAMARCA,21,904
2020-06-05,Peru,PER,CAJAMARCA,52,956
2020-06-06,Peru,PER,CAJAMARCA,43,999
2020-06-07,Peru,PER,CAJAMARCA,13,1012
2020-06-08,Peru,PER,CAJAMARCA,43,1055
2020-06-09,Peru,PER,CAJAMARCA,44,1099
2020-06-10,Peru,PER,CAJAMARCA,47,1146
2020-06-11,Peru,PER,CAJAMARCA,50,1196
2020-06-12,Peru,PER,CAJAMARCA,64,1260
2020-06-13,Peru,PER,CAJAMARCA,52,1312
2020-06-14,Peru,PER,CAJAMARCA,23,1335
2020-06-15,Peru,PER,CAJAMARCA,40,1375
2020-06-16,Peru,PER,CAJAMARCA,14,1389
2020-06-17,Peru,PER,CAJAMARCA,57,1446
2020-06-18,Peru,PER,CAJAMARCA,49,1495
2020-06-19,Peru,PER,CAJAMARCA,48,1543
2020-06-20,Peru,PER,CAJAMARCA,51,1594
2020-06-21,Peru,PER,CAJAMARCA,15,1609
2020-06-22,Peru,PER,CAJAMARCA,73,1682
2020-06-23,Peru,PER,CAJAMARCA,59,1741
2020-06-24,Peru,PER,CAJAMARCA,80,1821
2020-06-25,Peru,PER,CAJAMARCA,74,1895
2020-06-26,Peru,PER,CAJAMARCA,68,1963
2020-06-27,Peru,PER,CAJAMARCA,17,1980
NA,Peru,PER,CAJAMARCA,3,1983
2020-03-14,Peru,PER,CALLAO,1,1
2020-03-15,Peru,PER,CALLAO,2,3
2020-03-16,Peru,PER,CALLAO,1,4
2020-03-17,Peru,PER,CALLAO,1,5
2020-03-18,Peru,PER,CALLAO,1,5
2020-03-19,Peru,PER,CALLAO,1,5
2020-03-20,Peru,PER,CALLAO,1,6
2020-03-21,Peru,PER,CALLAO,1,6
2020-03-22,Peru,PER,CALLAO,1,7
2020-03-23,Peru,PER,CALLAO,1,8
2020-03-24,Peru,PER,CALLAO,2,10
2020-03-25,Peru,PER,CALLAO,5,15
2020-03-26,Peru,PER,CALLAO,2,17
2020-03-27,Peru,PER,CALLAO,1,18
2020-03-28,Peru,PER,CALLAO,5,23
2020-03-29,Peru,PER,CALLAO,10,33
2020-03-30,Peru,PER,CALLAO,1,34
2020-03-31,Peru,PER,CALLAO,12,46
2020-04-01,Peru,PER,CALLAO,22,68
2020-04-02,Peru,PER,CALLAO,6,74
2020-04-03,Peru,PER,CALLAO,14,88
2020-04-04,Peru,PER,CALLAO,174,262
2020-04-05,Peru,PER,CALLAO,48,310
2020-04-06,Peru,PER,CALLAO,66,376
2020-04-07,Peru,PER,CALLAO,51,427
2020-04-08,Peru,PER,CALLAO,127,554
2020-04-09,Peru,PER,CALLAO,48,602
2020-04-10,Peru,PER,CALLAO,88,690
2020-04-11,Peru,PER,CALLAO,306,996
2020-04-12,Peru,PER,CALLAO,38,1034
2020-04-13,Peru,PER,CALLAO,311,1345
2020-04-14,Peru,PER,CALLAO,83,1428
2020-04-15,Peru,PER,CALLAO,99,1527
2020-04-16,Peru,PER,CALLAO,100,1627
2020-04-17,Peru,PER,CALLAO,116,1743
2020-04-18,Peru,PER,CALLAO,107,1850
2020-04-19,Peru,PER,CALLAO,78,1928
2020-04-20,Peru,PER,CALLAO,374,2302
2020-04-21,Peru,PER,CALLAO,432,2734
2020-04-22,Peru,PER,CALLAO,123,2857
2020-04-23,Peru,PER,CALLAO,159,3016
2020-04-24,Peru,PER,CALLAO,124,3140
2020-04-25,Peru,PER,CALLAO,171,3311
2020-04-26,Peru,PER,CALLAO,67,3378
2020-04-27,Peru,PER,CALLAO,230,3608
2020-04-28,Peru,PER,CALLAO,200,3808
2020-04-29,Peru,PER,CALLAO,189,3997
2020-04-30,Peru,PER,CALLAO,255,4252
2020-05-01,Peru,PER,CALLAO,115,4367
2020-05-02,Peru,PER,CALLAO,214,4581
2020-05-03,Peru,PER,CALLAO,95,4676
2020-05-04,Peru,PER,CALLAO,201,4877
2020-05-05,Peru,PER,CALLAO,270,5147
2020-05-06,Peru,PER,CALLAO,253,5400
2020-05-07,Peru,PER,CALLAO,329,5729
2020-05-08,Peru,PER,CALLAO,224,5953
2020-05-09,Peru,PER,CALLAO,185,6138
2020-05-10,Peru,PER,CALLAO,42,6180
2020-05-11,Peru,PER,CALLAO,212,6392
2020-05-12,Peru,PER,CALLAO,316,6708
2020-05-13,Peru,PER,CALLAO,351,7059
2020-05-14,Peru,PER,CALLAO,325,7384
2020-05-15,Peru,PER,CALLAO,310,7694
2020-05-16,Peru,PER,CALLAO,215,7909
2020-05-17,Peru,PER,CALLAO,108,8017
2020-05-18,Peru,PER,CALLAO,238,8255
2020-05-19,Peru,PER,CALLAO,382,8637
2020-05-20,Peru,PER,CALLAO,349,8986
2020-05-21,Peru,PER,CALLAO,382,9368
2020-05-22,Peru,PER,CALLAO,428,9796
2020-05-23,Peru,PER,CALLAO,346,10142
2020-05-24,Peru,PER,CALLAO,72,10214
2020-05-25,Peru,PER,CALLAO,409,10623
2020-05-26,Peru,PER,CALLAO,496,11119
2020-05-27,Peru,PER,CALLAO,511,11630
2020-05-28,Peru,PER,CALLAO,510,12140
2020-05-29,Peru,PER,CALLAO,358,12498
2020-05-30,Peru,PER,CALLAO,250,12748
2020-05-31,Peru,PER,CALLAO,142,12890
2020-06-01,Peru,PER,CALLAO,188,13078
2020-06-02,Peru,PER,CALLAO,187,13265
2020-06-03,Peru,PER,CALLAO,154,13419
2020-06-04,Peru,PER,CALLAO,213,13632
2020-06-05,Peru,PER,CALLAO,239,13871
2020-06-06,Peru,PER,CALLAO,266,14137
2020-06-07,Peru,PER,CALLAO,98,14235
2020-06-08,Peru,PER,CALLAO,277,14512
2020-06-09,Peru,PER,CALLAO,213,14725
2020-06-10,Peru,PER,CALLAO,418,15143
2020-06-11,Peru,PER,CALLAO,318,15461
2020-06-12,Peru,PER,CALLAO,289,15750
2020-06-13,Peru,PER,CALLAO,200,15950
2020-06-14,Peru,PER,CALLAO,150,16100
2020-06-15,Peru,PER,CALLAO,129,16229
2020-06-16,Peru,PER,CALLAO,94,16323
2020-06-17,Peru,PER,CALLAO,229,16552
2020-06-18,Peru,PER,CALLAO,243,16795
2020-06-19,Peru,PER,CALLAO,180,16975
2020-06-20,Peru,PER,CALLAO,136,17111
2020-06-21,Peru,PER,CALLAO,83,17194
2020-06-22,Peru,PER,CALLAO,124,17318
2020-06-23,Peru,PER,CALLAO,87,17405
2020-06-24,Peru,PER,CALLAO,68,17473
2020-06-25,Peru,PER,CALLAO,164,17637
2020-06-26,Peru,PER,CALLAO,153,17790
2020-06-27,Peru,PER,CALLAO,63,17853
NA,Peru,PER,CALLAO,18,17871
2020-03-13,Peru,PER,CUSCO,1,1
2020-03-14,Peru,PER,CUSCO,1,1
2020-03-15,Peru,PER,CUSCO,1,1
2020-03-16,Peru,PER,CUSCO,1,1
2020-03-17,Peru,PER,CUSCO,1,1
2020-03-18,Peru,PER,CUSCO,3,4
2020-03-19,Peru,PER,CUSCO,3,4
2020-03-20,Peru,PER,CUSCO,3,4
2020-03-21,Peru,PER,CUSCO,3,4
2020-03-22,Peru,PER,CUSCO,2,6
2020-03-23,Peru,PER,CUSCO,2,6
2020-03-24,Peru,PER,CUSCO,4,10
2020-03-25,Peru,PER,CUSCO,4,10
2020-03-26,Peru,PER,CUSCO,4,10
2020-03-27,Peru,PER,CUSCO,1,11
2020-03-28,Peru,PER,CUSCO,6,17
2020-03-29,Peru,PER,CUSCO,8,25
2020-03-30,Peru,PER,CUSCO,1,26
2020-03-31,Peru,PER,CUSCO,8,34
2020-04-01,Peru,PER,CUSCO,4,38
2020-04-02,Peru,PER,CUSCO,7,45
2020-04-03,Peru,PER,CUSCO,4,49
2020-04-04,Peru,PER,CUSCO,11,60
2020-04-05,Peru,PER,CUSCO,2,62
2020-04-06,Peru,PER,CUSCO,1,63
2020-04-07,Peru,PER,CUSCO,1,63
2020-04-08,Peru,PER,CUSCO,3,66
2020-04-09,Peru,PER,CUSCO,2,68
2020-04-10,Peru,PER,CUSCO,3,71
2020-04-11,Peru,PER,CUSCO,43,114
2020-04-12,Peru,PER,CUSCO,43,114
2020-04-13,Peru,PER,CUSCO,1,115
2020-04-14,Peru,PER,CUSCO,3,118
2020-04-15,Peru,PER,CUSCO,1,119
2020-04-16,Peru,PER,CUSCO,9,128
2020-04-17,Peru,PER,CUSCO,12,140
2020-04-18,Peru,PER,CUSCO,15,155
2020-04-19,Peru,PER,CUSCO,15,155
2020-04-20,Peru,PER,CUSCO,15,170
2020-04-21,Peru,PER,CUSCO,7,177
2020-04-22,Peru,PER,CUSCO,19,196
2020-04-23,Peru,PER,CUSCO,14,210
2020-04-24,Peru,PER,CUSCO,3,213
2020-04-25,Peru,PER,CUSCO,11,224
2020-04-26,Peru,PER,CUSCO,1,225
2020-04-27,Peru,PER,CUSCO,14,239
2020-04-28,Peru,PER,CUSCO,23,262
2020-04-29,Peru,PER,CUSCO,22,284
2020-04-30,Peru,PER,CUSCO,34,318
2020-05-01,Peru,PER,CUSCO,6,324
2020-05-02,Peru,PER,CUSCO,13,337
2020-05-03,Peru,PER,CUSCO,2,339
2020-05-04,Peru,PER,CUSCO,8,347
2020-05-05,Peru,PER,CUSCO,26,373
2020-05-06,Peru,PER,CUSCO,50,423
2020-05-07,Peru,PER,CUSCO,48,471
2020-05-08,Peru,PER,CUSCO,49,520
2020-05-09,Peru,PER,CUSCO,11,531
2020-05-10,Peru,PER,CUSCO,2,533
2020-05-11,Peru,PER,CUSCO,56,589
2020-05-12,Peru,PER,CUSCO,33,622
2020-05-13,Peru,PER,CUSCO,47,669
2020-05-14,Peru,PER,CUSCO,31,700
2020-05-15,Peru,PER,CUSCO,6,706
2020-05-16,Peru,PER,CUSCO,10,716
2020-05-17,Peru,PER,CUSCO,10,716
2020-05-18,Peru,PER,CUSCO,7,723
2020-05-19,Peru,PER,CUSCO,40,763
2020-05-20,Peru,PER,CUSCO,31,794
2020-05-21,Peru,PER,CUSCO,41,835
2020-05-22,Peru,PER,CUSCO,44,879
2020-05-23,Peru,PER,CUSCO,32,911
2020-05-24,Peru,PER,CUSCO,6,917
2020-05-25,Peru,PER,CUSCO,51,968
2020-05-26,Peru,PER,CUSCO,30,998
2020-05-27,Peru,PER,CUSCO,37,1035
2020-05-28,Peru,PER,CUSCO,46,1081
2020-05-29,Peru,PER,CUSCO,57,1138
2020-05-30,Peru,PER,CUSCO,19,1157
2020-05-31,Peru,PER,CUSCO,1,1158
2020-06-01,Peru,PER,CUSCO,25,1183
2020-06-02,Peru,PER,CUSCO,23,1206
2020-06-03,Peru,PER,CUSCO,14,1220
2020-06-04,Peru,PER,CUSCO,30,1250
2020-06-05,Peru,PER,CUSCO,18,1268
2020-06-06,Peru,PER,CUSCO,40,1308
2020-06-07,Peru,PER,CUSCO,20,1328
2020-06-08,Peru,PER,CUSCO,17,1345
2020-06-09,Peru,PER,CUSCO,37,1382
2020-06-10,Peru,PER,CUSCO,35,1417
2020-06-11,Peru,PER,CUSCO,19,1436
2020-06-12,Peru,PER,CUSCO,48,1484
2020-06-13,Peru,PER,CUSCO,18,1502
2020-06-14,Peru,PER,CUSCO,9,1511
2020-06-15,Peru,PER,CUSCO,15,1526
2020-06-16,Peru,PER,CUSCO,13,1539
2020-06-17,Peru,PER,CUSCO,22,1561
2020-06-18,Peru,PER,CUSCO,13,1574
2020-06-19,Peru,PER,CUSCO,21,1595
2020-06-20,Peru,PER,CUSCO,35,1630
2020-06-21,Peru,PER,CUSCO,1,1631
2020-06-22,Peru,PER,CUSCO,16,1647
2020-06-23,Peru,PER,CUSCO,29,1676
2020-06-24,Peru,PER,CUSCO,14,1690
2020-06-25,Peru,PER,CUSCO,18,1708
2020-06-26,Peru,PER,CUSCO,41,1749
2020-06-27,Peru,PER,CUSCO,11,1760
2020-03-31,Peru,PER,HUANCAVELICA,1,1
2020-04-01,Peru,PER,HUANCAVELICA,1,1
2020-04-02,Peru,PER,HUANCAVELICA,1,1
2020-04-03,Peru,PER,HUANCAVELICA,1,2
2020-04-04,Peru,PER,HUANCAVELICA,1,2
2020-04-05,Peru,PER,HUANCAVELICA,1,3
2020-04-06,Peru,PER,HUANCAVELICA,5,8
2020-04-07,Peru,PER,HUANCAVELICA,1,9
2020-04-08,Peru,PER,HUANCAVELICA,1,9
2020-04-09,Peru,PER,HUANCAVELICA,1,9
2020-04-10,Peru,PER,HUANCAVELICA,1,9
2020-04-11,Peru,PER,HUANCAVELICA,2,11
2020-04-12,Peru,PER,HUANCAVELICA,2,13
2020-04-13,Peru,PER,HUANCAVELICA,1,14
2020-04-14,Peru,PER,HUANCAVELICA,1,15
2020-04-15,Peru,PER,HUANCAVELICA,4,19
2020-04-16,Peru,PER,HUANCAVELICA,6,25
2020-04-17,Peru,PER,HUANCAVELICA,1,26
2020-04-18,Peru,PER,HUANCAVELICA,1,26
2020-04-19,Peru,PER,HUANCAVELICA,2,28
2020-04-20,Peru,PER,HUANCAVELICA,3,31
2020-04-21,Peru,PER,HUANCAVELICA,1,32
2020-04-22,Peru,PER,HUANCAVELICA,4,36
2020-04-23,Peru,PER,HUANCAVELICA,3,39
2020-04-24,Peru,PER,HUANCAVELICA,3,42
2020-04-25,Peru,PER,HUANCAVELICA,14,56
2020-04-26,Peru,PER,HUANCAVELICA,11,67
2020-04-27,Peru,PER,HUANCAVELICA,18,85
2020-04-28,Peru,PER,HUANCAVELICA,13,98
2020-04-29,Peru,PER,HUANCAVELICA,20,118
2020-04-30,Peru,PER,HUANCAVELICA,17,135
2020-05-01,Peru,PER,HUANCAVELICA,68,203
2020-05-02,Peru,PER,HUANCAVELICA,61,264
2020-05-03,Peru,PER,HUANCAVELICA,25,289
2020-05-04,Peru,PER,HUANCAVELICA,12,301
2020-05-05,Peru,PER,HUANCAVELICA,36,337
2020-05-06,Peru,PER,HUANCAVELICA,3,340
2020-05-07,Peru,PER,HUANCAVELICA,5,345
2020-05-08,Peru,PER,HUANCAVELICA,13,358
2020-05-09,Peru,PER,HUANCAVELICA,5,363
2020-05-10,Peru,PER,HUANCAVELICA,1,364
2020-05-11,Peru,PER,HUANCAVELICA,1,365
2020-05-12,Peru,PER,HUANCAVELICA,1,366
2020-05-13,Peru,PER,HUANCAVELICA,5,371
2020-05-14,Peru,PER,HUANCAVELICA,12,383
2020-05-15,Peru,PER,HUANCAVELICA,6,389
2020-05-16,Peru,PER,HUANCAVELICA,5,394
2020-05-17,Peru,PER,HUANCAVELICA,9,403
2020-05-18,Peru,PER,HUANCAVELICA,6,409
2020-05-19,Peru,PER,HUANCAVELICA,16,425
2020-05-20,Peru,PER,HUANCAVELICA,10,435
2020-05-21,Peru,PER,HUANCAVELICA,17,452
2020-05-22,Peru,PER,HUANCAVELICA,24,476
2020-05-23,Peru,PER,HUANCAVELICA,6,482
2020-05-24,Peru,PER,HUANCAVELICA,7,489
2020-05-25,Peru,PER,HUANCAVELICA,12,501
2020-05-26,Peru,PER,HUANCAVELICA,9,510
2020-05-27,Peru,PER,HUANCAVELICA,14,524
2020-05-28,Peru,PER,HUANCAVELICA,10,534
2020-05-29,Peru,PER,HUANCAVELICA,11,545
2020-05-30,Peru,PER,HUANCAVELICA,11,556
2020-05-31,Peru,PER,HUANCAVELICA,3,559
2020-06-01,Peru,PER,HUANCAVELICA,13,572
2020-06-02,Peru,PER,HUANCAVELICA,5,577
2020-06-03,Peru,PER,HUANCAVELICA,29,606
2020-06-04,Peru,PER,HUANCAVELICA,14,620
2020-06-05,Peru,PER,HUANCAVELICA,7,627
2020-06-06,Peru,PER,HUANCAVELICA,11,638
2020-06-07,Peru,PER,HUANCAVELICA,13,651
2020-06-08,Peru,PER,HUANCAVELICA,13,664
2020-06-09,Peru,PER,HUANCAVELICA,16,680
2020-06-10,Peru,PER,HUANCAVELICA,17,697
2020-06-11,Peru,PER,HUANCAVELICA,17,714
2020-06-12,Peru,PER,HUANCAVELICA,13,727
2020-06-13,Peru,PER,HUANCAVELICA,12,739
2020-06-14,Peru,PER,HUANCAVELICA,6,745
2020-06-15,Peru,PER,HUANCAVELICA,14,759
2020-06-16,Peru,PER,HUANCAVELICA,3,762
2020-06-17,Peru,PER,HUANCAVELICA,4,766
2020-06-18,Peru,PER,HUANCAVELICA,3,769
2020-06-19,Peru,PER,HUANCAVELICA,7,776
2020-06-20,Peru,PER,HUANCAVELICA,11,787
2020-06-21,Peru,PER,HUANCAVELICA,4,791
2020-06-22,Peru,PER,HUANCAVELICA,6,797
2020-06-23,Peru,PER,HUANCAVELICA,13,810
2020-06-24,Peru,PER,HUANCAVELICA,19,829
2020-06-25,Peru,PER,HUANCAVELICA,11,840
2020-06-26,Peru,PER,HUANCAVELICA,3,843
2020-06-27,Peru,PER,HUANCAVELICA,8,851
NA,Peru,PER,HUANCAVELICA,30,881
2020-03-09,Peru,PER,HUANUCO,2,2
2020-03-10,Peru,PER,HUANUCO,2,2
2020-03-11,Peru,PER,HUANUCO,2,2
2020-03-12,Peru,PER,HUANUCO,2,2
2020-03-13,Peru,PER,HUANUCO,2,2
2020-03-14,Peru,PER,HUANUCO,2,2
2020-03-15,Peru,PER,HUANUCO,2,2
2020-03-16,Peru,PER,HUANUCO,2,2
2020-03-17,Peru,PER,HUANUCO,2,2
2020-03-18,Peru,PER,HUANUCO,2,2
2020-03-19,Peru,PER,HUANUCO,2,2
2020-03-20,Peru,PER,HUANUCO,2,2
2020-03-21,Peru,PER,HUANUCO,2,2
2020-03-22,Peru,PER,HUANUCO,2,2
2020-03-23,Peru,PER,HUANUCO,2,2
2020-03-24,Peru,PER,HUANUCO,2,2
2020-03-25,Peru,PER,HUANUCO,2,2
2020-03-26,Peru,PER,HUANUCO,2,4
2020-03-27,Peru,PER,HUANUCO,2,4
2020-03-28,Peru,PER,HUANUCO,2,4
2020-03-29,Peru,PER,HUANUCO,2,4
2020-03-30,Peru,PER,HUANUCO,2,6
2020-03-31,Peru,PER,HUANUCO,2,6
2020-04-01,Peru,PER,HUANUCO,2,6
2020-04-02,Peru,PER,HUANUCO,2,6
2020-04-03,Peru,PER,HUANUCO,2,6
2020-04-04,Peru,PER,HUANUCO,2,6
2020-04-05,Peru,PER,HUANUCO,1,7
2020-04-06,Peru,PER,HUANUCO,3,10
2020-04-07,Peru,PER,HUANUCO,2,12
2020-04-08,Peru,PER,HUANUCO,5,17
2020-04-09,Peru,PER,HUANUCO,7,24
2020-04-10,Peru,PER,HUANUCO,3,27
2020-04-11,Peru,PER,HUANUCO,7,34
2020-04-12,Peru,PER,HUANUCO,4,38
2020-04-13,Peru,PER,HUANUCO,5,43
2020-04-14,Peru,PER,HUANUCO,10,53
2020-04-15,Peru,PER,HUANUCO,14,67
2020-04-16,Peru,PER,HUANUCO,11,78
2020-04-17,Peru,PER,HUANUCO,38,116
2020-04-18,Peru,PER,HUANUCO,20,136
2020-04-19,Peru,PER,HUANUCO,4,140
2020-04-20,Peru,PER,HUANUCO,7,147
2020-04-21,Peru,PER,HUANUCO,10,157
2020-04-22,Peru,PER,HUANUCO,5,162
2020-04-23,Peru,PER,HUANUCO,9,171
2020-04-24,Peru,PER,HUANUCO,9,180
2020-04-25,Peru,PER,HUANUCO,48,228
2020-04-26,Peru,PER,HUANUCO,6,234
2020-04-27,Peru,PER,HUANUCO,20,254
2020-04-28,Peru,PER,HUANUCO,15,269
2020-04-29,Peru,PER,HUANUCO,13,282
2020-04-30,Peru,PER,HUANUCO,19,301
2020-05-01,Peru,PER,HUANUCO,8,309
2020-05-02,Peru,PER,HUANUCO,3,312
2020-05-03,Peru,PER,HUANUCO,4,316
2020-05-04,Peru,PER,HUANUCO,16,332
2020-05-05,Peru,PER,HUANUCO,10,342
2020-05-06,Peru,PER,HUANUCO,11,353
2020-05-07,Peru,PER,HUANUCO,12,365
2020-05-08,Peru,PER,HUANUCO,5,370
2020-05-09,Peru,PER,HUANUCO,13,383
2020-05-10,Peru,PER,HUANUCO,2,385
2020-05-11,Peru,PER,HUANUCO,16,401
2020-05-12,Peru,PER,HUANUCO,13,414
2020-05-13,Peru,PER,HUANUCO,62,476
2020-05-14,Peru,PER,HUANUCO,26,502
2020-05-15,Peru,PER,HUANUCO,23,525
2020-05-16,Peru,PER,HUANUCO,8,533
2020-05-17,Peru,PER,HUANUCO,5,538
2020-05-18,Peru,PER,HUANUCO,17,555
2020-05-19,Peru,PER,HUANUCO,20,575
2020-05-20,Peru,PER,HUANUCO,17,592
2020-05-21,Peru,PER,HUANUCO,10,602
2020-05-22,Peru,PER,HUANUCO,36,638
2020-05-23,Peru,PER,HUANUCO,22,660
2020-05-24,Peru,PER,HUANUCO,7,667
2020-05-25,Peru,PER,HUANUCO,30,697
2020-05-26,Peru,PER,HUANUCO,21,718
2020-05-27,Peru,PER,HUANUCO,32,750
2020-05-28,Peru,PER,HUANUCO,24,774
2020-05-29,Peru,PER,HUANUCO,33,807
2020-05-30,Peru,PER,HUANUCO,10,817
2020-05-31,Peru,PER,HUANUCO,9,826
2020-06-01,Peru,PER,HUANUCO,19,845
2020-06-02,Peru,PER,HUANUCO,28,873
2020-06-03,Peru,PER,HUANUCO,38,911
2020-06-04,Peru,PER,HUANUCO,80,991
2020-06-05,Peru,PER,HUANUCO,43,1034
2020-06-06,Peru,PER,HUANUCO,15,1049
2020-06-07,Peru,PER,HUANUCO,14,1063
2020-06-08,Peru,PER,HUANUCO,43,1106
2020-06-09,Peru,PER,HUANUCO,35,1141
2020-06-10,Peru,PER,HUANUCO,36,1177
2020-06-11,Peru,PER,HUANUCO,91,1268
2020-06-12,Peru,PER,HUANUCO,52,1320
2020-06-13,Peru,PER,HUANUCO,49,1369
2020-06-14,Peru,PER,HUANUCO,23,1392
2020-06-15,Peru,PER,HUANUCO,63,1455
2020-06-16,Peru,PER,HUANUCO,37,1492
2020-06-17,Peru,PER,HUANUCO,43,1535
2020-06-18,Peru,PER,HUANUCO,68,1603
2020-06-19,Peru,PER,HUANUCO,61,1664
2020-06-20,Peru,PER,HUANUCO,38,1702
2020-06-21,Peru,PER,HUANUCO,24,1726
2020-06-22,Peru,PER,HUANUCO,34,1760
2020-06-23,Peru,PER,HUANUCO,46,1806
2020-06-24,Peru,PER,HUANUCO,74,1880
2020-06-25,Peru,PER,HUANUCO,54,1934
2020-06-26,Peru,PER,HUANUCO,42,1976
2020-06-27,Peru,PER,HUANUCO,54,2030
NA,Peru,PER,HUANUCO,185,2215
2020-03-11,Peru,PER,ICA,1,1
2020-03-12,Peru,PER,ICA,1,1
2020-03-13,Peru,PER,ICA,1,1
2020-03-14,Peru,PER,ICA,1,1
2020-03-15,Peru,PER,ICA,1,1
2020-03-16,Peru,PER,ICA,1,1
2020-03-17,Peru,PER,ICA,1,1
2020-03-18,Peru,PER,ICA,1,1
2020-03-19,Peru,PER,ICA,1,1
2020-03-20,Peru,PER,ICA,1,1
2020-03-21,Peru,PER,ICA,1,1
2020-03-22,Peru,PER,ICA,1,2
2020-03-23,Peru,PER,ICA,1,2
2020-03-24,Peru,PER,ICA,1,2
2020-03-25,Peru,PER,ICA,1,3
2020-03-26,Peru,PER,ICA,1,3
2020-03-27,Peru,PER,ICA,1,4
2020-03-28,Peru,PER,ICA,1,4
2020-03-29,Peru,PER,ICA,1,5
2020-03-30,Peru,PER,ICA,1,5
2020-03-31,Peru,PER,ICA,3,8
2020-04-01,Peru,PER,ICA,3,8
2020-04-02,Peru,PER,ICA,3,8
2020-04-03,Peru,PER,ICA,4,12
2020-04-04,Peru,PER,ICA,5,17
2020-04-05,Peru,PER,ICA,4,21
2020-04-06,Peru,PER,ICA,7,28
2020-04-07,Peru,PER,ICA,9,37
2020-04-08,Peru,PER,ICA,9,46
2020-04-09,Peru,PER,ICA,5,51
2020-04-10,Peru,PER,ICA,15,66
2020-04-11,Peru,PER,ICA,19,85
2020-04-12,Peru,PER,ICA,3,88
2020-04-13,Peru,PER,ICA,27,115
2020-04-14,Peru,PER,ICA,6,121
2020-04-15,Peru,PER,ICA,13,134
2020-04-16,Peru,PER,ICA,23,157
2020-04-17,Peru,PER,ICA,22,179
2020-04-18,Peru,PER,ICA,19,198
2020-04-19,Peru,PER,ICA,4,202
2020-04-20,Peru,PER,ICA,28,230
2020-04-21,Peru,PER,ICA,22,252
2020-04-22,Peru,PER,ICA,32,284
2020-04-23,Peru,PER,ICA,34,318
2020-04-24,Peru,PER,ICA,16,334
2020-04-25,Peru,PER,ICA,27,361
2020-04-26,Peru,PER,ICA,10,371
2020-04-27,Peru,PER,ICA,51,422
2020-04-28,Peru,PER,ICA,90,512
2020-04-29,Peru,PER,ICA,131,643
2020-04-30,Peru,PER,ICA,41,684
2020-05-01,Peru,PER,ICA,35,719
2020-05-02,Peru,PER,ICA,48,767
2020-05-03,Peru,PER,ICA,28,795
2020-05-04,Peru,PER,ICA,62,857
2020-05-05,Peru,PER,ICA,37,894
2020-05-06,Peru,PER,ICA,60,954
2020-05-07,Peru,PER,ICA,76,1030
2020-05-08,Peru,PER,ICA,97,1127
2020-05-09,Peru,PER,ICA,37,1164
2020-05-10,Peru,PER,ICA,12,1176
2020-05-11,Peru,PER,ICA,42,1218
2020-05-12,Peru,PER,ICA,94,1312
2020-05-13,Peru,PER,ICA,73,1385
2020-05-14,Peru,PER,ICA,84,1469
2020-05-15,Peru,PER,ICA,102,1571
2020-05-16,Peru,PER,ICA,118,1689
2020-05-17,Peru,PER,ICA,34,1723
2020-05-18,Peru,PER,ICA,182,1905
2020-05-19,Peru,PER,ICA,88,1993
2020-05-20,Peru,PER,ICA,99,2092
2020-05-21,Peru,PER,ICA,172,2264
2020-05-22,Peru,PER,ICA,94,2358
2020-05-23,Peru,PER,ICA,78,2436
2020-05-24,Peru,PER,ICA,20,2456
2020-05-25,Peru,PER,ICA,247,2703
2020-05-26,Peru,PER,ICA,168,2871
2020-05-27,Peru,PER,ICA,210,3081
2020-05-28,Peru,PER,ICA,132,3213
2020-05-29,Peru,PER,ICA,296,3509
2020-05-30,Peru,PER,ICA,108,3617
2020-05-31,Peru,PER,ICA,28,3645
2020-06-01,Peru,PER,ICA,178,3823
2020-06-02,Peru,PER,ICA,194,4017
2020-06-03,Peru,PER,ICA,120,4137
2020-06-04,Peru,PER,ICA,101,4238
2020-06-05,Peru,PER,ICA,107,4345
2020-06-06,Peru,PER,ICA,150,4495
2020-06-07,Peru,PER,ICA,78,4573
2020-06-08,Peru,PER,ICA,159,4732
2020-06-09,Peru,PER,ICA,152,4884
2020-06-10,Peru,PER,ICA,190,5074
2020-06-11,Peru,PER,ICA,169,5243
2020-06-12,Peru,PER,ICA,177,5420
2020-06-13,Peru,PER,ICA,153,5573
2020-06-14,Peru,PER,ICA,24,5597
2020-06-15,Peru,PER,ICA,116,5713
2020-06-16,Peru,PER,ICA,86,5799
2020-06-17,Peru,PER,ICA,175,5974
2020-06-18,Peru,PER,ICA,79,6053
2020-06-19,Peru,PER,ICA,96,6149
2020-06-20,Peru,PER,ICA,123,6272
2020-06-21,Peru,PER,ICA,44,6316
2020-06-22,Peru,PER,ICA,192,6508
2020-06-23,Peru,PER,ICA,163,6671
2020-06-24,Peru,PER,ICA,130,6801
2020-06-25,Peru,PER,ICA,106,6907
2020-06-26,Peru,PER,ICA,164,7071
2020-06-27,Peru,PER,ICA,39,7110
NA,Peru,PER,ICA,11,7121
2020-03-19,Peru,PER,JUNIN,2,2
2020-03-20,Peru,PER,JUNIN,7,9
2020-03-21,Peru,PER,JUNIN,7,9
2020-03-22,Peru,PER,JUNIN,7,9
2020-03-23,Peru,PER,JUNIN,7,9
2020-03-24,Peru,PER,JUNIN,1,10
2020-03-25,Peru,PER,JUNIN,1,10
2020-03-26,Peru,PER,JUNIN,1,11
2020-03-27,Peru,PER,JUNIN,1,11
2020-03-28,Peru,PER,JUNIN,1,12
2020-03-29,Peru,PER,JUNIN,1,12
2020-03-30,Peru,PER,JUNIN,4,16
2020-03-31,Peru,PER,JUNIN,4,16
2020-04-01,Peru,PER,JUNIN,2,18
2020-04-02,Peru,PER,JUNIN,2,18
2020-04-03,Peru,PER,JUNIN,8,26
2020-04-04,Peru,PER,JUNIN,8,26
2020-04-05,Peru,PER,JUNIN,4,30
2020-04-06,Peru,PER,JUNIN,4,30
2020-04-07,Peru,PER,JUNIN,13,43
2020-04-08,Peru,PER,JUNIN,2,45
2020-04-09,Peru,PER,JUNIN,14,59
2020-04-10,Peru,PER,JUNIN,2,61
2020-04-11,Peru,PER,JUNIN,8,69
2020-04-12,Peru,PER,JUNIN,4,73
2020-04-13,Peru,PER,JUNIN,9,82
2020-04-14,Peru,PER,JUNIN,33,115
2020-04-15,Peru,PER,JUNIN,12,127
2020-04-16,Peru,PER,JUNIN,28,155
2020-04-17,Peru,PER,JUNIN,20,175
2020-04-18,Peru,PER,JUNIN,14,189
2020-04-19,Peru,PER,JUNIN,5,194
2020-04-20,Peru,PER,JUNIN,19,213
2020-04-21,Peru,PER,JUNIN,28,241
2020-04-22,Peru,PER,JUNIN,20,261
2020-04-23,Peru,PER,JUNIN,22,283
2020-04-24,Peru,PER,JUNIN,11,294
2020-04-25,Peru,PER,JUNIN,15,309
2020-04-26,Peru,PER,JUNIN,12,321
2020-04-27,Peru,PER,JUNIN,33,354
2020-04-28,Peru,PER,JUNIN,43,397
2020-04-29,Peru,PER,JUNIN,45,442
2020-04-30,Peru,PER,JUNIN,66,508
2020-05-01,Peru,PER,JUNIN,26,534
2020-05-02,Peru,PER,JUNIN,55,589
2020-05-03,Peru,PER,JUNIN,48,637
2020-05-04,Peru,PER,JUNIN,49,686
2020-05-05,Peru,PER,JUNIN,69,755
2020-05-06,Peru,PER,JUNIN,57,812
2020-05-07,Peru,PER,JUNIN,63,875
2020-05-08,Peru,PER,JUNIN,41,916
2020-05-09,Peru,PER,JUNIN,35,951
2020-05-10,Peru,PER,JUNIN,18,969
2020-05-11,Peru,PER,JUNIN,44,1013
2020-05-12,Peru,PER,JUNIN,38,1051
2020-05-13,Peru,PER,JUNIN,74,1125
2020-05-14,Peru,PER,JUNIN,29,1154
2020-05-15,Peru,PER,JUNIN,48,1202
2020-05-16,Peru,PER,JUNIN,43,1245
2020-05-17,Peru,PER,JUNIN,8,1253
2020-05-18,Peru,PER,JUNIN,102,1355
2020-05-19,Peru,PER,JUNIN,41,1396
2020-05-20,Peru,PER,JUNIN,45,1441
2020-05-21,Peru,PER,JUNIN,39,1480
2020-05-22,Peru,PER,JUNIN,54,1534
2020-05-23,Peru,PER,JUNIN,38,1572
2020-05-24,Peru,PER,JUNIN,21,1593
2020-05-25,Peru,PER,JUNIN,51,1644
2020-05-26,Peru,PER,JUNIN,53,1697
2020-05-27,Peru,PER,JUNIN,90,1787
2020-05-28,Peru,PER,JUNIN,68,1855
2020-05-29,Peru,PER,JUNIN,76,1931
2020-05-30,Peru,PER,JUNIN,48,1979
2020-05-31,Peru,PER,JUNIN,15,1994
2020-06-01,Peru,PER,JUNIN,47,2041
2020-06-02,Peru,PER,JUNIN,67,2108
2020-06-03,Peru,PER,JUNIN,46,2154
2020-06-04,Peru,PER,JUNIN,31,2185
2020-06-05,Peru,PER,JUNIN,28,2213
2020-06-06,Peru,PER,JUNIN,50,2263
2020-06-07,Peru,PER,JUNIN,41,2304
2020-06-08,Peru,PER,JUNIN,86,2390
2020-06-09,Peru,PER,JUNIN,58,2448
2020-06-10,Peru,PER,JUNIN,98,2546
2020-06-11,Peru,PER,JUNIN,89,2635
2020-06-12,Peru,PER,JUNIN,67,2702
2020-06-13,Peru,PER,JUNIN,69,2771
2020-06-14,Peru,PER,JUNIN,55,2826
2020-06-15,Peru,PER,JUNIN,61,2887
2020-06-16,Peru,PER,JUNIN,58,2945
2020-06-17,Peru,PER,JUNIN,97,3042
2020-06-18,Peru,PER,JUNIN,85,3127
2020-06-19,Peru,PER,JUNIN,39,3166
2020-06-20,Peru,PER,JUNIN,85,3251
2020-06-21,Peru,PER,JUNIN,27,3278
2020-06-22,Peru,PER,JUNIN,92,3370
2020-06-23,Peru,PER,JUNIN,74,3444
2020-06-24,Peru,PER,JUNIN,57,3501
2020-06-25,Peru,PER,JUNIN,102,3603
2020-06-26,Peru,PER,JUNIN,77,3680
2020-06-27,Peru,PER,JUNIN,36,3716
NA,Peru,PER,JUNIN,5,3721
2020-03-15,Peru,PER,LA LIBERTAD,1,1
2020-03-16,Peru,PER,LA LIBERTAD,1,1
2020-03-17,Peru,PER,LA LIBERTAD,1,2
2020-03-18,Peru,PER,LA LIBERTAD,1,2
2020-03-19,Peru,PER,LA LIBERTAD,1,2
2020-03-20,Peru,PER,LA LIBERTAD,2,4
2020-03-21,Peru,PER,LA LIBERTAD,2,4
2020-03-22,Peru,PER,LA LIBERTAD,2,4
2020-03-23,Peru,PER,LA LIBERTAD,1,5
2020-03-24,Peru,PER,LA LIBERTAD,1,6
2020-03-25,Peru,PER,LA LIBERTAD,3,9
2020-03-26,Peru,PER,LA LIBERTAD,3,9
2020-03-27,Peru,PER,LA LIBERTAD,1,10
2020-03-28,Peru,PER,LA LIBERTAD,2,12
2020-03-29,Peru,PER,LA LIBERTAD,2,14
2020-03-30,Peru,PER,LA LIBERTAD,4,18
2020-03-31,Peru,PER,LA LIBERTAD,11,29
2020-04-01,Peru,PER,LA LIBERTAD,7,36
2020-04-02,Peru,PER,LA LIBERTAD,7,43
2020-04-03,Peru,PER,LA LIBERTAD,5,48
2020-04-04,Peru,PER,LA LIBERTAD,1,49
2020-04-05,Peru,PER,LA LIBERTAD,7,56
2020-04-06,Peru,PER,LA LIBERTAD,4,60
2020-04-07,Peru,PER,LA LIBERTAD,21,81
2020-04-08,Peru,PER,LA LIBERTAD,22,103
2020-04-09,Peru,PER,LA LIBERTAD,7,110
2020-04-10,Peru,PER,LA LIBERTAD,5,115
2020-04-11,Peru,PER,LA LIBERTAD,8,123
2020-04-12,Peru,PER,LA LIBERTAD,3,126
2020-04-13,Peru,PER,LA LIBERTAD,23,149
2020-04-14,Peru,PER,LA LIBERTAD,25,174
2020-04-15,Peru,PER,LA LIBERTAD,27,201
2020-04-16,Peru,PER,LA LIBERTAD,25,226
2020-04-17,Peru,PER,LA LIBERTAD,26,252
2020-04-18,Peru,PER,LA LIBERTAD,27,279
2020-04-19,Peru,PER,LA LIBERTAD,10,289
2020-04-20,Peru,PER,LA LIBERTAD,52,341
2020-04-21,Peru,PER,LA LIBERTAD,44,385
2020-04-22,Peru,PER,LA LIBERTAD,46,431
2020-04-23,Peru,PER,LA LIBERTAD,40,471
2020-04-24,Peru,PER,LA LIBERTAD,21,492
2020-04-25,Peru,PER,LA LIBERTAD,53,545
2020-04-26,Peru,PER,LA LIBERTAD,8,553
2020-04-27,Peru,PER,LA LIBERTAD,71,624
2020-04-28,Peru,PER,LA LIBERTAD,175,799
2020-04-29,Peru,PER,LA LIBERTAD,142,941
2020-04-30,Peru,PER,LA LIBERTAD,114,1055
2020-05-01,Peru,PER,LA LIBERTAD,52,1107
2020-05-02,Peru,PER,LA LIBERTAD,111,1218
2020-05-03,Peru,PER,LA LIBERTAD,51,1269
2020-05-04,Peru,PER,LA LIBERTAD,120,1389
2020-05-05,Peru,PER,LA LIBERTAD,151,1540
2020-05-06,Peru,PER,LA LIBERTAD,112,1652
2020-05-07,Peru,PER,LA LIBERTAD,54,1706
2020-05-08,Peru,PER,LA LIBERTAD,73,1779
2020-05-09,Peru,PER,LA LIBERTAD,82,1861
2020-05-10,Peru,PER,LA LIBERTAD,38,1899
2020-05-11,Peru,PER,LA LIBERTAD,57,1956
2020-05-12,Peru,PER,LA LIBERTAD,103,2059
2020-05-13,Peru,PER,LA LIBERTAD,72,2131
2020-05-14,Peru,PER,LA LIBERTAD,83,2214
2020-05-15,Peru,PER,LA LIBERTAD,210,2424
2020-05-16,Peru,PER,LA LIBERTAD,145,2569
2020-05-17,Peru,PER,LA LIBERTAD,6,2575
2020-05-18,Peru,PER,LA LIBERTAD,120,2695
2020-05-19,Peru,PER,LA LIBERTAD,133,2828
2020-05-20,Peru,PER,LA LIBERTAD,142,2970
2020-05-21,Peru,PER,LA LIBERTAD,267,3237
2020-05-22,Peru,PER,LA LIBERTAD,234,3471
2020-05-23,Peru,PER,LA LIBERTAD,186,3657
2020-05-24,Peru,PER,LA LIBERTAD,68,3725
2020-05-25,Peru,PER,LA LIBERTAD,269,3994
2020-05-26,Peru,PER,LA LIBERTAD,182,4176
2020-05-27,Peru,PER,LA LIBERTAD,181,4357
2020-05-28,Peru,PER,LA LIBERTAD,307,4664
2020-05-29,Peru,PER,LA LIBERTAD,160,4824
2020-05-30,Peru,PER,LA LIBERTAD,173,4997
2020-05-31,Peru,PER,LA LIBERTAD,100,5097
2020-06-01,Peru,PER,LA LIBERTAD,227,5324
2020-06-02,Peru,PER,LA LIBERTAD,101,5425
2020-06-03,Peru,PER,LA LIBERTAD,96,5521
2020-06-04,Peru,PER,LA LIBERTAD,177,5698
2020-06-05,Peru,PER,LA LIBERTAD,123,5821
2020-06-06,Peru,PER,LA LIBERTAD,151,5972
2020-06-07,Peru,PER,LA LIBERTAD,44,6016
2020-06-08,Peru,PER,LA LIBERTAD,190,6206
2020-06-09,Peru,PER,LA LIBERTAD,250,6456
2020-06-10,Peru,PER,LA LIBERTAD,316,6772
2020-06-11,Peru,PER,LA LIBERTAD,201,6973
2020-06-12,Peru,PER,LA LIBERTAD,212,7185
2020-06-13,Peru,PER,LA LIBERTAD,201,7386
2020-06-14,Peru,PER,LA LIBERTAD,69,7455
2020-06-15,Peru,PER,LA LIBERTAD,217,7672
2020-06-16,Peru,PER,LA LIBERTAD,107,7779
2020-06-17,Peru,PER,LA LIBERTAD,242,8021
2020-06-18,Peru,PER,LA LIBERTAD,131,8152
2020-06-19,Peru,PER,LA LIBERTAD,197,8349
2020-06-20,Peru,PER,LA LIBERTAD,179,8528
2020-06-21,Peru,PER,LA LIBERTAD,68,8596
2020-06-22,Peru,PER,LA LIBERTAD,233,8829
2020-06-23,Peru,PER,LA LIBERTAD,221,9050
2020-06-24,Peru,PER,LA LIBERTAD,190,9240
2020-06-25,Peru,PER,LA LIBERTAD,157,9397
2020-06-26,Peru,PER,LA LIBERTAD,206,9603
2020-06-27,Peru,PER,LA LIBERTAD,87,9690
NA,Peru,PER,LA LIBERTAD,2,9692
2020-03-14,Peru,PER,LAMBAYEQUE,1,1
2020-03-15,Peru,PER,LAMBAYEQUE,2,3
2020-03-16,Peru,PER,LAMBAYEQUE,3,6
2020-03-17,Peru,PER,LAMBAYEQUE,3,6
2020-03-18,Peru,PER,LAMBAYEQUE,3,6
2020-03-19,Peru,PER,LAMBAYEQUE,3,6
2020-03-20,Peru,PER,LAMBAYEQUE,2,8
2020-03-21,Peru,PER,LAMBAYEQUE,2,8
2020-03-22,Peru,PER,LAMBAYEQUE,2,8
2020-03-23,Peru,PER,LAMBAYEQUE,2,8
2020-03-24,Peru,PER,LAMBAYEQUE,4,12
2020-03-25,Peru,PER,LAMBAYEQUE,4,12
2020-03-26,Peru,PER,LAMBAYEQUE,1,13
2020-03-27,Peru,PER,LAMBAYEQUE,2,15
2020-03-28,Peru,PER,LAMBAYEQUE,7,22
2020-03-29,Peru,PER,LAMBAYEQUE,1,23
2020-03-30,Peru,PER,LAMBAYEQUE,8,31
2020-03-31,Peru,PER,LAMBAYEQUE,4,35
2020-04-01,Peru,PER,LAMBAYEQUE,1,36
2020-04-02,Peru,PER,LAMBAYEQUE,5,41
2020-04-03,Peru,PER,LAMBAYEQUE,31,72
2020-04-04,Peru,PER,LAMBAYEQUE,49,121
2020-04-05,Peru,PER,LAMBAYEQUE,8,129
2020-04-06,Peru,PER,LAMBAYEQUE,28,157
2020-04-07,Peru,PER,LAMBAYEQUE,156,313
2020-04-08,Peru,PER,LAMBAYEQUE,75,388
2020-04-09,Peru,PER,LAMBAYEQUE,19,407
2020-04-10,Peru,PER,LAMBAYEQUE,59,466
2020-04-11,Peru,PER,LAMBAYEQUE,66,532
2020-04-12,Peru,PER,LAMBAYEQUE,56,588
2020-04-13,Peru,PER,LAMBAYEQUE,58,646
2020-04-14,Peru,PER,LAMBAYEQUE,59,705
2020-04-15,Peru,PER,LAMBAYEQUE,176,881
2020-04-16,Peru,PER,LAMBAYEQUE,85,966
2020-04-17,Peru,PER,LAMBAYEQUE,77,1043
2020-04-18,Peru,PER,LAMBAYEQUE,47,1090
2020-04-19,Peru,PER,LAMBAYEQUE,26,1116
2020-04-20,Peru,PER,LAMBAYEQUE,142,1258
2020-04-21,Peru,PER,LAMBAYEQUE,132,1390
2020-04-22,Peru,PER,LAMBAYEQUE,136,1526
2020-04-23,Peru,PER,LAMBAYEQUE,177,1703
2020-04-24,Peru,PER,LAMBAYEQUE,212,1915
2020-04-25,Peru,PER,LAMBAYEQUE,135,2050
2020-04-26,Peru,PER,LAMBAYEQUE,70,2120
2020-04-27,Peru,PER,LAMBAYEQUE,295,2415
2020-04-28,Peru,PER,LAMBAYEQUE,241,2656
2020-04-29,Peru,PER,LAMBAYEQUE,248,2904
2020-04-30,Peru,PER,LAMBAYEQUE,212,3116
2020-05-01,Peru,PER,LAMBAYEQUE,227,3343
2020-05-02,Peru,PER,LAMBAYEQUE,144,3487
2020-05-03,Peru,PER,LAMBAYEQUE,131,3618
2020-05-04,Peru,PER,LAMBAYEQUE,306,3924
2020-05-05,Peru,PER,LAMBAYEQUE,223,4147
2020-05-06,Peru,PER,LAMBAYEQUE,165,4312
2020-05-07,Peru,PER,LAMBAYEQUE,154,4466
2020-05-08,Peru,PER,LAMBAYEQUE,150,4616
2020-05-09,Peru,PER,LAMBAYEQUE,67,4683
2020-05-10,Peru,PER,LAMBAYEQUE,27,4710
2020-05-11,Peru,PER,LAMBAYEQUE,127,4837
2020-05-12,Peru,PER,LAMBAYEQUE,129,4966
2020-05-13,Peru,PER,LAMBAYEQUE,164,5130
2020-05-14,Peru,PER,LAMBAYEQUE,180,5310
2020-05-15,Peru,PER,LAMBAYEQUE,259,5569
2020-05-16,Peru,PER,LAMBAYEQUE,134,5703
2020-05-17,Peru,PER,LAMBAYEQUE,26,5729
2020-05-18,Peru,PER,LAMBAYEQUE,224,5953
2020-05-19,Peru,PER,LAMBAYEQUE,218,6171
2020-05-20,Peru,PER,LAMBAYEQUE,134,6305
2020-05-21,Peru,PER,LAMBAYEQUE,165,6470
2020-05-22,Peru,PER,LAMBAYEQUE,156,6626
2020-05-23,Peru,PER,LAMBAYEQUE,199,6825
2020-05-24,Peru,PER,LAMBAYEQUE,96,6921
2020-05-25,Peru,PER,LAMBAYEQUE,320,7241
2020-05-26,Peru,PER,LAMBAYEQUE,460,7701
2020-05-27,Peru,PER,LAMBAYEQUE,508,8209
2020-05-28,Peru,PER,LAMBAYEQUE,315,8524
2020-05-29,Peru,PER,LAMBAYEQUE,242,8766
2020-05-30,Peru,PER,LAMBAYEQUE,325,9091
2020-05-31,Peru,PER,LAMBAYEQUE,60,9151
2020-06-01,Peru,PER,LAMBAYEQUE,133,9284
2020-06-02,Peru,PER,LAMBAYEQUE,154,9438
2020-06-03,Peru,PER,LAMBAYEQUE,121,9559
2020-06-04,Peru,PER,LAMBAYEQUE,178,9737
2020-06-05,Peru,PER,LAMBAYEQUE,88,9825
2020-06-06,Peru,PER,LAMBAYEQUE,156,9981
2020-06-07,Peru,PER,LAMBAYEQUE,115,10096
2020-06-08,Peru,PER,LAMBAYEQUE,178,10274
2020-06-09,Peru,PER,LAMBAYEQUE,200,10474
2020-06-10,Peru,PER,LAMBAYEQUE,256,10730
2020-06-11,Peru,PER,LAMBAYEQUE,229,10959
2020-06-12,Peru,PER,LAMBAYEQUE,282,11241
2020-06-13,Peru,PER,LAMBAYEQUE,205,11446
2020-06-14,Peru,PER,LAMBAYEQUE,39,11485
2020-06-15,Peru,PER,LAMBAYEQUE,181,11666
2020-06-16,Peru,PER,LAMBAYEQUE,129,11795
2020-06-17,Peru,PER,LAMBAYEQUE,202,11997
2020-06-18,Peru,PER,LAMBAYEQUE,164,12161
2020-06-19,Peru,PER,LAMBAYEQUE,178,12339
2020-06-20,Peru,PER,LAMBAYEQUE,106,12445
2020-06-21,Peru,PER,LAMBAYEQUE,50,12495
2020-06-22,Peru,PER,LAMBAYEQUE,172,12667
2020-06-23,Peru,PER,LAMBAYEQUE,116,12783
2020-06-24,Peru,PER,LAMBAYEQUE,257,13040
2020-06-25,Peru,PER,LAMBAYEQUE,138,13178
2020-06-26,Peru,PER,LAMBAYEQUE,236,13414
2020-06-27,Peru,PER,LAMBAYEQUE,59,13473
NA,Peru,PER,LAMBAYEQUE,2,13475
2020-03-06,Peru,PER,LIMA,1,1
2020-03-07,Peru,PER,LIMA,4,5
2020-03-08,Peru,PER,LIMA,2,7
2020-03-09,Peru,PER,LIMA,1,8
2020-03-10,Peru,PER,LIMA,1,9
2020-03-11,Peru,PER,LIMA,6,15
2020-03-12,Peru,PER,LIMA,8,23
2020-03-13,Peru,PER,LIMA,9,32
2020-03-14,Peru,PER,LIMA,15,47
2020-03-15,Peru,PER,LIMA,22,69
2020-03-16,Peru,PER,LIMA,15,84
2020-03-17,Peru,PER,LIMA,16,100
2020-03-18,Peru,PER,LIMA,50,150
2020-03-19,Peru,PER,LIMA,56,206
2020-03-20,Peru,PER,LIMA,26,232
2020-03-21,Peru,PER,LIMA,27,259
2020-03-22,Peru,PER,LIMA,32,291
2020-03-23,Peru,PER,LIMA,26,317
2020-03-24,Peru,PER,LIMA,47,364
2020-03-25,Peru,PER,LIMA,84,448
2020-03-26,Peru,PER,LIMA,38,486
2020-03-27,Peru,PER,LIMA,22,508
2020-03-28,Peru,PER,LIMA,83,591
2020-03-29,Peru,PER,LIMA,107,698
2020-03-30,Peru,PER,LIMA,96,794
2020-03-31,Peru,PER,LIMA,193,987
2020-04-01,Peru,PER,LIMA,61,1048
2020-04-02,Peru,PER,LIMA,171,1219
2020-04-03,Peru,PER,LIMA,187,1406
2020-04-04,Peru,PER,LIMA,500,1906
2020-04-05,Peru,PER,LIMA,313,2219
2020-04-06,Peru,PER,LIMA,483,2702
2020-04-07,Peru,PER,LIMA,632,3334
2020-04-08,Peru,PER,LIMA,696,4030
2020-04-09,Peru,PER,LIMA,625,4655
2020-04-10,Peru,PER,LIMA,795,5450
2020-04-11,Peru,PER,LIMA,769,6219
2020-04-12,Peru,PER,LIMA,517,6736
2020-04-13,Peru,PER,LIMA,713,7449
2020-04-14,Peru,PER,LIMA,615,8064
2020-04-15,Peru,PER,LIMA,775,8839
2020-04-16,Peru,PER,LIMA,836,9675
2020-04-17,Peru,PER,LIMA,572,10247
2020-04-18,Peru,PER,LIMA,867,11114
2020-04-19,Peru,PER,LIMA,836,11950
2020-04-20,Peru,PER,LIMA,1122,13072
2020-04-21,Peru,PER,LIMA,1251,14323
2020-04-22,Peru,PER,LIMA,1432,15755
2020-04-23,Peru,PER,LIMA,1278,17033
2020-04-24,Peru,PER,LIMA,1310,18343
2020-04-25,Peru,PER,LIMA,1418,19761
2020-04-26,Peru,PER,LIMA,977,20738
2020-04-27,Peru,PER,LIMA,1970,22708
2020-04-28,Peru,PER,LIMA,1721,24429
2020-04-29,Peru,PER,LIMA,2524,26953
2020-04-30,Peru,PER,LIMA,1742,28695
2020-05-01,Peru,PER,LIMA,1401,30096
2020-05-02,Peru,PER,LIMA,1936,32032
2020-05-03,Peru,PER,LIMA,1229,33261
2020-05-04,Peru,PER,LIMA,2365,35626
2020-05-05,Peru,PER,LIMA,2408,38034
2020-05-06,Peru,PER,LIMA,2263,40297
2020-05-07,Peru,PER,LIMA,2391,42688
2020-05-08,Peru,PER,LIMA,2084,44772
2020-05-09,Peru,PER,LIMA,1440,46212
2020-05-10,Peru,PER,LIMA,613,46825
2020-05-11,Peru,PER,LIMA,2342,49167
2020-05-12,Peru,PER,LIMA,2926,52093
2020-05-13,Peru,PER,LIMA,2811,54904
2020-05-14,Peru,PER,LIMA,2138,57042
2020-05-15,Peru,PER,LIMA,2421,59463
2020-05-16,Peru,PER,LIMA,2396,61859
2020-05-17,Peru,PER,LIMA,1308,63167
2020-05-18,Peru,PER,LIMA,3099,66266
2020-05-19,Peru,PER,LIMA,2812,69078
2020-05-20,Peru,PER,LIMA,2979,72057
2020-05-21,Peru,PER,LIMA,2990,75047
2020-05-22,Peru,PER,LIMA,3431,78478
2020-05-23,Peru,PER,LIMA,3030,81508
2020-05-24,Peru,PER,LIMA,981,82489
2020-05-25,Peru,PER,LIMA,4113,86602
2020-05-26,Peru,PER,LIMA,4063,90665
2020-05-27,Peru,PER,LIMA,4251,94916
2020-05-28,Peru,PER,LIMA,3558,98474
2020-05-29,Peru,PER,LIMA,3210,101684
2020-05-30,Peru,PER,LIMA,2618,104302
2020-05-31,Peru,PER,LIMA,1405,105707
2020-06-01,Peru,PER,LIMA,2016,107723
2020-06-02,Peru,PER,LIMA,1875,109598
2020-06-03,Peru,PER,LIMA,959,110557
2020-06-04,Peru,PER,LIMA,1881,112438
2020-06-05,Peru,PER,LIMA,2753,115191
2020-06-06,Peru,PER,LIMA,2522,117713
2020-06-07,Peru,PER,LIMA,1774,119487
2020-06-08,Peru,PER,LIMA,2275,121762
2020-06-09,Peru,PER,LIMA,2740,124502
2020-06-10,Peru,PER,LIMA,2728,127230
2020-06-11,Peru,PER,LIMA,2034,129264
2020-06-12,Peru,PER,LIMA,1765,131029
2020-06-13,Peru,PER,LIMA,2153,133182
2020-06-14,Peru,PER,LIMA,1660,134842
2020-06-15,Peru,PER,LIMA,2256,137098
2020-06-16,Peru,PER,LIMA,1828,138926
2020-06-17,Peru,PER,LIMA,1771,140697
2020-06-18,Peru,PER,LIMA,1594,142291
2020-06-19,Peru,PER,LIMA,1342,143633
2020-06-20,Peru,PER,LIMA,1701,145334
2020-06-21,Peru,PER,LIMA,641,145975
2020-06-22,Peru,PER,LIMA,2090,148065
2020-06-23,Peru,PER,LIMA,1726,149791
2020-06-24,Peru,PER,LIMA,1832,151623
2020-06-25,Peru,PER,LIMA,1939,153562
2020-06-26,Peru,PER,LIMA,1581,155143
2020-06-27,Peru,PER,LIMA,936,156079
NA,Peru,PER,LIMA,93,156172
2020-03-16,Peru,PER,LORETO,1,1
2020-03-17,Peru,PER,LORETO,9,10
2020-03-18,Peru,PER,LORETO,1,11
2020-03-19,Peru,PER,LORETO,1,12
2020-03-20,Peru,PER,LORETO,2,14
2020-03-21,Peru,PER,LORETO,2,16
2020-03-22,Peru,PER,LORETO,2,16
2020-03-23,Peru,PER,LORETO,2,16
2020-03-24,Peru,PER,LORETO,2,18
2020-03-25,Peru,PER,LORETO,2,18
2020-03-26,Peru,PER,LORETO,5,23
2020-03-27,Peru,PER,LORETO,4,27
2020-03-28,Peru,PER,LORETO,25,52
2020-03-29,Peru,PER,LORETO,1,53
2020-03-30,Peru,PER,LORETO,5,58
2020-03-31,Peru,PER,LORETO,4,62
2020-04-01,Peru,PER,LORETO,11,73
2020-04-02,Peru,PER,LORETO,9,82
2020-04-03,Peru,PER,LORETO,25,107
2020-04-04,Peru,PER,LORETO,40,147
2020-04-05,Peru,PER,LORETO,31,178
2020-04-06,Peru,PER,LORETO,10,188
2020-04-07,Peru,PER,LORETO,100,288
2020-04-08,Peru,PER,LORETO,68,356
2020-04-09,Peru,PER,LORETO,5,361
2020-04-10,Peru,PER,LORETO,7,368
2020-04-11,Peru,PER,LORETO,13,381
2020-04-12,Peru,PER,LORETO,24,405
2020-04-13,Peru,PER,LORETO,26,431
2020-04-14,Peru,PER,LORETO,31,462
2020-04-15,Peru,PER,LORETO,14,476
2020-04-16,Peru,PER,LORETO,8,484
2020-04-17,Peru,PER,LORETO,58,542
2020-04-18,Peru,PER,LORETO,71,613
2020-04-19,Peru,PER,LORETO,42,655
2020-04-20,Peru,PER,LORETO,42,697
2020-04-21,Peru,PER,LORETO,19,716
2020-04-22,Peru,PER,LORETO,18,734
2020-04-23,Peru,PER,LORETO,25,759
2020-04-24,Peru,PER,LORETO,79,838
2020-04-25,Peru,PER,LORETO,84,922
2020-04-26,Peru,PER,LORETO,58,980
2020-04-27,Peru,PER,LORETO,74,1054
2020-04-28,Peru,PER,LORETO,173,1227
2020-04-29,Peru,PER,LORETO,230,1457
2020-04-30,Peru,PER,LORETO,94,1551
2020-05-01,Peru,PER,LORETO,142,1693
2020-05-02,Peru,PER,LORETO,105,1798
2020-05-03,Peru,PER,LORETO,25,1823
2020-05-04,Peru,PER,LORETO,133,1956
2020-05-05,Peru,PER,LORETO,57,2013
2020-05-06,Peru,PER,LORETO,110,2123
2020-05-07,Peru,PER,LORETO,76,2199
2020-05-08,Peru,PER,LORETO,126,2325
2020-05-09,Peru,PER,LORETO,105,2430
2020-05-10,Peru,PER,LORETO,51,2481
2020-05-11,Peru,PER,LORETO,191,2672
2020-05-12,Peru,PER,LORETO,118,2790
2020-05-13,Peru,PER,LORETO,153,2943
2020-05-14,Peru,PER,LORETO,133,3076
2020-05-15,Peru,PER,LORETO,237,3313
2020-05-16,Peru,PER,LORETO,155,3468
2020-05-17,Peru,PER,LORETO,76,3544
2020-05-18,Peru,PER,LORETO,165,3709
2020-05-19,Peru,PER,LORETO,253,3962
2020-05-20,Peru,PER,LORETO,195,4157
2020-05-21,Peru,PER,LORETO,201,4358
2020-05-22,Peru,PER,LORETO,152,4510
2020-05-23,Peru,PER,LORETO,147,4657
2020-05-24,Peru,PER,LORETO,96,4753
2020-05-25,Peru,PER,LORETO,128,4881
2020-05-26,Peru,PER,LORETO,188,5069
2020-05-27,Peru,PER,LORETO,140,5209
2020-05-28,Peru,PER,LORETO,77,5286
2020-05-29,Peru,PER,LORETO,181,5467
2020-05-30,Peru,PER,LORETO,103,5570
2020-05-31,Peru,PER,LORETO,278,5848
2020-06-01,Peru,PER,LORETO,143,5991
2020-06-02,Peru,PER,LORETO,141,6132
2020-06-03,Peru,PER,LORETO,61,6193
2020-06-04,Peru,PER,LORETO,132,6325
2020-06-05,Peru,PER,LORETO,276,6601
2020-06-06,Peru,PER,LORETO,163,6764
2020-06-07,Peru,PER,LORETO,27,6791
2020-06-08,Peru,PER,LORETO,159,6950
2020-06-09,Peru,PER,LORETO,115,7065
2020-06-10,Peru,PER,LORETO,220,7285
2020-06-11,Peru,PER,LORETO,198,7483
2020-06-12,Peru,PER,LORETO,184,7667
2020-06-13,Peru,PER,LORETO,155,7822
2020-06-14,Peru,PER,LORETO,15,7837
2020-06-15,Peru,PER,LORETO,64,7901
2020-06-16,Peru,PER,LORETO,62,7963
2020-06-17,Peru,PER,LORETO,72,8035
2020-06-18,Peru,PER,LORETO,132,8167
2020-06-19,Peru,PER,LORETO,126,8293
2020-06-20,Peru,PER,LORETO,90,8383
2020-06-21,Peru,PER,LORETO,15,8398
2020-06-22,Peru,PER,LORETO,210,8608
2020-06-23,Peru,PER,LORETO,111,8719
2020-06-24,Peru,PER,LORETO,24,8743
2020-06-25,Peru,PER,LORETO,57,8800
2020-06-26,Peru,PER,LORETO,66,8866
2020-06-27,Peru,PER,LORETO,2,8868
NA,Peru,PER,LORETO,36,8904
2020-03-18,Peru,PER,MADRE DE DIOS,1,1
2020-03-19,Peru,PER,MADRE DE DIOS,1,1
2020-03-20,Peru,PER,MADRE DE DIOS,1,1
2020-03-21,Peru,PER,MADRE DE DIOS,1,1
2020-03-22,Peru,PER,MADRE DE DIOS,1,1
2020-03-23,Peru,PER,MADRE DE DIOS,1,1
2020-03-24,Peru,PER,MADRE DE DIOS,1,1
2020-03-25,Peru,PER,MADRE DE DIOS,1,1
2020-03-26,Peru,PER,MADRE DE DIOS,1,1
2020-03-27,Peru,PER,MADRE DE DIOS,1,1
2020-03-28,Peru,PER,MADRE DE DIOS,1,1
2020-03-29,Peru,PER,MADRE DE DIOS,1,1
2020-03-30,Peru,PER,MADRE DE DIOS,1,1
2020-03-31,Peru,PER,MADRE DE DIOS,1,1
2020-04-01,Peru,PER,MADRE DE DIOS,1,2
2020-04-02,Peru,PER,MADRE DE DIOS,1,2
2020-04-03,Peru,PER,MADRE DE DIOS,1,2
2020-04-04,Peru,PER,MADRE DE DIOS,1,2
2020-04-05,Peru,PER,MADRE DE DIOS,1,2
2020-04-06,Peru,PER,MADRE DE DIOS,1,2
2020-04-07,Peru,PER,MADRE DE DIOS,1,2
2020-04-08,Peru,PER,MADRE DE DIOS,2,4
2020-04-09,Peru,PER,MADRE DE DIOS,1,5
2020-04-10,Peru,PER,MADRE DE DIOS,1,5
2020-04-11,Peru,PER,MADRE DE DIOS,14,19
2020-04-12,Peru,PER,MADRE DE DIOS,13,32
2020-04-13,Peru,PER,MADRE DE DIOS,4,36
2020-04-14,Peru,PER,MADRE DE DIOS,4,40
2020-04-15,Peru,PER,MADRE DE DIOS,6,46
2020-04-16,Peru,PER,MADRE DE DIOS,6,52
2020-04-17,Peru,PER,MADRE DE DIOS,5,57
2020-04-18,Peru,PER,MADRE DE DIOS,4,61
2020-04-19,Peru,PER,MADRE DE DIOS,4,61
2020-04-20,Peru,PER,MADRE DE DIOS,5,66
2020-04-21,Peru,PER,MADRE DE DIOS,5,71
2020-04-22,Peru,PER,MADRE DE DIOS,13,84
2020-04-23,Peru,PER,MADRE DE DIOS,2,86
2020-04-24,Peru,PER,MADRE DE DIOS,3,89
2020-04-25,Peru,PER,MADRE DE DIOS,7,96
2020-04-26,Peru,PER,MADRE DE DIOS,1,97
2020-04-27,Peru,PER,MADRE DE DIOS,9,106
2020-04-28,Peru,PER,MADRE DE DIOS,3,109
2020-04-29,Peru,PER,MADRE DE DIOS,8,117
2020-04-30,Peru,PER,MADRE DE DIOS,3,120
2020-05-01,Peru,PER,MADRE DE DIOS,2,122
2020-05-02,Peru,PER,MADRE DE DIOS,3,125
2020-05-03,Peru,PER,MADRE DE DIOS,3,125
2020-05-04,Peru,PER,MADRE DE DIOS,5,130
2020-05-05,Peru,PER,MADRE DE DIOS,4,134
2020-05-06,Peru,PER,MADRE DE DIOS,6,140
2020-05-07,Peru,PER,MADRE DE DIOS,2,142
2020-05-08,Peru,PER,MADRE DE DIOS,5,147
2020-05-09,Peru,PER,MADRE DE DIOS,13,160
2020-05-10,Peru,PER,MADRE DE DIOS,13,160
2020-05-11,Peru,PER,MADRE DE DIOS,16,176
2020-05-12,Peru,PER,MADRE DE DIOS,11,187
2020-05-13,Peru,PER,MADRE DE DIOS,14,201
2020-05-14,Peru,PER,MADRE DE DIOS,8,209
2020-05-15,Peru,PER,MADRE DE DIOS,4,213
2020-05-16,Peru,PER,MADRE DE DIOS,19,232
2020-05-17,Peru,PER,MADRE DE DIOS,19,232
2020-05-18,Peru,PER,MADRE DE DIOS,17,249
2020-05-19,Peru,PER,MADRE DE DIOS,9,258
2020-05-20,Peru,PER,MADRE DE DIOS,5,263
2020-05-21,Peru,PER,MADRE DE DIOS,10,273
2020-05-22,Peru,PER,MADRE DE DIOS,40,313
2020-05-23,Peru,PER,MADRE DE DIOS,26,339
2020-05-24,Peru,PER,MADRE DE DIOS,26,339
2020-05-25,Peru,PER,MADRE DE DIOS,39,378
2020-05-26,Peru,PER,MADRE DE DIOS,21,399
2020-05-27,Peru,PER,MADRE DE DIOS,27,426
2020-05-28,Peru,PER,MADRE DE DIOS,53,479
2020-05-29,Peru,PER,MADRE DE DIOS,52,531
2020-05-30,Peru,PER,MADRE DE DIOS,23,554
2020-05-31,Peru,PER,MADRE DE DIOS,1,555
2020-06-01,Peru,PER,MADRE DE DIOS,35,590
2020-06-02,Peru,PER,MADRE DE DIOS,24,614
2020-06-03,Peru,PER,MADRE DE DIOS,35,649
2020-06-04,Peru,PER,MADRE DE DIOS,90,739
2020-06-05,Peru,PER,MADRE DE DIOS,26,765
2020-06-06,Peru,PER,MADRE DE DIOS,23,788
2020-06-07,Peru,PER,MADRE DE DIOS,8,796
2020-06-08,Peru,PER,MADRE DE DIOS,56,852
2020-06-09,Peru,PER,MADRE DE DIOS,39,891
2020-06-10,Peru,PER,MADRE DE DIOS,63,954
2020-06-11,Peru,PER,MADRE DE DIOS,30,984
2020-06-12,Peru,PER,MADRE DE DIOS,34,1018
2020-06-13,Peru,PER,MADRE DE DIOS,39,1057
2020-06-14,Peru,PER,MADRE DE DIOS,6,1063
2020-06-15,Peru,PER,MADRE DE DIOS,61,1124
2020-06-16,Peru,PER,MADRE DE DIOS,105,1229
2020-06-17,Peru,PER,MADRE DE DIOS,43,1272
2020-06-18,Peru,PER,MADRE DE DIOS,24,1296
2020-06-19,Peru,PER,MADRE DE DIOS,63,1359
2020-06-20,Peru,PER,MADRE DE DIOS,34,1393
2020-06-21,Peru,PER,MADRE DE DIOS,5,1398
2020-06-22,Peru,PER,MADRE DE DIOS,38,1436
2020-06-23,Peru,PER,MADRE DE DIOS,41,1477
2020-06-24,Peru,PER,MADRE DE DIOS,33,1510
2020-06-25,Peru,PER,MADRE DE DIOS,63,1573
2020-06-26,Peru,PER,MADRE DE DIOS,55,1628
2020-06-27,Peru,PER,MADRE DE DIOS,7,1635
NA,Peru,PER,MADRE DE DIOS,1,1636
2020-04-04,Peru,PER,MOQUEGUA,1,1
2020-04-05,Peru,PER,MOQUEGUA,1,1
2020-04-06,Peru,PER,MOQUEGUA,1,2
2020-04-07,Peru,PER,MOQUEGUA,1,2
2020-04-08,Peru,PER,MOQUEGUA,1,3
2020-04-09,Peru,PER,MOQUEGUA,1,3
2020-04-10,Peru,PER,MOQUEGUA,4,7
2020-04-11,Peru,PER,MOQUEGUA,3,10
2020-04-12,Peru,PER,MOQUEGUA,3,10
2020-04-13,Peru,PER,MOQUEGUA,2,12
2020-04-14,Peru,PER,MOQUEGUA,6,18
2020-04-15,Peru,PER,MOQUEGUA,4,22
2020-04-16,Peru,PER,MOQUEGUA,5,27
2020-04-17,Peru,PER,MOQUEGUA,5,32
2020-04-18,Peru,PER,MOQUEGUA,5,32
2020-04-19,Peru,PER,MOQUEGUA,1,33
2020-04-20,Peru,PER,MOQUEGUA,9,42
2020-04-21,Peru,PER,MOQUEGUA,8,50
2020-04-22,Peru,PER,MOQUEGUA,4,54
2020-04-23,Peru,PER,MOQUEGUA,7,61
2020-04-24,Peru,PER,MOQUEGUA,16,77
2020-04-25,Peru,PER,MOQUEGUA,19,96
2020-04-26,Peru,PER,MOQUEGUA,6,102
2020-04-27,Peru,PER,MOQUEGUA,3,105
2020-04-28,Peru,PER,MOQUEGUA,12,117
2020-04-29,Peru,PER,MOQUEGUA,23,140
2020-04-30,Peru,PER,MOQUEGUA,10,150
2020-05-01,Peru,PER,MOQUEGUA,12,162
2020-05-02,Peru,PER,MOQUEGUA,6,168
2020-05-03,Peru,PER,MOQUEGUA,6,168
2020-05-04,Peru,PER,MOQUEGUA,16,184
2020-05-05,Peru,PER,MOQUEGUA,14,198
2020-05-06,Peru,PER,MOQUEGUA,5,203
2020-05-07,Peru,PER,MOQUEGUA,4,207
2020-05-08,Peru,PER,MOQUEGUA,25,232
2020-05-09,Peru,PER,MOQUEGUA,2,234
2020-05-10,Peru,PER,MOQUEGUA,2,234
2020-05-11,Peru,PER,MOQUEGUA,5,239
2020-05-12,Peru,PER,MOQUEGUA,2,241
2020-05-13,Peru,PER,MOQUEGUA,12,253
2020-05-14,Peru,PER,MOQUEGUA,9,262
2020-05-15,Peru,PER,MOQUEGUA,1,263
2020-05-16,Peru,PER,MOQUEGUA,13,276
2020-05-17,Peru,PER,MOQUEGUA,1,277
2020-05-18,Peru,PER,MOQUEGUA,11,288
2020-05-19,Peru,PER,MOQUEGUA,45,333
2020-05-20,Peru,PER,MOQUEGUA,64,397
2020-05-21,Peru,PER,MOQUEGUA,49,446
2020-05-22,Peru,PER,MOQUEGUA,60,506
2020-05-23,Peru,PER,MOQUEGUA,35,541
2020-05-24,Peru,PER,MOQUEGUA,18,559
2020-05-25,Peru,PER,MOQUEGUA,32,591
2020-05-26,Peru,PER,MOQUEGUA,27,618
2020-05-27,Peru,PER,MOQUEGUA,39,657
2020-05-28,Peru,PER,MOQUEGUA,17,674
2020-05-29,Peru,PER,MOQUEGUA,16,690
2020-05-30,Peru,PER,MOQUEGUA,11,701
2020-05-31,Peru,PER,MOQUEGUA,1,702
2020-06-01,Peru,PER,MOQUEGUA,8,710
2020-06-02,Peru,PER,MOQUEGUA,10,720
2020-06-03,Peru,PER,MOQUEGUA,14,734
2020-06-04,Peru,PER,MOQUEGUA,22,756
2020-06-05,Peru,PER,MOQUEGUA,5,761
2020-06-06,Peru,PER,MOQUEGUA,2,763
2020-06-07,Peru,PER,MOQUEGUA,2,765
2020-06-08,Peru,PER,MOQUEGUA,7,772
2020-06-09,Peru,PER,MOQUEGUA,4,776
2020-06-10,Peru,PER,MOQUEGUA,4,780
2020-06-11,Peru,PER,MOQUEGUA,10,790
2020-06-12,Peru,PER,MOQUEGUA,9,799
2020-06-13,Peru,PER,MOQUEGUA,13,812
2020-06-14,Peru,PER,MOQUEGUA,3,815
2020-06-15,Peru,PER,MOQUEGUA,14,829
2020-06-16,Peru,PER,MOQUEGUA,4,833
2020-06-17,Peru,PER,MOQUEGUA,2,835
2020-06-18,Peru,PER,MOQUEGUA,5,840
2020-06-19,Peru,PER,MOQUEGUA,7,847
2020-06-20,Peru,PER,MOQUEGUA,11,858
2020-06-21,Peru,PER,MOQUEGUA,4,862
2020-06-22,Peru,PER,MOQUEGUA,4,866
2020-06-23,Peru,PER,MOQUEGUA,11,877
2020-06-24,Peru,PER,MOQUEGUA,22,899
2020-06-25,Peru,PER,MOQUEGUA,12,911
2020-06-26,Peru,PER,MOQUEGUA,15,926
2020-06-27,Peru,PER,MOQUEGUA,2,928
2020-03-26,Peru,PER,PASCO,1,1
2020-03-27,Peru,PER,PASCO,1,1
2020-03-28,Peru,PER,PASCO,1,1
2020-03-29,Peru,PER,PASCO,1,1
2020-03-30,Peru,PER,PASCO,1,1
2020-03-31,Peru,PER,PASCO,1,1
2020-04-01,Peru,PER,PASCO,1,1
2020-04-02,Peru,PER,PASCO,1,1
2020-04-03,Peru,PER,PASCO,1,2
2020-04-04,Peru,PER,PASCO,1,3
2020-04-05,Peru,PER,PASCO,2,5
2020-04-06,Peru,PER,PASCO,2,5
2020-04-07,Peru,PER,PASCO,2,5
2020-04-08,Peru,PER,PASCO,2,5
2020-04-09,Peru,PER,PASCO,5,10
2020-04-10,Peru,PER,PASCO,1,11
2020-04-11,Peru,PER,PASCO,2,13
2020-04-12,Peru,PER,PASCO,2,13
2020-04-13,Peru,PER,PASCO,2,13
2020-04-14,Peru,PER,PASCO,2,13
2020-04-15,Peru,PER,PASCO,2,13
2020-04-16,Peru,PER,PASCO,3,16
2020-04-17,Peru,PER,PASCO,2,18
2020-04-18,Peru,PER,PASCO,13,31
2020-04-19,Peru,PER,PASCO,2,33
2020-04-20,Peru,PER,PASCO,13,46
2020-04-21,Peru,PER,PASCO,11,57
2020-04-22,Peru,PER,PASCO,2,59
2020-04-23,Peru,PER,PASCO,4,63
2020-04-24,Peru,PER,PASCO,3,66
2020-04-25,Peru,PER,PASCO,8,74
2020-04-26,Peru,PER,PASCO,5,79
2020-04-27,Peru,PER,PASCO,12,91
2020-04-28,Peru,PER,PASCO,5,96
2020-04-29,Peru,PER,PASCO,13,109
2020-04-30,Peru,PER,PASCO,1,110
2020-05-01,Peru,PER,PASCO,5,115
2020-05-02,Peru,PER,PASCO,9,124
2020-05-03,Peru,PER,PASCO,2,126
2020-05-04,Peru,PER,PASCO,20,146
2020-05-05,Peru,PER,PASCO,8,154
2020-05-06,Peru,PER,PASCO,9,163
2020-05-07,Peru,PER,PASCO,7,170
2020-05-08,Peru,PER,PASCO,2,172
2020-05-09,Peru,PER,PASCO,6,178
2020-05-10,Peru,PER,PASCO,2,180
2020-05-11,Peru,PER,PASCO,3,183
2020-05-12,Peru,PER,PASCO,9,192
2020-05-13,Peru,PER,PASCO,8,200
2020-05-14,Peru,PER,PASCO,12,212
2020-05-15,Peru,PER,PASCO,7,219
2020-05-16,Peru,PER,PASCO,15,234
2020-05-17,Peru,PER,PASCO,6,240
2020-05-18,Peru,PER,PASCO,8,248
2020-05-19,Peru,PER,PASCO,15,263
2020-05-20,Peru,PER,PASCO,19,282
2020-05-21,Peru,PER,PASCO,31,313
2020-05-22,Peru,PER,PASCO,42,355
2020-05-23,Peru,PER,PASCO,36,391
2020-05-24,Peru,PER,PASCO,25,416
2020-05-25,Peru,PER,PASCO,15,431
2020-05-26,Peru,PER,PASCO,13,444
2020-05-27,Peru,PER,PASCO,25,469
2020-05-28,Peru,PER,PASCO,22,491
2020-05-29,Peru,PER,PASCO,4,495
2020-05-30,Peru,PER,PASCO,12,507
2020-05-31,Peru,PER,PASCO,3,510
2020-06-01,Peru,PER,PASCO,33,543
2020-06-02,Peru,PER,PASCO,9,552
2020-06-03,Peru,PER,PASCO,33,585
2020-06-04,Peru,PER,PASCO,29,614
2020-06-05,Peru,PER,PASCO,13,627
2020-06-06,Peru,PER,PASCO,8,635
2020-06-07,Peru,PER,PASCO,11,646
2020-06-08,Peru,PER,PASCO,21,667
2020-06-09,Peru,PER,PASCO,27,694
2020-06-10,Peru,PER,PASCO,28,722
2020-06-11,Peru,PER,PASCO,18,740
2020-06-12,Peru,PER,PASCO,12,752
2020-06-13,Peru,PER,PASCO,34,786
2020-06-14,Peru,PER,PASCO,12,798
2020-06-15,Peru,PER,PASCO,24,822
2020-06-16,Peru,PER,PASCO,6,828
2020-06-17,Peru,PER,PASCO,4,832
2020-06-18,Peru,PER,PASCO,14,846
2020-06-19,Peru,PER,PASCO,18,864
2020-06-20,Peru,PER,PASCO,10,874
2020-06-21,Peru,PER,PASCO,1,875
2020-06-22,Peru,PER,PASCO,7,882
2020-06-23,Peru,PER,PASCO,13,895
2020-06-24,Peru,PER,PASCO,10,905
2020-06-25,Peru,PER,PASCO,13,918
2020-06-26,Peru,PER,PASCO,10,928
2020-06-27,Peru,PER,PASCO,6,934
NA,Peru,PER,PASCO,2,936
2020-03-14,Peru,PER,PIURA,2,2
2020-03-15,Peru,PER,PIURA,2,2
2020-03-16,Peru,PER,PIURA,2,2
2020-03-17,Peru,PER,PIURA,2,2
2020-03-18,Peru,PER,PIURA,2,2
2020-03-19,Peru,PER,PIURA,2,2
2020-03-20,Peru,PER,PIURA,15,17
2020-03-21,Peru,PER,PIURA,1,18
2020-03-22,Peru,PER,PIURA,1,18
2020-03-23,Peru,PER,PIURA,1,18
2020-03-24,Peru,PER,PIURA,1,18
2020-03-25,Peru,PER,PIURA,1,19
2020-03-26,Peru,PER,PIURA,1,19
2020-03-27,Peru,PER,PIURA,1,19
2020-03-28,Peru,PER,PIURA,1,20
2020-03-29,Peru,PER,PIURA,1,20
2020-03-30,Peru,PER,PIURA,1,20
2020-03-31,Peru,PER,PIURA,5,25
2020-04-01,Peru,PER,PIURA,4,29
2020-04-02,Peru,PER,PIURA,1,30
2020-04-03,Peru,PER,PIURA,2,32
2020-04-04,Peru,PER,PIURA,5,37
2020-04-05,Peru,PER,PIURA,1,38
2020-04-06,Peru,PER,PIURA,8,46
2020-04-07,Peru,PER,PIURA,11,57
2020-04-08,Peru,PER,PIURA,21,78
2020-04-09,Peru,PER,PIURA,40,118
2020-04-10,Peru,PER,PIURA,36,154
2020-04-11,Peru,PER,PIURA,49,203
2020-04-12,Peru,PER,PIURA,32,235
2020-04-13,Peru,PER,PIURA,31,266
2020-04-14,Peru,PER,PIURA,55,321
2020-04-15,Peru,PER,PIURA,77,398
2020-04-16,Peru,PER,PIURA,52,450
2020-04-17,Peru,PER,PIURA,49,499
2020-04-18,Peru,PER,PIURA,42,541
2020-04-19,Peru,PER,PIURA,11,552
2020-04-20,Peru,PER,PIURA,54,606
2020-04-21,Peru,PER,PIURA,50,656
2020-04-22,Peru,PER,PIURA,72,728
2020-04-23,Peru,PER,PIURA,102,830
2020-04-24,Peru,PER,PIURA,152,982
2020-04-25,Peru,PER,PIURA,156,1138
2020-04-26,Peru,PER,PIURA,80,1218
2020-04-27,Peru,PER,PIURA,236,1454
2020-04-28,Peru,PER,PIURA,142,1596
2020-04-29,Peru,PER,PIURA,153,1749
2020-04-30,Peru,PER,PIURA,180,1929
2020-05-01,Peru,PER,PIURA,141,2070
2020-05-02,Peru,PER,PIURA,196,2266
2020-05-03,Peru,PER,PIURA,86,2352
2020-05-04,Peru,PER,PIURA,216,2568
2020-05-05,Peru,PER,PIURA,216,2784
2020-05-06,Peru,PER,PIURA,213,2997
2020-05-07,Peru,PER,PIURA,153,3150
2020-05-08,Peru,PER,PIURA,145,3295
2020-05-09,Peru,PER,PIURA,89,3384
2020-05-10,Peru,PER,PIURA,38,3422
2020-05-11,Peru,PER,PIURA,164,3586
2020-05-12,Peru,PER,PIURA,132,3718
2020-05-13,Peru,PER,PIURA,115,3833
2020-05-14,Peru,PER,PIURA,135,3968
2020-05-15,Peru,PER,PIURA,99,4067
2020-05-16,Peru,PER,PIURA,58,4125
2020-05-17,Peru,PER,PIURA,50,4175
2020-05-18,Peru,PER,PIURA,181,4356
2020-05-19,Peru,PER,PIURA,308,4664
2020-05-20,Peru,PER,PIURA,377,5041
2020-05-21,Peru,PER,PIURA,374,5415
2020-05-22,Peru,PER,PIURA,476,5891
2020-05-23,Peru,PER,PIURA,534,6425
2020-05-24,Peru,PER,PIURA,200,6625
2020-05-25,Peru,PER,PIURA,470,7095
2020-05-26,Peru,PER,PIURA,411,7506
2020-05-27,Peru,PER,PIURA,456,7962
2020-05-28,Peru,PER,PIURA,356,8318
2020-05-29,Peru,PER,PIURA,266,8584
2020-05-30,Peru,PER,PIURA,213,8797
2020-05-31,Peru,PER,PIURA,25,8822
2020-06-01,Peru,PER,PIURA,501,9323
2020-06-02,Peru,PER,PIURA,338,9661
2020-06-03,Peru,PER,PIURA,265,9926
2020-06-04,Peru,PER,PIURA,486,10412
2020-06-05,Peru,PER,PIURA,460,10872
2020-06-06,Peru,PER,PIURA,442,11314
2020-06-07,Peru,PER,PIURA,74,11388
2020-06-08,Peru,PER,PIURA,332,11720
2020-06-09,Peru,PER,PIURA,462,12182
2020-06-10,Peru,PER,PIURA,416,12598
2020-06-11,Peru,PER,PIURA,460,13058
2020-06-12,Peru,PER,PIURA,423,13481
2020-06-13,Peru,PER,PIURA,217,13698
2020-06-14,Peru,PER,PIURA,114,13812
2020-06-15,Peru,PER,PIURA,258,14070
2020-06-16,Peru,PER,PIURA,184,14254
2020-06-17,Peru,PER,PIURA,226,14480
2020-06-18,Peru,PER,PIURA,219,14699
2020-06-19,Peru,PER,PIURA,257,14956
2020-06-20,Peru,PER,PIURA,187,15143
2020-06-21,Peru,PER,PIURA,41,15184
2020-06-22,Peru,PER,PIURA,227,15411
2020-06-23,Peru,PER,PIURA,178,15589
2020-06-24,Peru,PER,PIURA,161,15750
2020-06-25,Peru,PER,PIURA,187,15937
2020-06-26,Peru,PER,PIURA,155,16092
2020-06-27,Peru,PER,PIURA,44,16136
NA,Peru,PER,PIURA,498,16634
2020-03-30,Peru,PER,PUNO,1,1
2020-03-31,Peru,PER,PUNO,1,1
2020-04-01,Peru,PER,PUNO,1,1
2020-04-02,Peru,PER,PUNO,1,1
2020-04-03,Peru,PER,PUNO,1,1
2020-04-04,Peru,PER,PUNO,1,1
2020-04-05,Peru,PER,PUNO,1,1
2020-04-06,Peru,PER,PUNO,1,2
2020-04-07,Peru,PER,PUNO,1,2
2020-04-08,Peru,PER,PUNO,1,2
2020-04-09,Peru,PER,PUNO,1,3
2020-04-10,Peru,PER,PUNO,1,3
2020-04-11,Peru,PER,PUNO,1,4
2020-04-12,Peru,PER,PUNO,1,4
2020-04-13,Peru,PER,PUNO,1,5
2020-04-14,Peru,PER,PUNO,1,5
2020-04-15,Peru,PER,PUNO,4,9
2020-04-16,Peru,PER,PUNO,2,11
2020-04-17,Peru,PER,PUNO,4,15
2020-04-18,Peru,PER,PUNO,9,24
2020-04-19,Peru,PER,PUNO,9,24
2020-04-20,Peru,PER,PUNO,10,34
2020-04-21,Peru,PER,PUNO,15,49
2020-04-22,Peru,PER,PUNO,6,55
2020-04-23,Peru,PER,PUNO,8,63
2020-04-24,Peru,PER,PUNO,16,79
2020-04-25,Peru,PER,PUNO,17,96
2020-04-26,Peru,PER,PUNO,14,110
2020-04-27,Peru,PER,PUNO,28,138
2020-04-28,Peru,PER,PUNO,22,160
2020-04-29,Peru,PER,PUNO,19,179
2020-04-30,Peru,PER,PUNO,21,200
2020-05-01,Peru,PER,PUNO,9,209
2020-05-02,Peru,PER,PUNO,7,216
2020-05-03,Peru,PER,PUNO,9,225
2020-05-04,Peru,PER,PUNO,12,237
2020-05-05,Peru,PER,PUNO,18,255
2020-05-06,Peru,PER,PUNO,6,261
2020-05-07,Peru,PER,PUNO,3,264
2020-05-08,Peru,PER,PUNO,1,265
2020-05-09,Peru,PER,PUNO,7,272
2020-05-10,Peru,PER,PUNO,1,273
2020-05-11,Peru,PER,PUNO,4,277
2020-05-12,Peru,PER,PUNO,4,281
2020-05-13,Peru,PER,PUNO,3,284
2020-05-14,Peru,PER,PUNO,2,286
2020-05-15,Peru,PER,PUNO,9,295
2020-05-16,Peru,PER,PUNO,3,298
2020-05-17,Peru,PER,PUNO,3,298
2020-05-18,Peru,PER,PUNO,7,305
2020-05-19,Peru,PER,PUNO,5,310
2020-05-20,Peru,PER,PUNO,9,319
2020-05-21,Peru,PER,PUNO,33,352
2020-05-22,Peru,PER,PUNO,25,377
2020-05-23,Peru,PER,PUNO,6,383
2020-05-24,Peru,PER,PUNO,2,385
2020-05-25,Peru,PER,PUNO,35,420
2020-05-26,Peru,PER,PUNO,3,423
2020-05-27,Peru,PER,PUNO,21,444
2020-05-28,Peru,PER,PUNO,15,459
2020-05-29,Peru,PER,PUNO,36,495
2020-05-30,Peru,PER,PUNO,13,508
2020-05-31,Peru,PER,PUNO,1,509
2020-06-01,Peru,PER,PUNO,7,516
2020-06-02,Peru,PER,PUNO,14,530
2020-06-03,Peru,PER,PUNO,19,549
2020-06-04,Peru,PER,PUNO,27,576
2020-06-05,Peru,PER,PUNO,7,583
2020-06-06,Peru,PER,PUNO,7,590
2020-06-07,Peru,PER,PUNO,2,592
2020-06-08,Peru,PER,PUNO,18,610
2020-06-09,Peru,PER,PUNO,23,633
2020-06-10,Peru,PER,PUNO,31,664
2020-06-11,Peru,PER,PUNO,8,672
2020-06-12,Peru,PER,PUNO,13,685
2020-06-13,Peru,PER,PUNO,15,700
2020-06-14,Peru,PER,PUNO,9,709
2020-06-15,Peru,PER,PUNO,11,720
2020-06-16,Peru,PER,PUNO,9,729
2020-06-17,Peru,PER,PUNO,11,740
2020-06-18,Peru,PER,PUNO,8,748
2020-06-19,Peru,PER,PUNO,15,763
2020-06-20,Peru,PER,PUNO,11,774
2020-06-21,Peru,PER,PUNO,12,786
2020-06-22,Peru,PER,PUNO,23,809
2020-06-23,Peru,PER,PUNO,19,828
2020-06-24,Peru,PER,PUNO,15,843
2020-06-25,Peru,PER,PUNO,4,847
2020-06-26,Peru,PER,PUNO,20,867
2020-06-27,Peru,PER,PUNO,6,873
NA,Peru,PER,PUNO,1,874
2020-03-27,Peru,PER,SAN MARTIN,1,1
2020-03-28,Peru,PER,SAN MARTIN,2,3
2020-03-29,Peru,PER,SAN MARTIN,1,4
2020-03-30,Peru,PER,SAN MARTIN,1,5
2020-03-31,Peru,PER,SAN MARTIN,1,5
2020-04-01,Peru,PER,SAN MARTIN,1,5
2020-04-02,Peru,PER,SAN MARTIN,1,5
2020-04-03,Peru,PER,SAN MARTIN,3,8
2020-04-04,Peru,PER,SAN MARTIN,3,8
2020-04-05,Peru,PER,SAN MARTIN,3,8
2020-04-06,Peru,PER,SAN MARTIN,3,8
2020-04-07,Peru,PER,SAN MARTIN,3,11
2020-04-08,Peru,PER,SAN MARTIN,4,15
2020-04-09,Peru,PER,SAN MARTIN,5,20
2020-04-10,Peru,PER,SAN MARTIN,5,20
2020-04-11,Peru,PER,SAN MARTIN,15,35
2020-04-12,Peru,PER,SAN MARTIN,15,35
2020-04-13,Peru,PER,SAN MARTIN,15,35
2020-04-14,Peru,PER,SAN MARTIN,6,41
2020-04-15,Peru,PER,SAN MARTIN,13,54
2020-04-16,Peru,PER,SAN MARTIN,11,65
2020-04-17,Peru,PER,SAN MARTIN,12,77
2020-04-18,Peru,PER,SAN MARTIN,12,89
2020-04-19,Peru,PER,SAN MARTIN,1,90
2020-04-20,Peru,PER,SAN MARTIN,7,97
2020-04-21,Peru,PER,SAN MARTIN,5,102
2020-04-22,Peru,PER,SAN MARTIN,4,106
2020-04-23,Peru,PER,SAN MARTIN,2,108
2020-04-24,Peru,PER,SAN MARTIN,13,121
2020-04-25,Peru,PER,SAN MARTIN,29,150
2020-04-26,Peru,PER,SAN MARTIN,16,166
2020-04-27,Peru,PER,SAN MARTIN,23,189
2020-04-28,Peru,PER,SAN MARTIN,43,232
2020-04-29,Peru,PER,SAN MARTIN,21,253
2020-04-30,Peru,PER,SAN MARTIN,15,268
2020-05-01,Peru,PER,SAN MARTIN,18,286
2020-05-02,Peru,PER,SAN MARTIN,30,316
2020-05-03,Peru,PER,SAN MARTIN,20,336
2020-05-04,Peru,PER,SAN MARTIN,7,343
2020-05-05,Peru,PER,SAN MARTIN,11,354
2020-05-06,Peru,PER,SAN MARTIN,31,385
2020-05-07,Peru,PER,SAN MARTIN,62,447
2020-05-08,Peru,PER,SAN MARTIN,50,497
2020-05-09,Peru,PER,SAN MARTIN,28,525
2020-05-10,Peru,PER,SAN MARTIN,14,539
2020-05-11,Peru,PER,SAN MARTIN,11,550
2020-05-12,Peru,PER,SAN MARTIN,12,562
2020-05-13,Peru,PER,SAN MARTIN,29,591
2020-05-14,Peru,PER,SAN MARTIN,38,629
2020-05-15,Peru,PER,SAN MARTIN,21,650
2020-05-16,Peru,PER,SAN MARTIN,54,704
2020-05-17,Peru,PER,SAN MARTIN,19,723
2020-05-18,Peru,PER,SAN MARTIN,92,815
2020-05-19,Peru,PER,SAN MARTIN,89,904
2020-05-20,Peru,PER,SAN MARTIN,41,945
2020-05-21,Peru,PER,SAN MARTIN,43,988
2020-05-22,Peru,PER,SAN MARTIN,26,1014
2020-05-23,Peru,PER,SAN MARTIN,18,1032
2020-05-24,Peru,PER,SAN MARTIN,15,1047
2020-05-25,Peru,PER,SAN MARTIN,24,1071
2020-05-26,Peru,PER,SAN MARTIN,62,1133
2020-05-27,Peru,PER,SAN MARTIN,65,1198
2020-05-28,Peru,PER,SAN MARTIN,65,1263
2020-05-29,Peru,PER,SAN MARTIN,51,1314
2020-05-30,Peru,PER,SAN MARTIN,63,1377
2020-05-31,Peru,PER,SAN MARTIN,39,1416
2020-06-01,Peru,PER,SAN MARTIN,96,1512
2020-06-02,Peru,PER,SAN MARTIN,102,1614
2020-06-03,Peru,PER,SAN MARTIN,59,1673
2020-06-04,Peru,PER,SAN MARTIN,71,1744
2020-06-05,Peru,PER,SAN MARTIN,71,1815
2020-06-06,Peru,PER,SAN MARTIN,63,1878
2020-06-07,Peru,PER,SAN MARTIN,54,1932
2020-06-08,Peru,PER,SAN MARTIN,157,2089
2020-06-09,Peru,PER,SAN MARTIN,106,2195
2020-06-10,Peru,PER,SAN MARTIN,145,2340
2020-06-11,Peru,PER,SAN MARTIN,164,2504
2020-06-12,Peru,PER,SAN MARTIN,184,2688
2020-06-13,Peru,PER,SAN MARTIN,108,2796
2020-06-14,Peru,PER,SAN MARTIN,12,2808
2020-06-15,Peru,PER,SAN MARTIN,51,2859
2020-06-16,Peru,PER,SAN MARTIN,150,3009
2020-06-17,Peru,PER,SAN MARTIN,83,3092
2020-06-18,Peru,PER,SAN MARTIN,138,3230
2020-06-19,Peru,PER,SAN MARTIN,132,3362
2020-06-20,Peru,PER,SAN MARTIN,166,3528
2020-06-21,Peru,PER,SAN MARTIN,16,3544
2020-06-22,Peru,PER,SAN MARTIN,161,3705
2020-06-23,Peru,PER,SAN MARTIN,137,3842
2020-06-24,Peru,PER,SAN MARTIN,149,3991
2020-06-25,Peru,PER,SAN MARTIN,200,4191
2020-06-26,Peru,PER,SAN MARTIN,216,4407
2020-06-27,Peru,PER,SAN MARTIN,38,4445
NA,Peru,PER,SAN MARTIN,103,4548
2020-03-28,Peru,PER,TACNA,1,1
2020-03-29,Peru,PER,TACNA,1,1
2020-03-30,Peru,PER,TACNA,1,1
2020-03-31,Peru,PER,TACNA,1,2
2020-04-01,Peru,PER,TACNA,1,2
2020-04-02,Peru,PER,TACNA,1,2
2020-04-03,Peru,PER,TACNA,1,2
2020-04-04,Peru,PER,TACNA,6,8
2020-04-05,Peru,PER,TACNA,6,8
2020-04-06,Peru,PER,TACNA,6,8
2020-04-07,Peru,PER,TACNA,1,9
2020-04-08,Peru,PER,TACNA,1,9
2020-04-09,Peru,PER,TACNA,1,9
2020-04-10,Peru,PER,TACNA,1,9
2020-04-11,Peru,PER,TACNA,1,9
2020-04-12,Peru,PER,TACNA,1,9
2020-04-13,Peru,PER,TACNA,1,9
2020-04-14,Peru,PER,TACNA,3,12
2020-04-15,Peru,PER,TACNA,2,14
2020-04-16,Peru,PER,TACNA,7,21
2020-04-17,Peru,PER,TACNA,9,30
2020-04-18,Peru,PER,TACNA,8,38
2020-04-19,Peru,PER,TACNA,4,42
2020-04-20,Peru,PER,TACNA,7,49
2020-04-21,Peru,PER,TACNA,6,55
2020-04-22,Peru,PER,TACNA,8,63
2020-04-23,Peru,PER,TACNA,14,77
2020-04-24,Peru,PER,TACNA,7,84
2020-04-25,Peru,PER,TACNA,7,91
2020-04-26,Peru,PER,TACNA,4,95
2020-04-27,Peru,PER,TACNA,5,100
2020-04-28,Peru,PER,TACNA,22,122
2020-04-29,Peru,PER,TACNA,23,145
2020-04-30,Peru,PER,TACNA,16,161
2020-05-01,Peru,PER,TACNA,6,167
2020-05-02,Peru,PER,TACNA,6,173
2020-05-03,Peru,PER,TACNA,7,180
2020-05-04,Peru,PER,TACNA,8,188
2020-05-05,Peru,PER,TACNA,10,198
2020-05-06,Peru,PER,TACNA,7,205
2020-05-07,Peru,PER,TACNA,3,208
2020-05-08,Peru,PER,TACNA,6,214
2020-05-09,Peru,PER,TACNA,9,223
2020-05-10,Peru,PER,TACNA,9,223
2020-05-11,Peru,PER,TACNA,4,227
2020-05-12,Peru,PER,TACNA,4,231
2020-05-13,Peru,PER,TACNA,7,238
2020-05-14,Peru,PER,TACNA,10,248
2020-05-15,Peru,PER,TACNA,15,263
2020-05-16,Peru,PER,TACNA,11,274
2020-05-17,Peru,PER,TACNA,11,274
2020-05-18,Peru,PER,TACNA,22,296
2020-05-19,Peru,PER,TACNA,14,310
2020-05-20,Peru,PER,TACNA,13,323
2020-05-21,Peru,PER,TACNA,43,366
2020-05-22,Peru,PER,TACNA,35,401
2020-05-23,Peru,PER,TACNA,52,453
2020-05-24,Peru,PER,TACNA,2,455
2020-05-25,Peru,PER,TACNA,39,494
2020-05-26,Peru,PER,TACNA,14,508
2020-05-27,Peru,PER,TACNA,8,516
2020-05-28,Peru,PER,TACNA,31,547
2020-05-29,Peru,PER,TACNA,10,557
2020-05-30,Peru,PER,TACNA,18,575
2020-05-31,Peru,PER,TACNA,18,575
2020-06-01,Peru,PER,TACNA,14,589
2020-06-02,Peru,PER,TACNA,15,604
2020-06-03,Peru,PER,TACNA,14,618
2020-06-04,Peru,PER,TACNA,14,632
2020-06-05,Peru,PER,TACNA,19,651
2020-06-06,Peru,PER,TACNA,15,666
2020-06-07,Peru,PER,TACNA,3,669
2020-06-08,Peru,PER,TACNA,12,681
2020-06-09,Peru,PER,TACNA,16,697
2020-06-10,Peru,PER,TACNA,6,703
2020-06-11,Peru,PER,TACNA,12,715
2020-06-12,Peru,PER,TACNA,15,730
2020-06-13,Peru,PER,TACNA,9,739
2020-06-14,Peru,PER,TACNA,2,741
2020-06-15,Peru,PER,TACNA,19,760
2020-06-16,Peru,PER,TACNA,3,763
2020-06-17,Peru,PER,TACNA,8,771
2020-06-18,Peru,PER,TACNA,6,777
2020-06-19,Peru,PER,TACNA,8,785
2020-06-20,Peru,PER,TACNA,8,793
2020-06-21,Peru,PER,TACNA,1,794
2020-06-22,Peru,PER,TACNA,8,802
2020-06-23,Peru,PER,TACNA,10,812
2020-06-24,Peru,PER,TACNA,13,825
2020-06-25,Peru,PER,TACNA,20,845
2020-06-26,Peru,PER,TACNA,17,862
2020-06-27,Peru,PER,TACNA,3,865
NA,Peru,PER,TACNA,11,876
2020-03-23,Peru,PER,TUMBES,3,3
2020-03-24,Peru,PER,TUMBES,3,3
2020-03-25,Peru,PER,TUMBES,3,3
2020-03-26,Peru,PER,TUMBES,2,5
2020-03-27,Peru,PER,TUMBES,1,6
2020-03-28,Peru,PER,TUMBES,2,8
2020-03-29,Peru,PER,TUMBES,2,8
2020-03-30,Peru,PER,TUMBES,2,10
2020-03-31,Peru,PER,TUMBES,3,13
2020-04-01,Peru,PER,TUMBES,2,15
2020-04-02,Peru,PER,TUMBES,6,21
2020-04-03,Peru,PER,TUMBES,5,26
2020-04-04,Peru,PER,TUMBES,10,36
2020-04-05,Peru,PER,TUMBES,10,36
2020-04-06,Peru,PER,TUMBES,4,40
2020-04-07,Peru,PER,TUMBES,4,44
2020-04-08,Peru,PER,TUMBES,22,66
2020-04-09,Peru,PER,TUMBES,1,67
2020-04-10,Peru,PER,TUMBES,3,70
2020-04-11,Peru,PER,TUMBES,39,109
2020-04-12,Peru,PER,TUMBES,6,115
2020-04-13,Peru,PER,TUMBES,13,128
2020-04-14,Peru,PER,TUMBES,22,150
2020-04-15,Peru,PER,TUMBES,18,168
2020-04-16,Peru,PER,TUMBES,12,180
2020-04-17,Peru,PER,TUMBES,7,187
2020-04-18,Peru,PER,TUMBES,6,193
2020-04-19,Peru,PER,TUMBES,6,199
2020-04-20,Peru,PER,TUMBES,17,216
2020-04-21,Peru,PER,TUMBES,2,218
2020-04-22,Peru,PER,TUMBES,7,225
2020-04-23,Peru,PER,TUMBES,12,237
2020-04-24,Peru,PER,TUMBES,20,257
2020-04-25,Peru,PER,TUMBES,12,269
2020-04-26,Peru,PER,TUMBES,9,278
2020-04-27,Peru,PER,TUMBES,16,294
2020-04-28,Peru,PER,TUMBES,12,306
2020-04-29,Peru,PER,TUMBES,47,353
2020-04-30,Peru,PER,TUMBES,30,383
2020-05-01,Peru,PER,TUMBES,17,400
2020-05-02,Peru,PER,TUMBES,40,440
2020-05-03,Peru,PER,TUMBES,11,451
2020-05-04,Peru,PER,TUMBES,26,477
2020-05-05,Peru,PER,TUMBES,31,508
2020-05-06,Peru,PER,TUMBES,14,522
2020-05-07,Peru,PER,TUMBES,14,536
2020-05-08,Peru,PER,TUMBES,11,547
2020-05-09,Peru,PER,TUMBES,22,569
2020-05-10,Peru,PER,TUMBES,2,571
2020-05-11,Peru,PER,TUMBES,30,601
2020-05-12,Peru,PER,TUMBES,29,630
2020-05-13,Peru,PER,TUMBES,36,666
2020-05-14,Peru,PER,TUMBES,23,689
2020-05-15,Peru,PER,TUMBES,38,727
2020-05-16,Peru,PER,TUMBES,36,763
2020-05-17,Peru,PER,TUMBES,14,777
2020-05-18,Peru,PER,TUMBES,24,801
2020-05-19,Peru,PER,TUMBES,40,841
2020-05-20,Peru,PER,TUMBES,30,871
2020-05-21,Peru,PER,TUMBES,35,906
2020-05-22,Peru,PER,TUMBES,41,947
2020-05-23,Peru,PER,TUMBES,29,976
2020-05-24,Peru,PER,TUMBES,14,990
2020-05-25,Peru,PER,TUMBES,45,1035
2020-05-26,Peru,PER,TUMBES,37,1072
2020-05-27,Peru,PER,TUMBES,29,1101
2020-05-28,Peru,PER,TUMBES,47,1148
2020-05-29,Peru,PER,TUMBES,31,1179
2020-05-30,Peru,PER,TUMBES,10,1189
2020-05-31,Peru,PER,TUMBES,10,1199
2020-06-01,Peru,PER,TUMBES,43,1242
2020-06-02,Peru,PER,TUMBES,32,1274
2020-06-03,Peru,PER,TUMBES,30,1304
2020-06-04,Peru,PER,TUMBES,25,1329
2020-06-05,Peru,PER,TUMBES,54,1383
2020-06-06,Peru,PER,TUMBES,36,1419
2020-06-07,Peru,PER,TUMBES,9,1428
2020-06-08,Peru,PER,TUMBES,44,1472
2020-06-09,Peru,PER,TUMBES,61,1533
2020-06-10,Peru,PER,TUMBES,57,1590
2020-06-11,Peru,PER,TUMBES,77,1667
2020-06-12,Peru,PER,TUMBES,66,1733
2020-06-13,Peru,PER,TUMBES,50,1783
2020-06-14,Peru,PER,TUMBES,16,1799
2020-06-15,Peru,PER,TUMBES,64,1863
2020-06-16,Peru,PER,TUMBES,23,1886
2020-06-17,Peru,PER,TUMBES,69,1955
2020-06-18,Peru,PER,TUMBES,26,1981
2020-06-19,Peru,PER,TUMBES,28,2009
2020-06-20,Peru,PER,TUMBES,57,2066
2020-06-21,Peru,PER,TUMBES,21,2087
2020-06-22,Peru,PER,TUMBES,42,2129
2020-06-23,Peru,PER,TUMBES,43,2172
2020-06-24,Peru,PER,TUMBES,51,2223
2020-06-25,Peru,PER,TUMBES,47,2270
2020-06-26,Peru,PER,TUMBES,43,2313
2020-06-27,Peru,PER,TUMBES,39,2352
NA,Peru,PER,TUMBES,255,2607
2020-04-02,Peru,PER,UCAYALI,1,1
2020-04-03,Peru,PER,UCAYALI,1,2
2020-04-04,Peru,PER,UCAYALI,6,8
2020-04-05,Peru,PER,UCAYALI,6,8
2020-04-06,Peru,PER,UCAYALI,5,13
2020-04-07,Peru,PER,UCAYALI,1,14
2020-04-08,Peru,PER,UCAYALI,1,14
2020-04-09,Peru,PER,UCAYALI,1,14
2020-04-10,Peru,PER,UCAYALI,3,17
2020-04-11,Peru,PER,UCAYALI,1,18
2020-04-12,Peru,PER,UCAYALI,3,21
2020-04-13,Peru,PER,UCAYALI,11,32
2020-04-14,Peru,PER,UCAYALI,6,38
2020-04-15,Peru,PER,UCAYALI,21,59
2020-04-16,Peru,PER,UCAYALI,6,65
2020-04-17,Peru,PER,UCAYALI,15,80
2020-04-18,Peru,PER,UCAYALI,19,99
2020-04-19,Peru,PER,UCAYALI,22,121
2020-04-20,Peru,PER,UCAYALI,26,147
2020-04-21,Peru,PER,UCAYALI,23,170
2020-04-22,Peru,PER,UCAYALI,24,194
2020-04-23,Peru,PER,UCAYALI,15,209
2020-04-24,Peru,PER,UCAYALI,51,260
2020-04-25,Peru,PER,UCAYALI,21,281
2020-04-26,Peru,PER,UCAYALI,18,299
2020-04-27,Peru,PER,UCAYALI,109,408
2020-04-28,Peru,PER,UCAYALI,184,592
2020-04-29,Peru,PER,UCAYALI,87,679
2020-04-30,Peru,PER,UCAYALI,79,758
2020-05-01,Peru,PER,UCAYALI,76,834
2020-05-02,Peru,PER,UCAYALI,106,940
2020-05-03,Peru,PER,UCAYALI,94,1034
2020-05-04,Peru,PER,UCAYALI,91,1125
2020-05-05,Peru,PER,UCAYALI,59,1184
2020-05-06,Peru,PER,UCAYALI,81,1265
2020-05-07,Peru,PER,UCAYALI,12,1277
2020-05-08,Peru,PER,UCAYALI,101,1378
2020-05-09,Peru,PER,UCAYALI,190,1568
2020-05-10,Peru,PER,UCAYALI,47,1615
2020-05-11,Peru,PER,UCAYALI,47,1662
2020-05-12,Peru,PER,UCAYALI,84,1746
2020-05-13,Peru,PER,UCAYALI,109,1855
2020-05-14,Peru,PER,UCAYALI,110,1965
2020-05-15,Peru,PER,UCAYALI,104,2069
2020-05-16,Peru,PER,UCAYALI,407,2476
2020-05-17,Peru,PER,UCAYALI,52,2528
2020-05-18,Peru,PER,UCAYALI,354,2882
2020-05-19,Peru,PER,UCAYALI,140,3022
2020-05-20,Peru,PER,UCAYALI,317,3339
2020-05-21,Peru,PER,UCAYALI,166,3505
2020-05-22,Peru,PER,UCAYALI,187,3692
2020-05-23,Peru,PER,UCAYALI,125,3817
2020-05-24,Peru,PER,UCAYALI,36,3853
2020-05-25,Peru,PER,UCAYALI,70,3923
2020-05-26,Peru,PER,UCAYALI,188,4111
2020-05-27,Peru,PER,UCAYALI,172,4283
2020-05-28,Peru,PER,UCAYALI,209,4492
2020-05-29,Peru,PER,UCAYALI,171,4663
2020-05-30,Peru,PER,UCAYALI,206,4869
2020-05-31,Peru,PER,UCAYALI,50,4919
2020-06-01,Peru,PER,UCAYALI,114,5033
2020-06-02,Peru,PER,UCAYALI,39,5072
2020-06-03,Peru,PER,UCAYALI,58,5130
2020-06-04,Peru,PER,UCAYALI,61,5191
2020-06-05,Peru,PER,UCAYALI,153,5344
2020-06-06,Peru,PER,UCAYALI,172,5516
2020-06-07,Peru,PER,UCAYALI,50,5566
2020-06-08,Peru,PER,UCAYALI,198,5764
2020-06-09,Peru,PER,UCAYALI,208,5972
2020-06-10,Peru,PER,UCAYALI,117,6089
2020-06-11,Peru,PER,UCAYALI,181,6270
2020-06-12,Peru,PER,UCAYALI,147,6417
2020-06-13,Peru,PER,UCAYALI,219,6636
2020-06-14,Peru,PER,UCAYALI,27,6663
2020-06-15,Peru,PER,UCAYALI,37,6700
2020-06-16,Peru,PER,UCAYALI,46,6746
2020-06-17,Peru,PER,UCAYALI,53,6799
2020-06-18,Peru,PER,UCAYALI,48,6847
2020-06-19,Peru,PER,UCAYALI,131,6978
2020-06-20,Peru,PER,UCAYALI,64,7042
2020-06-21,Peru,PER,UCAYALI,131,7173
2020-06-22,Peru,PER,UCAYALI,73,7246
2020-06-23,Peru,PER,UCAYALI,48,7294
2020-06-24,Peru,PER,UCAYALI,22,7316
2020-06-25,Peru,PER,UCAYALI,96,7412
2020-06-26,Peru,PER,UCAYALI,95,7507
2020-06-27,Peru,PER,UCAYALI,61,7568
NA,Peru,PER,UCAYALI,51,7619
