pais,iso3c,fecha_fallecimiento,departamento,provincia,distrito,n,n_acum
Peru,PER,2020-03-19,LIMA,LIMA,MIRAFLORES,1,1
Peru,PER,2020-03-19,LIMA,LIMA,RIMAC,1,2
Peru,PER,2020-03-19,LIMA,LIMA,SANTIAGO DE SURCO,1,3
Peru,PER,2020-03-20,LIMA,LIMA,LIMA,1,1
Peru,PER,2020-03-20,LIMA,LIMA,SAN JUAN DE LURIGANCHO,1,2
Peru,PER,2020-03-21,PIURA,SULLANA,MARCAVELICA,1,1
Peru,PER,2020-03-23,LIMA,LIMA,CHORRILLOS,1,1
Peru,PER,2020-03-24,CUSCO,CUSCO,CUSCO,1,1
Peru,PER,2020-03-24,LA LIBERTAD,TRUJILLO,TRUJILLO,1,1
Peru,PER,2020-03-24,LIMA,LIMA,JESUS MARIA,1,1
Peru,PER,2020-03-26,LA LIBERTAD,TRUJILLO,TRUJILLO,1,1
Peru,PER,2020-03-26,LAMBAYEQUE,FERREÑAFE,FERREÑAFE,2,2
Peru,PER,2020-03-26,LIMA,LIMA,LIMA,2,2
Peru,PER,2020-03-26,LIMA,LIMA,SAN JUAN DE LURIGANCHO,1,3
Peru,PER,2020-03-27,CUSCO,CUSCO,CUSCO,1,1
Peru,PER,2020-03-27,LIMA,LIMA,JESUS MARIA,2,2
Peru,PER,2020-03-27,LIMA,LIMA,LOS OLIVOS,1,3
Peru,PER,2020-03-27,LIMA,LIMA,SAN ISIDRO,1,4
Peru,PER,2020-03-27,LIMA,LIMA,SANTIAGO DE SURCO,1,5
Peru,PER,2020-03-28,ANCASH,SANTA,SANTA,1,1
Peru,PER,2020-03-28,LIMA,LIMA,LA MOLINA,1,1
Peru,PER,2020-03-28,LIMA,LIMA,LIMA,1,2
Peru,PER,2020-03-29,AREQUIPA,CAYLLOMA,MAJES,1,1
Peru,PER,2020-03-29,CALLAO,LIMA,SAN MARTIN DE PORRES,1,1
Peru,PER,2020-03-29,CALLAO,LIMA,SAN MIGUEL,1,2
Peru,PER,2020-03-29,LAMBAYEQUE,CHICLAYO,MONSEFU,1,1
Peru,PER,2020-03-29,LIMA,LIMA,BREÑA,1,1
Peru,PER,2020-03-29,LIMA,LIMA,LIMA,2,3
Peru,PER,2020-03-29,LIMA,LIMA,SAN JUAN DE LURIGANCHO,2,5
Peru,PER,2020-03-29,LIMA,LIMA,SAN MARTIN DE PORRES,1,6
Peru,PER,2020-03-29,LIMA,LIMA,VILLA EL SALVADOR,1,7
Peru,PER,2020-03-29,PIURA,PIURA,VEINTISÉIS DE OCTUBRE,1,1
Peru,PER,2020-03-30,JUNIN,HUANCAYO,EL TAMBO,1,1
Peru,PER,2020-03-30,LAMBAYEQUE,CHICLAYO,CHICLAYO,1,1
Peru,PER,2020-03-30,LAMBAYEQUE,CHICLAYO,ETEN,1,2
Peru,PER,2020-03-30,LIMA,LIMA,EL AGUSTINO,1,1
Peru,PER,2020-03-30,LIMA,LIMA,LIMA,1,2
Peru,PER,2020-03-30,LIMA,LIMA,PUEBLO LIBRE,1,3
Peru,PER,2020-03-30,LIMA,LIMA,SAN ISIDRO,1,4
Peru,PER,2020-03-30,LIMA,LIMA,SANTIAGO DE SURCO,1,5
Peru,PER,2020-03-30,LORETO,MAYNAS,BELEN,1,1
Peru,PER,2020-03-30,LORETO,MAYNAS,INDIANA,1,2
Peru,PER,2020-03-30,TUMBES,ZARUMILLA,AGUAS VERDES,1,1
Peru,PER,2020-03-31,AREQUIPA,AREQUIPA,CAYMA,1,1
Peru,PER,2020-03-31,CALLAO,CALLAO,CALLAO,2,2
Peru,PER,2020-03-31,LA LIBERTAD,TRUJILLO,TRUJILLO,1,1
Peru,PER,2020-03-31,LAMBAYEQUE,CHICLAYO,JOSE LEONARDO ORTIZ,1,1
Peru,PER,2020-03-31,LIMA,HUAURA,HUACHO,1,1
Peru,PER,2020-03-31,LIMA,LIMA,CHORRILLOS,1,1
Peru,PER,2020-03-31,LIMA,LIMA,INDEPENDENCIA,1,2
Peru,PER,2020-03-31,LIMA,LIMA,LIMA,2,4
Peru,PER,2020-03-31,LIMA,LIMA,PUEBLO LIBRE,2,6
Peru,PER,2020-03-31,LIMA,LIMA,PUENTE PIEDRA,1,7
Peru,PER,2020-03-31,LIMA,LIMA,RIMAC,1,8
Peru,PER,2020-03-31,LIMA,LIMA,SAN LUIS,1,9
Peru,PER,2020-03-31,LIMA,LIMA,SAN MARTIN DE PORRES,1,10
Peru,PER,2020-03-31,LIMA,LIMA,SANTA ANITA,1,11
Peru,PER,2020-03-31,SAN MARTIN,MOYOBAMBA,MOYOBAMBA,1,1
Peru,PER,2020-04-01,CALLAO,CALLAO,CALLAO,2,2
Peru,PER,2020-04-01,CALLAO,CALLAO,LA PERLA,1,3
Peru,PER,2020-04-01,ICA,CHINCHA,CHINCHA ALTA,1,1
Peru,PER,2020-04-01,LAMBAYEQUE,LAMBAYEQUE,MOTUPE,1,1
Peru,PER,2020-04-01,LIMA,LIMA,COMAS,1,1
Peru,PER,2020-04-01,LIMA,LIMA,LOS OLIVOS,1,2
Peru,PER,2020-04-01,LIMA,LIMA,MIRAFLORES,1,3
Peru,PER,2020-04-01,LIMA,LIMA,RIMAC,1,4
Peru,PER,2020-04-01,LIMA,LIMA,SAN MARTIN DE PORRES,1,5
Peru,PER,2020-04-01,LIMA,LIMA,SANTIAGO DE SURCO,1,6
Peru,PER,2020-04-01,TUMBES,ZARUMILLA,AGUAS VERDES,1,1
Peru,PER,2020-04-02,CALLAO,CALLAO,CALLAO,2,2
Peru,PER,2020-04-02,CUSCO,CUSCO,CUSCO,1,1
Peru,PER,2020-04-02,LA LIBERTAD,TRUJILLO,TRUJILLO,1,1
Peru,PER,2020-04-02,LIMA,LIMA,ATE,1,1
Peru,PER,2020-04-02,LIMA,LIMA,INDEPENDENCIA,1,2
Peru,PER,2020-04-02,LIMA,LIMA,LA MOLINA,1,3
Peru,PER,2020-04-02,LIMA,LIMA,LA VICTORIA,1,4
Peru,PER,2020-04-02,LIMA,LIMA,PACHACAMAC,1,5
Peru,PER,2020-04-02,LIMA,LIMA,SAN MARTIN DE PORRES,1,6
Peru,PER,2020-04-02,LIMA,NA,NA,1,1
Peru,PER,2020-04-02,PIURA,PIURA,CASTILLA,1,1
Peru,PER,2020-04-02,TUMBES,TUMBES,TUMBES,1,1
Peru,PER,2020-04-03,CALLAO,CALLAO,CALLAO,1,1
Peru,PER,2020-04-03,ICA,ICA,SALAS,1,1
Peru,PER,2020-04-03,LAMBAYEQUE,CHICLAYO,JOSE LEONARDO ORTIZ,1,1
Peru,PER,2020-04-03,LAMBAYEQUE,CHICLAYO,MONSEFU,1,2
Peru,PER,2020-04-03,LAMBAYEQUE,FERREÑAFE,FERREÑAFE,2,2
Peru,PER,2020-04-03,LIMA,HUARAL,CHANCAY,1,1
Peru,PER,2020-04-03,LIMA,LIMA,ATE,2,2
Peru,PER,2020-04-03,LIMA,LIMA,BREÑA,1,3
Peru,PER,2020-04-03,LIMA,LIMA,COMAS,2,5
Peru,PER,2020-04-03,LIMA,LIMA,EL AGUSTINO,2,7
Peru,PER,2020-04-03,LIMA,LIMA,LA MOLINA,1,8
Peru,PER,2020-04-03,LIMA,LIMA,LA VICTORIA,1,9
Peru,PER,2020-04-03,LIMA,LIMA,LIMA,1,10
Peru,PER,2020-04-03,LIMA,LIMA,LURIGANCHO,1,11
Peru,PER,2020-04-03,LIMA,LIMA,MIRAFLORES,1,12
Peru,PER,2020-04-03,LIMA,LIMA,RIMAC,1,13
Peru,PER,2020-04-03,LIMA,LIMA,SAN BORJA,1,14
Peru,PER,2020-04-03,LIMA,LIMA,SAN JUAN DE LURIGANCHO,2,16
Peru,PER,2020-04-03,LIMA,LIMA,SAN MARTIN DE PORRES,2,18
Peru,PER,2020-04-03,LIMA,LIMA,SANTA ANITA,1,19
Peru,PER,2020-04-03,LIMA,LIMA,SURQUILLO,1,20
Peru,PER,2020-04-03,LIMA,LIMA,VILLA EL SALVADOR,1,21
Peru,PER,2020-04-03,PIURA,PIURA,PIURA,1,1
Peru,PER,2020-04-03,TUMBES,TUMBES,TUMBES,1,1
Peru,PER,2020-04-04,AREQUIPA,AREQUIPA,CAYMA,1,1
Peru,PER,2020-04-04,AREQUIPA,AREQUIPA,MARIANO MELGAR,1,2
Peru,PER,2020-04-04,AREQUIPA,AREQUIPA,PAUCARPATA,1,3
Peru,PER,2020-04-04,AREQUIPA,AREQUIPA,YANAHUARA,2,5
Peru,PER,2020-04-04,CALLAO,CALLAO,CALLAO,2,2
Peru,PER,2020-04-04,HUANCAVELICA,HUAROCHIRI,SANTA EULALIA,1,1
Peru,PER,2020-04-04,ICA,ICA,SANTIAGO,1,1
Peru,PER,2020-04-04,JUNIN,HUANCAYO,HUANCAYO,1,1
Peru,PER,2020-04-04,LA LIBERTAD,ASCOPE,RAZURI,1,1
Peru,PER,2020-04-04,LAMBAYEQUE,CHICLAYO,CHICLAYO,1,1
Peru,PER,2020-04-04,LAMBAYEQUE,CHICLAYO,MONSEFU,1,2
Peru,PER,2020-04-04,LAMBAYEQUE,CHICLAYO,REQUE,1,3
Peru,PER,2020-04-04,LAMBAYEQUE,FERREÑAFE,FERREÑAFE,1,1
Peru,PER,2020-04-04,LAMBAYEQUE,FERREÑAFE,PUEBLO NUEVO,1,2
Peru,PER,2020-04-04,LIMA,LIMA,ATE,2,2
Peru,PER,2020-04-04,LIMA,LIMA,BREÑA,1,3
Peru,PER,2020-04-04,LIMA,LIMA,CARABAYLLO,1,4
Peru,PER,2020-04-04,LIMA,LIMA,CHACLACAYO,1,5
Peru,PER,2020-04-04,LIMA,LIMA,CHORRILLOS,1,6
Peru,PER,2020-04-04,LIMA,LIMA,LIMA,2,8
Peru,PER,2020-04-04,LIMA,LIMA,LOS OLIVOS,2,10
Peru,PER,2020-04-04,LIMA,LIMA,RIMAC,1,11
Peru,PER,2020-04-04,LIMA,LIMA,SAN ISIDRO,1,12
Peru,PER,2020-04-04,LIMA,LIMA,SAN JUAN DE LURIGANCHO,2,14
Peru,PER,2020-04-04,LIMA,LIMA,SAN JUAN DE MIRAFLORES,1,15
Peru,PER,2020-04-04,LIMA,LIMA,SAN MARTIN DE PORRES,1,16
Peru,PER,2020-04-04,LIMA,LIMA,SANTA ANITA,2,18
Peru,PER,2020-04-04,LIMA,LIMA,SANTIAGO DE SURCO,3,21
Peru,PER,2020-04-04,LIMA,LIMA,SURQUILLO,2,23
Peru,PER,2020-04-04,PIURA,MORROPON,CHULUCANAS,1,1
Peru,PER,2020-04-04,PIURA,PIURA,VEINTISÉIS DE OCTUBRE,2,2
Peru,PER,2020-04-04,PIURA,SULLANA,SULLANA,1,1
Peru,PER,2020-04-04,UCAYALI,NULL,NULL,1,1
Peru,PER,2020-04-05,ANCASH,SANTA,SANTA,1,1
Peru,PER,2020-04-05,CALLAO,CALLAO,CALLAO,1,1
Peru,PER,2020-04-05,CALLAO,LIMA,PUENTE PIEDRA,1,1
Peru,PER,2020-04-05,LAMBAYEQUE,CHICLAYO,MONSEFU,1,1
Peru,PER,2020-04-05,LAMBAYEQUE,FERREÑAFE,FERREÑAFE,1,1
Peru,PER,2020-04-05,LAMBAYEQUE,LAMBAYEQUE,ILLIMO,1,1
Peru,PER,2020-04-05,LIMA,HUAURA,HUAURA,1,1
Peru,PER,2020-04-05,LIMA,LIMA,COMAS,1,1
Peru,PER,2020-04-05,LIMA,LIMA,JESUS MARIA,1,2
Peru,PER,2020-04-05,LIMA,LIMA,LA VICTORIA,1,3
Peru,PER,2020-04-05,LIMA,LIMA,VILLA MARIA DEL TRIUNFO,1,4
Peru,PER,2020-04-05,LORETO,MAYNAS,IQUITOS,1,1
Peru,PER,2020-04-06,CALLAO,CALLAO,BELLAVISTA,1,1
Peru,PER,2020-04-06,CALLAO,CALLAO,LA PERLA,1,2
Peru,PER,2020-04-06,CALLAO,CALLAO,VENTANILLA,1,3
Peru,PER,2020-04-06,CALLAO,LIMA,LIMA,1,1
Peru,PER,2020-04-06,LA LIBERTAD,TRUJILLO,VICTOR LARCO HERRERA,1,1
Peru,PER,2020-04-06,LAMBAYEQUE,CHICLAYO,PIMENTEL,1,1
Peru,PER,2020-04-06,LAMBAYEQUE,CHICLAYO,SANTA ROSA,1,2
Peru,PER,2020-04-06,LAMBAYEQUE,FERREÑAFE,FERREÑAFE,1,1
Peru,PER,2020-04-06,LAMBAYEQUE,FERREÑAFE,PUEBLO NUEVO,1,2
Peru,PER,2020-04-06,LIMA,CALLAO,VENTANILLA,1,1
Peru,PER,2020-04-06,LIMA,LIMA,ATE,1,1
Peru,PER,2020-04-06,LIMA,LIMA,COMAS,2,3
Peru,PER,2020-04-06,LIMA,LIMA,EL AGUSTINO,1,4
Peru,PER,2020-04-06,LIMA,LIMA,LA VICTORIA,1,5
Peru,PER,2020-04-06,LIMA,LIMA,LOS OLIVOS,2,7
Peru,PER,2020-04-06,LIMA,LIMA,LURIN,1,8
Peru,PER,2020-04-06,LIMA,LIMA,MAGDALENA DEL MAR,1,9
Peru,PER,2020-04-06,LIMA,LIMA,PUEBLO LIBRE,1,10
Peru,PER,2020-04-06,LIMA,LIMA,RIMAC,1,11
Peru,PER,2020-04-06,LIMA,LIMA,SAN ISIDRO,1,12
Peru,PER,2020-04-06,LIMA,LIMA,SAN JUAN DE LURIGANCHO,1,13
Peru,PER,2020-04-06,LIMA,LIMA,SAN MARTIN DE PORRES,1,14
Peru,PER,2020-04-06,LIMA,NA,NA,1,1
Peru,PER,2020-04-06,PIURA,PIURA,VEINTISÉIS DE OCTUBRE,1,1
Peru,PER,2020-04-06,TUMBES,TUMBES,TUMBES,1,1
Peru,PER,2020-04-07,ANCASH,SANTA,NUEVO CHIMBOTE,1,1
Peru,PER,2020-04-07,ANCASH,SANTA,SANTA,2,3
Peru,PER,2020-04-07,CALLAO,CALLAO,VENTANILLA,1,1
Peru,PER,2020-04-07,CALLAO,LIMA,SAN MARTIN DE PORRES,1,1
Peru,PER,2020-04-07,LAMBAYEQUE,CHICLAYO,MONSEFU,1,1
Peru,PER,2020-04-07,LAMBAYEQUE,FERREÑAFE,PUEBLO NUEVO,1,1
Peru,PER,2020-04-07,LIMA,LIMA,ANCON,1,1
Peru,PER,2020-04-07,LIMA,LIMA,ATE,1,2
Peru,PER,2020-04-07,LIMA,LIMA,CHORRILLOS,2,4
Peru,PER,2020-04-07,LIMA,LIMA,COMAS,2,6
Peru,PER,2020-04-07,LIMA,LIMA,LIMA,2,8
Peru,PER,2020-04-07,LIMA,LIMA,PUEBLO LIBRE,1,9
Peru,PER,2020-04-07,LIMA,LIMA,SAN BORJA,1,10
Peru,PER,2020-04-07,LIMA,LIMA,SAN MARTIN DE PORRES,1,11
Peru,PER,2020-04-07,LIMA,LIMA,SURQUILLO,1,12
Peru,PER,2020-04-07,LIMA,NA,NA,1,1
Peru,PER,2020-04-07,LORETO,MAYNAS,IQUITOS,1,1
Peru,PER,2020-04-07,PIURA,MORROPON,CHULUCANAS,1,1
Peru,PER,2020-04-07,PIURA,PIURA,PIURA,1,1
Peru,PER,2020-04-08,ANCASH,HUARAZ,HUARAZ,1,1
Peru,PER,2020-04-08,ANCASH,SANTA,SANTA,1,1
Peru,PER,2020-04-08,CALLAO,CALLAO,BELLAVISTA,1,1
Peru,PER,2020-04-08,LAMBAYEQUE,CHICLAYO,CHICLAYO,2,2
Peru,PER,2020-04-08,LAMBAYEQUE,CHICLAYO,ETEN,1,3
Peru,PER,2020-04-08,LAMBAYEQUE,CHICLAYO,TUMAN,1,4
Peru,PER,2020-04-08,LAMBAYEQUE,FERREÑAFE,FERREÑAFE,1,1
Peru,PER,2020-04-08,LAMBAYEQUE,LAMBAYEQUE,PACORA,1,1
Peru,PER,2020-04-08,LAMBAYEQUE,LAMBAYEQUE,SAN JOSE,1,2
Peru,PER,2020-04-08,LAMBAYEQUE,LIMA,SAN JUAN DE LURIGANCHO,1,1
Peru,PER,2020-04-08,LIMA,CAÑETE,IMPERIAL,1,1
Peru,PER,2020-04-08,LIMA,HUAURA,HUACHO,1,1
Peru,PER,2020-04-08,LIMA,LIMA,ATE,4,4
Peru,PER,2020-04-08,LIMA,LIMA,COMAS,2,6
Peru,PER,2020-04-08,LIMA,LIMA,EL AGUSTINO,2,8
Peru,PER,2020-04-08,LIMA,LIMA,LIMA,1,9
Peru,PER,2020-04-08,LIMA,LIMA,LOS OLIVOS,1,10
Peru,PER,2020-04-08,LIMA,LIMA,PUEBLO LIBRE,1,11
Peru,PER,2020-04-08,LIMA,LIMA,RIMAC,1,12
Peru,PER,2020-04-08,LIMA,LIMA,SAN JUAN DE LURIGANCHO,2,14
Peru,PER,2020-04-08,LIMA,LIMA,SAN MARTIN DE PORRES,6,20
Peru,PER,2020-04-08,LIMA,LIMA,SANTIAGO DE SURCO,2,22
Peru,PER,2020-04-08,LORETO,MAYNAS,PUNCHANA,1,1
Peru,PER,2020-04-08,PIURA,PIURA,CASTILLA,1,1
Peru,PER,2020-04-08,PIURA,PIURA,PIURA,1,2
Peru,PER,2020-04-09,CALLAO,CALLAO,BELLAVISTA,1,1
Peru,PER,2020-04-09,CALLAO,CALLAO,CALLAO,2,3
Peru,PER,2020-04-09,ICA,ICA,ICA,1,1
Peru,PER,2020-04-09,ICA,ICA,SUBTANJALLA,1,2
Peru,PER,2020-04-09,LAMBAYEQUE,CHICLAYO,CHICLAYO,4,4
Peru,PER,2020-04-09,LAMBAYEQUE,FERREÑAFE,FERREÑAFE,2,2
Peru,PER,2020-04-09,LAMBAYEQUE,FERREÑAFE,PUEBLO NUEVO,1,3
Peru,PER,2020-04-09,LAMBAYEQUE,LAMBAYEQUE,PACORA,1,1
Peru,PER,2020-04-09,LAMBAYEQUE,LAMBAYEQUE,SAN JOSE,1,2
Peru,PER,2020-04-09,LIMA,CAÑETE,LUNAHUANA,1,1
Peru,PER,2020-04-09,LIMA,CAÑETE,NUEVO IMPERIAL,1,2
Peru,PER,2020-04-09,LIMA,HUAROCHIRI,SAN ANTONIO,1,1
Peru,PER,2020-04-09,LIMA,HUAURA,SANTA MARIA,1,1
Peru,PER,2020-04-09,LIMA,LIMA,ANCON,1,1
Peru,PER,2020-04-09,LIMA,LIMA,ATE,1,2
Peru,PER,2020-04-09,LIMA,LIMA,CARABAYLLO,1,3
Peru,PER,2020-04-09,LIMA,LIMA,CHORRILLOS,1,4
Peru,PER,2020-04-09,LIMA,LIMA,COMAS,2,6
Peru,PER,2020-04-09,LIMA,LIMA,JESUS MARIA,1,7
Peru,PER,2020-04-09,LIMA,LIMA,LIMA,1,8
Peru,PER,2020-04-09,LIMA,LIMA,MAGDALENA DEL MAR,1,9
Peru,PER,2020-04-09,LIMA,LIMA,PUENTE PIEDRA,1,10
Peru,PER,2020-04-09,LIMA,LIMA,RIMAC,1,11
Peru,PER,2020-04-09,LIMA,LIMA,SAN MARTIN DE PORRES,2,13
Peru,PER,2020-04-09,LIMA,LIMA,SANTA ANITA,3,16
Peru,PER,2020-04-09,LORETO,MAYNAS,IQUITOS,1,1
Peru,PER,2020-04-09,PIURA,PIURA,TAMBO GRANDE,1,1
Peru,PER,2020-04-09,TUMBES,TUMBES,TUMBES,2,2
Peru,PER,2020-04-10,CALLAO,CALLAO,CALLAO,3,3
Peru,PER,2020-04-10,CALLAO,CALLAO,VENTANILLA,1,4
Peru,PER,2020-04-10,ICA,PISCO,PISCO,1,1
Peru,PER,2020-04-10,LAMBAYEQUE,CHICLAYO,CHICLAYO,2,2
Peru,PER,2020-04-10,LAMBAYEQUE,CHICLAYO,ETEN,1,3
Peru,PER,2020-04-10,LAMBAYEQUE,CHICLAYO,JOSE LEONARDO ORTIZ,1,4
Peru,PER,2020-04-10,LAMBAYEQUE,CHICLAYO,MONSEFU,1,5
Peru,PER,2020-04-10,LAMBAYEQUE,CHICLAYO,PICSI,1,6
Peru,PER,2020-04-10,LAMBAYEQUE,CHICLAYO,SANTA ROSA,1,7
Peru,PER,2020-04-10,LAMBAYEQUE,CHICLAYO,TUMAN,1,8
Peru,PER,2020-04-10,LAMBAYEQUE,FERREÑAFE,FERREÑAFE,1,1
Peru,PER,2020-04-10,LAMBAYEQUE,FERREÑAFE,PUEBLO NUEVO,2,3
Peru,PER,2020-04-10,LAMBAYEQUE,PIURA,CASTILLA,1,1
Peru,PER,2020-04-10,LIMA,HUAURA,HUACHO,1,1
Peru,PER,2020-04-10,LIMA,LIMA,COMAS,1,1
Peru,PER,2020-04-10,LIMA,LIMA,LIMA,2,3
Peru,PER,2020-04-10,LIMA,LIMA,SAN ISIDRO,1,4
Peru,PER,2020-04-10,LIMA,LIMA,SAN JUAN DE LURIGANCHO,3,7
Peru,PER,2020-04-10,LIMA,LIMA,SAN MARTIN DE PORRES,1,8
Peru,PER,2020-04-10,LIMA,LIMA,SAN MIGUEL,1,9
Peru,PER,2020-04-10,LIMA,LIMA,SANTA ANITA,1,10
Peru,PER,2020-04-10,LORETO,MAYNAS,IQUITOS,1,1
Peru,PER,2020-04-10,LORETO,MAYNAS,SAN JUAN BAUTISTA,1,2
Peru,PER,2020-04-10,PIURA,MORROPON,CHULUCANAS,1,1
Peru,PER,2020-04-10,PIURA,PIURA,CASTILLA,3,3
Peru,PER,2020-04-10,PIURA,PIURA,LAS LOMAS,1,4
Peru,PER,2020-04-10,PIURA,PIURA,PIURA,1,5
Peru,PER,2020-04-10,UCAYALI,CORONEL PORTILLO,CALLERIA,1,1
Peru,PER,2020-04-11,CALLAO,CALLAO,MI PERU,1,1
Peru,PER,2020-04-11,ICA,ICA,ICA,1,1
Peru,PER,2020-04-11,ICA,PISCO,SAN ANDRES,1,1
Peru,PER,2020-04-11,LAMBAYEQUE,CHICLAYO,ETEN,1,1
Peru,PER,2020-04-11,LAMBAYEQUE,CHICLAYO,JOSE LEONARDO ORTIZ,5,6
Peru,PER,2020-04-11,LAMBAYEQUE,FERREÑAFE,FERREÑAFE,2,2
Peru,PER,2020-04-11,LIMA,CALLAO,CALLAO,1,1
Peru,PER,2020-04-11,LIMA,CAÑETE,NUEVO IMPERIAL,1,1
Peru,PER,2020-04-11,LIMA,HUARAL,CHANCAY,1,1
Peru,PER,2020-04-11,LIMA,LIMA,ATE,1,1
Peru,PER,2020-04-11,LIMA,LIMA,CARABAYLLO,1,2
Peru,PER,2020-04-11,LIMA,LIMA,CHACLACAYO,2,4
Peru,PER,2020-04-11,LIMA,LIMA,INDEPENDENCIA,1,5
Peru,PER,2020-04-11,LIMA,LIMA,JESUS MARIA,1,6
Peru,PER,2020-04-11,LIMA,LIMA,LA MOLINA,1,7
Peru,PER,2020-04-11,LIMA,LIMA,LA VICTORIA,1,8
Peru,PER,2020-04-11,LIMA,LIMA,LIMA,2,10
Peru,PER,2020-04-11,LIMA,LIMA,LURIGANCHO,1,11
Peru,PER,2020-04-11,LIMA,LIMA,SAN BORJA,1,12
Peru,PER,2020-04-11,LIMA,LIMA,SAN JUAN DE LURIGANCHO,1,13
Peru,PER,2020-04-11,LIMA,LIMA,SAN JUAN DE MIRAFLORES,2,15
Peru,PER,2020-04-11,LIMA,NULL,NULL,1,1
Peru,PER,2020-04-11,LIMA,NA,NA,1,1
Peru,PER,2020-04-11,LORETO,MAYNAS,IQUITOS,1,1
Peru,PER,2020-04-11,PIURA,PIURA,PIURA,1,1
Peru,PER,2020-04-11,PIURA,TALARA,LOS ORGANOS,1,1
Peru,PER,2020-04-11,TUMBES,ZARUMILLA,AGUAS VERDES,1,1
Peru,PER,2020-04-12,ANCASH,CARHUAZ,TINCO,1,1
Peru,PER,2020-04-12,AREQUIPA,AREQUIPA,MIRAFLORES,1,1
Peru,PER,2020-04-12,CALLAO,CALLAO,CALLAO,2,2
Peru,PER,2020-04-12,ICA,CHINCHA,CHINCHA ALTA,1,1
Peru,PER,2020-04-12,LA LIBERTAD,CHEPEN,PUEBLO NUEVO,1,1
Peru,PER,2020-04-12,LA LIBERTAD,TRUJILLO,LAREDO,1,1
Peru,PER,2020-04-12,LA LIBERTAD,TRUJILLO,TRUJILLO,1,2
Peru,PER,2020-04-12,LAMBAYEQUE,CHICLAYO,CHICLAYO,1,1
Peru,PER,2020-04-12,LAMBAYEQUE,CHICLAYO,LA VICTORIA,1,2
Peru,PER,2020-04-12,LAMBAYEQUE,CHICLAYO,MONSEFU,1,3
Peru,PER,2020-04-12,LAMBAYEQUE,FERREÑAFE,FERREÑAFE,3,3
Peru,PER,2020-04-12,LAMBAYEQUE,LAMBAYEQUE,LAMBAYEQUE,1,1
Peru,PER,2020-04-12,LAMBAYEQUE,NULL,CHICLAYO,1,1
Peru,PER,2020-04-12,LIMA,LIMA,ATE,1,1
Peru,PER,2020-04-12,LIMA,LIMA,COMAS,2,3
Peru,PER,2020-04-12,LIMA,LIMA,EL AGUSTINO,1,4
Peru,PER,2020-04-12,LIMA,LIMA,INDEPENDENCIA,1,5
Peru,PER,2020-04-12,LIMA,LIMA,LINCE,1,6
Peru,PER,2020-04-12,LIMA,LIMA,PACHACAMAC,1,7
Peru,PER,2020-04-12,LIMA,LIMA,PUEBLO LIBRE,1,8
Peru,PER,2020-04-12,LIMA,LIMA,RIMAC,1,9
Peru,PER,2020-04-12,LIMA,LIMA,SAN JUAN DE LURIGANCHO,2,11
Peru,PER,2020-04-12,LIMA,LIMA,SAN JUAN DE MIRAFLORES,3,14
Peru,PER,2020-04-12,LIMA,LIMA,SAN LUIS,1,15
Peru,PER,2020-04-12,LIMA,LIMA,SAN MARTIN DE PORRES,4,19
Peru,PER,2020-04-12,LIMA,LIMA,SAN MIGUEL,1,20
Peru,PER,2020-04-12,LIMA,LIMA,SURQUILLO,1,21
Peru,PER,2020-04-12,LIMA,LIMA,VILLA EL SALVADOR,2,23
Peru,PER,2020-04-12,LIMA,LIMA,VILLA MARIA DEL TRIUNFO,1,24
Peru,PER,2020-04-12,LIMA,NA,NA,1,1
Peru,PER,2020-04-12,PIURA,PIURA,CASTILLA,2,2
Peru,PER,2020-04-12,PIURA,PIURA,PIURA,1,3
Peru,PER,2020-04-12,PIURA,SULLANA,SULLANA,1,1
Peru,PER,2020-04-12,TUMBES,TUMBES,TUMBES,1,1
Peru,PER,2020-04-13,ANCASH,SANTA,NUEVO CHIMBOTE,1,1
Peru,PER,2020-04-13,AREQUIPA,AREQUIPA,MIRAFLORES,1,1
Peru,PER,2020-04-13,CAJAMARCA,SANTA CRUZ,SANTA CRUZ,1,1
Peru,PER,2020-04-13,CALLAO,CALLAO,CALLAO,2,2
Peru,PER,2020-04-13,CALLAO,CALLAO,VENTANILLA,1,3
Peru,PER,2020-04-13,ICA,CHINCHA,CHINCHA ALTA,1,1
Peru,PER,2020-04-13,ICA,PALPA,PALPA,1,1
Peru,PER,2020-04-13,ICA,PISCO,TUPAC AMARU INCA,1,1
Peru,PER,2020-04-13,LA LIBERTAD,ASCOPE,CHOCOPE,1,1
Peru,PER,2020-04-13,LAMBAYEQUE,LAMBAYEQUE,MOCHUMI,1,1
Peru,PER,2020-04-13,LAMBAYEQUE,LAMBAYEQUE,MOTUPE,1,2
Peru,PER,2020-04-13,LAMBAYEQUE,NA,NA,1,1
Peru,PER,2020-04-13,LIMA,HUAURA,CALETA DE CARQUIN,1,1
Peru,PER,2020-04-13,LIMA,LIMA,ATE,2,2
Peru,PER,2020-04-13,LIMA,LIMA,CARABAYLLO,1,3
Peru,PER,2020-04-13,LIMA,LIMA,CHORRILLOS,1,4
Peru,PER,2020-04-13,LIMA,LIMA,COMAS,1,5
Peru,PER,2020-04-13,LIMA,LIMA,EL AGUSTINO,2,7
Peru,PER,2020-04-13,LIMA,LIMA,JESUS MARIA,1,8
Peru,PER,2020-04-13,LIMA,LIMA,LIMA,2,10
Peru,PER,2020-04-13,LIMA,LIMA,RIMAC,1,11
Peru,PER,2020-04-13,LIMA,LIMA,SAN JUAN DE LURIGANCHO,2,13
Peru,PER,2020-04-13,LIMA,LIMA,SAN JUAN DE MIRAFLORES,1,14
Peru,PER,2020-04-13,LIMA,LIMA,SAN MARTIN DE PORRES,3,17
Peru,PER,2020-04-13,LIMA,LIMA,SANTIAGO DE SURCO,1,18
Peru,PER,2020-04-13,LIMA,LIMA,SURQUILLO,2,20
Peru,PER,2020-04-13,LIMA,NA,NA,1,1
Peru,PER,2020-04-13,LORETO,MAYNAS,PUNCHANA,1,1
Peru,PER,2020-04-13,PIURA,PIURA,CASTILLA,2,2
Peru,PER,2020-04-13,PIURA,PIURA,CATACAOS,2,4
Peru,PER,2020-04-13,PIURA,SULLANA,SULLANA,1,1
Peru,PER,2020-04-13,TUMBES,ZARUMILLA,AGUAS VERDES,1,1
Peru,PER,2020-04-13,TUMBES,ZARUMILLA,ZARUMILLA,1,2
Peru,PER,2020-04-14,ANCASH,SANTA,CHIMBOTE,2,2
Peru,PER,2020-04-14,ANCASH,SANTA,SANTA,1,3
Peru,PER,2020-04-14,CALLAO,CALLAO,CALLAO,1,1
Peru,PER,2020-04-14,CALLAO,CALLAO,VENTANILLA,1,2
Peru,PER,2020-04-14,ICA,ICA,ICA,1,1
Peru,PER,2020-04-14,ICA,NAZCA,CHANGUILLO,1,1
Peru,PER,2020-04-14,JUNIN,HUANCAYO,EL TAMBO,1,1
Peru,PER,2020-04-14,JUNIN,HUANCAYO,QUILCAS,1,2
Peru,PER,2020-04-14,LA LIBERTAD,CALLAO,CALLAO,1,1
Peru,PER,2020-04-14,LA LIBERTAD,CHEPEN,CHEP+N,1,1
Peru,PER,2020-04-14,LA LIBERTAD,TRUJILLO,TRUJILLO,1,1
Peru,PER,2020-04-14,LA LIBERTAD,TRUJILLO,VICTOR LARCO HERRERA,1,2
Peru,PER,2020-04-14,LAMBAYEQUE,CHICLAYO,CHICLAYO,1,1
Peru,PER,2020-04-14,LAMBAYEQUE,CHICLAYO,ETEN,1,2
Peru,PER,2020-04-14,LAMBAYEQUE,CHICLAYO,JOSE LEONARDO ORTIZ,1,3
Peru,PER,2020-04-14,LAMBAYEQUE,CHICLAYO,LA VICTORIA,1,4
Peru,PER,2020-04-14,LAMBAYEQUE,FERREÑAFE,FERREÑAFE,3,3
Peru,PER,2020-04-14,LAMBAYEQUE,FERREÑAFE,PUEBLO NUEVO,1,4
Peru,PER,2020-04-14,LAMBAYEQUE,LAMBAYEQUE,MORROPE,1,1
Peru,PER,2020-04-14,LAMBAYEQUE,NULL,MORROPE,1,1
Peru,PER,2020-04-14,LAMBAYEQUE,NULL,NULL,1,2
Peru,PER,2020-04-14,LIMA,LIMA,ATE,1,1
Peru,PER,2020-04-14,LIMA,LIMA,BARRANCO,1,2
Peru,PER,2020-04-14,LIMA,LIMA,COMAS,2,4
Peru,PER,2020-04-14,LIMA,LIMA,INDEPENDENCIA,1,5
Peru,PER,2020-04-14,LIMA,LIMA,LA MOLINA,1,6
Peru,PER,2020-04-14,LIMA,LIMA,RIMAC,3,9
Peru,PER,2020-04-14,LIMA,LIMA,SAN BORJA,1,10
Peru,PER,2020-04-14,LIMA,LIMA,SAN ISIDRO,1,11
Peru,PER,2020-04-14,LIMA,LIMA,SAN JUAN DE LURIGANCHO,1,12
Peru,PER,2020-04-14,LIMA,LIMA,SAN MARTIN DE PORRES,1,13
Peru,PER,2020-04-14,LIMA,LIMA,SANTIAGO DE SURCO,2,15
Peru,PER,2020-04-14,LIMA,LIMA,VILLA EL SALVADOR,1,16
Peru,PER,2020-04-14,LIMA,NA,NA,2,2
Peru,PER,2020-04-14,LORETO,MAYNAS,BELEN,2,2
Peru,PER,2020-04-14,LORETO,MAYNAS,IQUITOS,1,3
Peru,PER,2020-04-14,LORETO,NA,NA,1,1
Peru,PER,2020-04-14,PIURA,MORROPON,CHULUCANAS,1,1
Peru,PER,2020-04-14,PIURA,PIURA,CASTILLA,1,1
Peru,PER,2020-04-14,PIURA,PIURA,PIURA,2,3
Peru,PER,2020-04-14,PIURA,PIURA,VEINTISÉIS DE OCTUBRE,1,4
Peru,PER,2020-04-14,PIURA,SULLANA,SULLANA,1,1
Peru,PER,2020-04-15,ANCASH,SANTA,CHIMBOTE,1,1
Peru,PER,2020-04-15,ANCASH,SANTA,COISHCO,2,3
Peru,PER,2020-04-15,AREQUIPA,AREQUIPA,LA JOYA,1,1
Peru,PER,2020-04-15,CALLAO,CALLAO,CALLAO,1,1
Peru,PER,2020-04-15,ICA,ICA,SUBTANJALLA,1,1
Peru,PER,2020-04-15,LA LIBERTAD,TRUJILLO,EL PORVENIR,1,1
Peru,PER,2020-04-15,LA LIBERTAD,TRUJILLO,LA ESPERANZA,1,2
Peru,PER,2020-04-15,LA LIBERTAD,TRUJILLO,VICTOR LARCO HERRERA,1,3
Peru,PER,2020-04-15,LAMBAYEQUE,CHICLAYO,CHICLAYO,2,2
Peru,PER,2020-04-15,LAMBAYEQUE,CHICLAYO,JOSE LEONARDO ORTIZ,3,5
Peru,PER,2020-04-15,LAMBAYEQUE,CHICLAYO,PUCALA,1,6
Peru,PER,2020-04-15,LAMBAYEQUE,CHICLAYO,TUMAN,2,8
Peru,PER,2020-04-15,LAMBAYEQUE,LAMBAYEQUE,JAYANCA,1,1
Peru,PER,2020-04-15,LAMBAYEQUE,LAMBAYEQUE,LAMBAYEQUE,1,2
Peru,PER,2020-04-15,LAMBAYEQUE,LAMBAYEQUE,SAN JOSE,1,3
Peru,PER,2020-04-15,LAMBAYEQUE,NULL,SANTA ROSA,1,1
Peru,PER,2020-04-15,LAMBAYEQUE,NULL,TUMAN,1,2
Peru,PER,2020-04-15,LIMA,CAÑETE,CERRO AZUL,1,1
Peru,PER,2020-04-15,LIMA,CAÑETE,CHILCA,1,2
Peru,PER,2020-04-15,LIMA,LIMA,ATE,3,3
Peru,PER,2020-04-15,LIMA,LIMA,BREÑA,1,4
Peru,PER,2020-04-15,LIMA,LIMA,CARABAYLLO,2,6
Peru,PER,2020-04-15,LIMA,LIMA,CHORRILLOS,2,8
Peru,PER,2020-04-15,LIMA,LIMA,COMAS,1,9
Peru,PER,2020-04-15,LIMA,LIMA,EL AGUSTINO,2,11
Peru,PER,2020-04-15,LIMA,LIMA,INDEPENDENCIA,1,12
Peru,PER,2020-04-15,LIMA,LIMA,LA MOLINA,1,13
Peru,PER,2020-04-15,LIMA,LIMA,LA VICTORIA,3,16
Peru,PER,2020-04-15,LIMA,LIMA,LIMA,2,18
Peru,PER,2020-04-15,LIMA,LIMA,SAN JUAN DE LURIGANCHO,5,23
Peru,PER,2020-04-15,LIMA,LIMA,SAN JUAN DE MIRAFLORES,1,24
Peru,PER,2020-04-15,LIMA,LIMA,SAN MARTIN DE PORRES,2,26
Peru,PER,2020-04-15,LIMA,LIMA,SANTIAGO DE SURCO,1,27
Peru,PER,2020-04-15,LIMA,NULL,NULL,2,2
Peru,PER,2020-04-15,LORETO,MAYNAS,BELEN,1,1
Peru,PER,2020-04-15,LORETO,MAYNAS,PUNCHANA,1,2
Peru,PER,2020-04-15,LORETO,MAYNAS,SAN JUAN BAUTISTA,1,3
Peru,PER,2020-04-15,PIURA,MORROPON,LA MATANZA,1,1
Peru,PER,2020-04-15,PIURA,PIURA,CASTILLA,2,2
Peru,PER,2020-04-15,PIURA,PIURA,PIURA,3,5
Peru,PER,2020-04-15,PIURA,PIURA,VEINTISÉIS DE OCTUBRE,1,6
Peru,PER,2020-04-15,UCAYALI,CORONEL PORTILLO,CALLERIA,1,1
Peru,PER,2020-04-15,UCAYALI,CORONEL PORTILLO,YARINACOCHA,1,2
Peru,PER,2020-04-16,ANCASH,SANTA,COISHCO,2,2
Peru,PER,2020-04-16,ANCASH,SANTA,SANTA,1,3
Peru,PER,2020-04-16,AREQUIPA,AREQUIPA,PAUCARPATA,1,1
Peru,PER,2020-04-16,CAJAMARCA,CHOTA,CHOTA,1,1
Peru,PER,2020-04-16,CALLAO,CALLAO,CALLAO,1,1
Peru,PER,2020-04-16,CALLAO,CALLAO,LA PERLA,1,2
Peru,PER,2020-04-16,CALLAO,CALLAO,VENTANILLA,1,3
Peru,PER,2020-04-16,CALLAO,NULL,CALLAO,1,1
Peru,PER,2020-04-16,ICA,CHINCHA,PUEBLO NUEVO,1,1
Peru,PER,2020-04-16,LAMBAYEQUE,CHICLAYO,CHICLAYO,3,3
Peru,PER,2020-04-16,LAMBAYEQUE,CHICLAYO,JOSE LEONARDO ORTIZ,2,5
Peru,PER,2020-04-16,LAMBAYEQUE,CHICLAYO,MONSEFU,1,6
Peru,PER,2020-04-16,LAMBAYEQUE,CHICLAYO,PICSI,1,7
Peru,PER,2020-04-16,LAMBAYEQUE,FERREÑAFE,FERREÑAFE,2,2
Peru,PER,2020-04-16,LAMBAYEQUE,FERREÑAFE,PITIPO,1,3
Peru,PER,2020-04-16,LAMBAYEQUE,NULL,CAYALTI,1,1
Peru,PER,2020-04-16,LAMBAYEQUE,NULL,FERREÑAFE,1,2
Peru,PER,2020-04-16,LAMBAYEQUE,NULL,JOSE LEONARDO ORTIZ,1,3
Peru,PER,2020-04-16,LIMA,BARRANCA,SUPE PUERTO,1,1
Peru,PER,2020-04-16,LIMA,CAÑETE,SAN VICENTE DE CAÑETE,2,2
Peru,PER,2020-04-16,LIMA,LIMA,BARRANCO,1,1
Peru,PER,2020-04-16,LIMA,LIMA,BREÑA,2,3
Peru,PER,2020-04-16,LIMA,LIMA,CARABAYLLO,1,4
Peru,PER,2020-04-16,LIMA,LIMA,CHORRILLOS,1,5
Peru,PER,2020-04-16,LIMA,LIMA,COMAS,2,7
Peru,PER,2020-04-16,LIMA,LIMA,EL AGUSTINO,4,11
Peru,PER,2020-04-16,LIMA,LIMA,INDEPENDENCIA,1,12
Peru,PER,2020-04-16,LIMA,LIMA,JESUS MARIA,3,15
Peru,PER,2020-04-16,LIMA,LIMA,LIMA,4,19
Peru,PER,2020-04-16,LIMA,LIMA,LOS OLIVOS,1,20
Peru,PER,2020-04-16,LIMA,LIMA,LURIGANCHO,2,22
Peru,PER,2020-04-16,LIMA,LIMA,PUENTE PIEDRA,3,25
Peru,PER,2020-04-16,LIMA,LIMA,RIMAC,1,26
Peru,PER,2020-04-16,LIMA,LIMA,SAN BORJA,1,27
Peru,PER,2020-04-16,LIMA,LIMA,SAN JUAN DE LURIGANCHO,4,31
Peru,PER,2020-04-16,LIMA,LIMA,SAN MARTIN DE PORRES,2,33
Peru,PER,2020-04-16,LIMA,LIMA,SURQUILLO,3,36
Peru,PER,2020-04-16,LORETO,MAYNAS,PUNCHANA,1,1
Peru,PER,2020-04-16,LORETO,NA,NA,1,1
Peru,PER,2020-04-16,PIURA,PIURA,CASTILLA,3,3
Peru,PER,2020-04-16,PIURA,PIURA,CATACAOS,1,4
Peru,PER,2020-04-16,PIURA,PIURA,VEINTISÉIS DE OCTUBRE,2,6
Peru,PER,2020-04-16,UCAYALI,CORONEL PORTILLO,CALLERIA,1,1
Peru,PER,2020-04-17,ANCASH,SANTA,SANTA,1,1
Peru,PER,2020-04-17,CALLAO,CALLAO,CALLAO,1,1
Peru,PER,2020-04-17,CALLAO,CALLAO,CARMEN DE LA LEGUA REYNOSO,1,2
Peru,PER,2020-04-17,CALLAO,NULL,NULL,1,1
Peru,PER,2020-04-17,ICA,CHINCHA,PUEBLO NUEVO,1,1
Peru,PER,2020-04-17,ICA,PISCO,PISCO,1,1
Peru,PER,2020-04-17,LA LIBERTAD,TRUJILLO,VICTOR LARCO HERRERA,1,1
Peru,PER,2020-04-17,LAMBAYEQUE,CHICLAYO,CHICLAYO,6,6
Peru,PER,2020-04-17,LAMBAYEQUE,CHICLAYO,JOSE LEONARDO ORTIZ,1,7
Peru,PER,2020-04-17,LAMBAYEQUE,CHICLAYO,LA VICTORIA,1,8
Peru,PER,2020-04-17,LAMBAYEQUE,CHICLAYO,MONSEFU,2,10
Peru,PER,2020-04-17,LAMBAYEQUE,FERREÑAFE,FERREÑAFE,4,4
Peru,PER,2020-04-17,LAMBAYEQUE,LAMBAYEQUE,LAMBAYEQUE,1,1
Peru,PER,2020-04-17,LAMBAYEQUE,LAMBAYEQUE,SAN JOSE,1,2
Peru,PER,2020-04-17,LAMBAYEQUE,NULL,NULL,2,2
Peru,PER,2020-04-17,LAMBAYEQUE,NA,NA,1,1
Peru,PER,2020-04-17,LIMA,CAÑETE,NUEVO IMPERIAL,1,1
Peru,PER,2020-04-17,LIMA,HUARAL,HUARAL,1,1
Peru,PER,2020-04-17,LIMA,LIMA,ATE,3,3
Peru,PER,2020-04-17,LIMA,LIMA,CARABAYLLO,2,5
Peru,PER,2020-04-17,LIMA,LIMA,COMAS,2,7
Peru,PER,2020-04-17,LIMA,LIMA,EL AGUSTINO,1,8
Peru,PER,2020-04-17,LIMA,LIMA,LA VICTORIA,2,10
Peru,PER,2020-04-17,LIMA,LIMA,LIMA,1,11
Peru,PER,2020-04-17,LIMA,LIMA,LOS OLIVOS,3,14
Peru,PER,2020-04-17,LIMA,LIMA,PUENTE PIEDRA,1,15
Peru,PER,2020-04-17,LIMA,LIMA,SAN JUAN DE LURIGANCHO,2,17
Peru,PER,2020-04-17,LIMA,LIMA,SAN LUIS,1,18
Peru,PER,2020-04-17,LIMA,LIMA,SAN MARTIN DE PORRES,3,21
Peru,PER,2020-04-17,LIMA,LIMA,SAN MIGUEL,1,22
Peru,PER,2020-04-17,LIMA,LIMA,SANTA ANITA,1,23
Peru,PER,2020-04-17,LIMA,LIMA,VILLA MARIA DEL TRIUNFO,1,24
Peru,PER,2020-04-17,LIMA,NA,NA,5,5
Peru,PER,2020-04-17,LORETO,MAYNAS,BELEN,1,1
Peru,PER,2020-04-17,LORETO,NA,NA,2,2
Peru,PER,2020-04-17,PASCO,DANIEL ALCIDES CARRION,GOYLLARISQUIZGA,1,1
Peru,PER,2020-04-17,PIURA,PIURA,CASTILLA,1,1
Peru,PER,2020-04-17,PIURA,PIURA,CATACAOS,1,2
Peru,PER,2020-04-17,PIURA,PIURA,PIURA,2,4
Peru,PER,2020-04-17,PIURA,PIURA,VEINTISÉIS DE OCTUBRE,1,5
Peru,PER,2020-04-17,PIURA,SULLANA,SULLANA,1,1
Peru,PER,2020-04-17,TUMBES,TUMBES,LA CRUZ,1,1
Peru,PER,2020-04-18,ANCASH,SANTA,CHIMBOTE,3,3
Peru,PER,2020-04-18,ANCASH,SANTA,SANTA,1,4
Peru,PER,2020-04-18,CALLAO,CALLAO,BELLAVISTA,1,1
Peru,PER,2020-04-18,CALLAO,CALLAO,CALLAO,2,3
Peru,PER,2020-04-18,CALLAO,CALLAO,CARMEN DE LA LEGUA REYNOSO,1,4
Peru,PER,2020-04-18,CALLAO,CALLAO,VENTANILLA,2,6
Peru,PER,2020-04-18,ICA,CHINCHA,CHINCHA ALTA,1,1
Peru,PER,2020-04-18,JUNIN,HUANCAYO,HUANCAYO,1,1
Peru,PER,2020-04-18,JUNIN,HUANCAYO,HUAYUCACHI,1,2
Peru,PER,2020-04-18,LA LIBERTAD,TRUJILLO,EL PORVENIR,1,1
Peru,PER,2020-04-18,LAMBAYEQUE,CHICLAYO,CHICLAYO,3,3
Peru,PER,2020-04-18,LAMBAYEQUE,CHICLAYO,JOSE LEONARDO ORTIZ,2,5
Peru,PER,2020-04-18,LAMBAYEQUE,CHICLAYO,PUCALA,1,6
Peru,PER,2020-04-18,LAMBAYEQUE,CHICLAYO,TUMAN,1,7
Peru,PER,2020-04-18,LAMBAYEQUE,FERREÑAFE,FERREÑAFE,3,3
Peru,PER,2020-04-18,LAMBAYEQUE,LAMBAYEQUE,MORROPE,1,1
Peru,PER,2020-04-18,LAMBAYEQUE,NULL,FERREÑAFE,1,1
Peru,PER,2020-04-18,LAMBAYEQUE,NULL,NULL,1,2
Peru,PER,2020-04-18,LIMA,HUAURA,HUALMAY,2,2
Peru,PER,2020-04-18,LIMA,LIMA,COMAS,1,1
Peru,PER,2020-04-18,LIMA,LIMA,INDEPENDENCIA,1,2
Peru,PER,2020-04-18,LIMA,LIMA,JESUS MARIA,1,3
Peru,PER,2020-04-18,LIMA,LIMA,LA VICTORIA,3,6
Peru,PER,2020-04-18,LIMA,LIMA,LIMA,3,9
Peru,PER,2020-04-18,LIMA,LIMA,MIRAFLORES,1,10
Peru,PER,2020-04-18,LIMA,LIMA,PUENTE PIEDRA,1,11
Peru,PER,2020-04-18,LIMA,LIMA,RIMAC,2,13
Peru,PER,2020-04-18,LIMA,LIMA,SAN JUAN DE LURIGANCHO,4,17
Peru,PER,2020-04-18,LIMA,LIMA,SAN MARTIN DE PORRES,2,19
Peru,PER,2020-04-18,LIMA,LIMA,SANTA ANITA,1,20
Peru,PER,2020-04-18,LIMA,NULL,NULL,1,1
Peru,PER,2020-04-18,LIMA,NA,NA,3,3
Peru,PER,2020-04-18,LORETO,MAYNAS,IQUITOS,1,1
Peru,PER,2020-04-18,LORETO,MAYNAS,PUNCHANA,1,2
Peru,PER,2020-04-18,LORETO,MAYNAS,SAN JUAN BAUTISTA,1,3
Peru,PER,2020-04-18,LORETO,NULL,NULL,1,1
Peru,PER,2020-04-18,PIURA,MORROPON,CHULUCANAS,1,1
Peru,PER,2020-04-18,PIURA,PAITA,PAITA,1,1
Peru,PER,2020-04-18,PIURA,PIURA,CASTILLA,2,2
Peru,PER,2020-04-18,PIURA,PIURA,PIURA,1,3
Peru,PER,2020-04-18,PIURA,SULLANA,SULLANA,1,1
Peru,PER,2020-04-18,TUMBES,TUMBES,TUMBES,1,1
Peru,PER,2020-04-18,UCAYALI,CORONEL PORTILLO,CALLERIA,2,2
Peru,PER,2020-04-19,ANCASH,SANTA,CHIMBOTE,6,6
Peru,PER,2020-04-19,ANCASH,SANTA,NUEVO CHIMBOTE,1,7
Peru,PER,2020-04-19,AREQUIPA,AREQUIPA,PAUCARPATA,2,2
Peru,PER,2020-04-19,AREQUIPA,CAMANA,OCOÑA,1,1
Peru,PER,2020-04-19,CALLAO,CALLAO,CALLAO,1,1
Peru,PER,2020-04-19,ICA,PALPA,PALPA,1,1
Peru,PER,2020-04-19,ICA,PISCO,SAN ANDRES,1,1
Peru,PER,2020-04-19,JUNIN,CHUPACA,CHUPACA,1,1
Peru,PER,2020-04-19,LA LIBERTAD,CHEPEN,CHEP+N,1,1
Peru,PER,2020-04-19,LA LIBERTAD,TRUJILLO,TRUJILLO,2,2
Peru,PER,2020-04-19,LAMBAYEQUE,CHICLAYO,CHICLAYO,2,2
Peru,PER,2020-04-19,LAMBAYEQUE,CHICLAYO,CHONGOYAPE,1,3
Peru,PER,2020-04-19,LAMBAYEQUE,NULL,NULL,1,1
Peru,PER,2020-04-19,LAMBAYEQUE,NA,NA,3,3
Peru,PER,2020-04-19,LIMA,CAÑETE,NUEVO IMPERIAL,1,1
Peru,PER,2020-04-19,LIMA,CAÑETE,SAN VICENTE DE CAÑETE,1,2
Peru,PER,2020-04-19,LIMA,HUARAL,CHANCAY,1,1
Peru,PER,2020-04-19,LIMA,LIMA,ATE,2,2
Peru,PER,2020-04-19,LIMA,LIMA,CHORRILLOS,1,3
Peru,PER,2020-04-19,LIMA,LIMA,COMAS,4,7
Peru,PER,2020-04-19,LIMA,LIMA,EL AGUSTINO,1,8
Peru,PER,2020-04-19,LIMA,LIMA,JESUS MARIA,1,9
Peru,PER,2020-04-19,LIMA,LIMA,LA VICTORIA,5,14
Peru,PER,2020-04-19,LIMA,LIMA,LIMA,1,15
Peru,PER,2020-04-19,LIMA,LIMA,PUENTE PIEDRA,3,18
Peru,PER,2020-04-19,LIMA,LIMA,SAN JUAN DE LURIGANCHO,4,22
Peru,PER,2020-04-19,LIMA,LIMA,SAN MARTIN DE PORRES,6,28
Peru,PER,2020-04-19,LIMA,LIMA,SANTA ANITA,1,29
Peru,PER,2020-04-19,LIMA,LIMA,SANTIAGO DE SURCO,1,30
Peru,PER,2020-04-19,LIMA,NA,NA,3,3
Peru,PER,2020-04-19,PIURA,MORROPON,CHULUCANAS,1,1
Peru,PER,2020-04-19,PIURA,PAITA,PAITA,1,1
Peru,PER,2020-04-19,PIURA,PIURA,CASTILLA,1,1
Peru,PER,2020-04-19,PIURA,PIURA,CATACAOS,1,2
Peru,PER,2020-04-19,PIURA,PIURA,PIURA,1,3
Peru,PER,2020-04-19,PIURA,PIURA,VEINTISÉIS DE OCTUBRE,2,5
Peru,PER,2020-04-19,PIURA,SULLANA,SULLANA,1,1
Peru,PER,2020-04-19,TUMBES,TUMBES,LA CRUZ,1,1
Peru,PER,2020-04-19,TUMBES,ZARUMILLA,AGUAS VERDES,1,1
Peru,PER,2020-04-19,UCAYALI,CORONEL PORTILLO,CALLERIA,2,2
Peru,PER,2020-04-19,UCAYALI,CORONEL PORTILLO,MANANTAY,1,3
Peru,PER,2020-04-19,UCAYALI,NULL,NULL,1,1
Peru,PER,2020-04-20,ANCASH,CASMA,CASMA,1,1
Peru,PER,2020-04-20,ANCASH,SANTA,COISHCO,1,1
Peru,PER,2020-04-20,ANCASH,SANTA,SANTA,2,3
Peru,PER,2020-04-20,AREQUIPA,ISLAY,COCACHACRA,1,1
Peru,PER,2020-04-20,CALLAO,CALLAO,CALLAO,1,1
Peru,PER,2020-04-20,CALLAO,LIMA,SAN MARTIN DE PORRES,1,1
Peru,PER,2020-04-20,ICA,PALPA,RIO GRANDE,1,1
Peru,PER,2020-04-20,LA LIBERTAD,TRUJILLO,TRUJILLO,2,2
Peru,PER,2020-04-20,LAMBAYEQUE,CHICLAYO,CHICLAYO,3,3
Peru,PER,2020-04-20,LAMBAYEQUE,CHICLAYO,ETEN,1,4
Peru,PER,2020-04-20,LAMBAYEQUE,CHICLAYO,JOSE LEONARDO ORTIZ,1,5
Peru,PER,2020-04-20,LAMBAYEQUE,CHICLAYO,REQUE,1,6
Peru,PER,2020-04-20,LAMBAYEQUE,FERREÑAFE,FERREÑAFE,2,2
Peru,PER,2020-04-20,LAMBAYEQUE,LAMBAYEQUE,OLMOS,1,1
Peru,PER,2020-04-20,LAMBAYEQUE,NULL,NULL,1,1
Peru,PER,2020-04-20,LAMBAYEQUE,NA,NA,1,1
Peru,PER,2020-04-20,LIMA,ACOBAMBA,ACOBAMBA,1,1
Peru,PER,2020-04-20,LIMA,CALLAO,CALLAO,1,1
Peru,PER,2020-04-20,LIMA,CAÑETE,COAYLLO,1,1
Peru,PER,2020-04-20,LIMA,HUAURA,HUACHO,1,1
Peru,PER,2020-04-20,LIMA,HUAURA,HUAURA,1,2
Peru,PER,2020-04-20,LIMA,LIMA,ATE,3,3
Peru,PER,2020-04-20,LIMA,LIMA,BREÑA,1,4
Peru,PER,2020-04-20,LIMA,LIMA,CHACLACAYO,1,5
Peru,PER,2020-04-20,LIMA,LIMA,CHORRILLOS,2,7
Peru,PER,2020-04-20,LIMA,LIMA,COMAS,4,11
Peru,PER,2020-04-20,LIMA,LIMA,EL AGUSTINO,1,12
Peru,PER,2020-04-20,LIMA,LIMA,INDEPENDENCIA,1,13
Peru,PER,2020-04-20,LIMA,LIMA,LA VICTORIA,3,16
Peru,PER,2020-04-20,LIMA,LIMA,RIMAC,3,19
Peru,PER,2020-04-20,LIMA,LIMA,SAN JUAN DE LURIGANCHO,5,24
Peru,PER,2020-04-20,LIMA,LIMA,SAN JUAN DE MIRAFLORES,2,26
Peru,PER,2020-04-20,LIMA,LIMA,SAN LUIS,2,28
Peru,PER,2020-04-20,LIMA,LIMA,SAN MARTIN DE PORRES,4,32
Peru,PER,2020-04-20,LIMA,LIMA,SANTA ANITA,1,33
Peru,PER,2020-04-20,LIMA,LIMA,SANTIAGO DE SURCO,1,34
Peru,PER,2020-04-20,LIMA,LIMA,SURQUILLO,1,35
Peru,PER,2020-04-20,LIMA,LIMA,VILLA MARIA DEL TRIUNFO,2,37
Peru,PER,2020-04-20,LIMA,NULL,NULL,1,1
Peru,PER,2020-04-20,PIURA,PIURA,CASTILLA,2,2
Peru,PER,2020-04-20,PIURA,PIURA,PIURA,3,5
Peru,PER,2020-04-20,PIURA,SULLANA,SULLANA,1,1
Peru,PER,2020-04-20,PIURA,TALARA,LOS ORGANOS,1,1
Peru,PER,2020-04-20,PUNO,SAN ROMAN,JULIACA,1,1
Peru,PER,2020-04-20,TUMBES,ZARUMILLA,ZARUMILLA,1,1
Peru,PER,2020-04-20,UCAYALI,CORONEL PORTILLO,CALLERIA,2,2
Peru,PER,2020-04-21,ANCASH,SANTA,COISHCO,1,1
Peru,PER,2020-04-21,CALLAO,CALLAO,CALLAO,4,4
Peru,PER,2020-04-21,CALLAO,CALLAO,CARMEN DE LA LEGUA REYNOSO,1,5
Peru,PER,2020-04-21,CALLAO,CALLAO,LA PERLA,1,6
Peru,PER,2020-04-21,CALLAO,CALLAO,MI PERU,1,7
Peru,PER,2020-04-21,ICA,CHINCHA,GROCIO PRADO,1,1
Peru,PER,2020-04-21,ICA,ICA,ICA,1,1
Peru,PER,2020-04-21,LAMBAYEQUE,CHICLAYO,CHICLAYO,2,2
Peru,PER,2020-04-21,LAMBAYEQUE,CHICLAYO,POMALCA,2,4
Peru,PER,2020-04-21,LAMBAYEQUE,LAMBAYEQUE,ILLIMO,1,1
Peru,PER,2020-04-21,LAMBAYEQUE,LAMBAYEQUE,MORROPE,1,2
Peru,PER,2020-04-21,LAMBAYEQUE,NULL,NULL,3,3
Peru,PER,2020-04-21,LAMBAYEQUE,NA,NA,1,1
Peru,PER,2020-04-21,LIMA,CAÑETE,IMPERIAL,1,1
Peru,PER,2020-04-21,LIMA,CAÑETE,SAN VICENTE DE CAÑETE,1,2
Peru,PER,2020-04-21,LIMA,HUARAL,CHANCAY,1,1
Peru,PER,2020-04-21,LIMA,HUAURA,HUAURA,1,1
Peru,PER,2020-04-21,LIMA,LIMA,BARRANCO,1,1
Peru,PER,2020-04-21,LIMA,LIMA,CHACLACAYO,1,2
Peru,PER,2020-04-21,LIMA,LIMA,CHORRILLOS,2,4
Peru,PER,2020-04-21,LIMA,LIMA,COMAS,2,6
Peru,PER,2020-04-21,LIMA,LIMA,EL AGUSTINO,2,8
Peru,PER,2020-04-21,LIMA,LIMA,JESUS MARIA,1,9
Peru,PER,2020-04-21,LIMA,LIMA,LA VICTORIA,3,12
Peru,PER,2020-04-21,LIMA,LIMA,LIMA,3,15
Peru,PER,2020-04-21,LIMA,LIMA,LOS OLIVOS,2,17
Peru,PER,2020-04-21,LIMA,LIMA,PUEBLO LIBRE,1,18
Peru,PER,2020-04-21,LIMA,LIMA,PUENTE PIEDRA,2,20
Peru,PER,2020-04-21,LIMA,LIMA,SAN JUAN DE LURIGANCHO,2,22
Peru,PER,2020-04-21,LIMA,LIMA,SAN JUAN DE MIRAFLORES,1,23
Peru,PER,2020-04-21,LIMA,LIMA,SAN MARTIN DE PORRES,3,26
Peru,PER,2020-04-21,LIMA,LIMA,SANTIAGO DE SURCO,2,28
Peru,PER,2020-04-21,LIMA,LIMA,SURQUILLO,1,29
Peru,PER,2020-04-21,LIMA,NULL,LOS OLIVOS,1,1
Peru,PER,2020-04-21,LIMA,NULL,NULL,1,2
Peru,PER,2020-04-21,LIMA,NA,NA,2,2
Peru,PER,2020-04-21,LORETO,MAYNAS,IQUITOS,1,1
Peru,PER,2020-04-21,LORETO,MAYNAS,PUNCHANA,1,2
Peru,PER,2020-04-21,PIURA,PIURA,CASTILLA,3,3
Peru,PER,2020-04-21,PIURA,PIURA,LA UNION,1,4
Peru,PER,2020-04-21,PIURA,PIURA,PIURA,2,6
Peru,PER,2020-04-21,PIURA,PIURA,VEINTISÉIS DE OCTUBRE,1,7
Peru,PER,2020-04-21,PIURA,SULLANA,SALITRAL,1,1
Peru,PER,2020-04-21,TUMBES,CONTRALMIRANTE VILLAR,ZORRITOS,1,1
Peru,PER,2020-04-21,UCAYALI,CORONEL PORTILLO,CALLERIA,3,3
Peru,PER,2020-04-22,ANCASH,SANTA,CHIMBOTE,1,1
Peru,PER,2020-04-22,CALLAO,CALLAO,CALLAO,1,1
Peru,PER,2020-04-22,CALLAO,CALLAO,CARMEN DE LA LEGUA REYNOSO,1,2
Peru,PER,2020-04-22,CALLAO,CALLAO,VENTANILLA,1,3
Peru,PER,2020-04-22,ICA,CHINCHA,ALTO LARAN,1,1
Peru,PER,2020-04-22,ICA,CHINCHA,GROCIO PRADO,1,2
Peru,PER,2020-04-22,ICA,NAZCA,VISTA ALEGRE,1,1
Peru,PER,2020-04-22,ICA,PALPA,PALPA,1,1
Peru,PER,2020-04-22,JUNIN,JAUJA,MUQUIYAUYO,1,1
Peru,PER,2020-04-22,LA LIBERTAD,TRUJILLO,HUANCHACO,1,1
Peru,PER,2020-04-22,LAMBAYEQUE,CHICLAYO,CHICLAYO,2,2
Peru,PER,2020-04-22,LAMBAYEQUE,CHICLAYO,JOSE LEONARDO ORTIZ,2,4
Peru,PER,2020-04-22,LAMBAYEQUE,CHICLAYO,MONSEFU,1,5
Peru,PER,2020-04-22,LAMBAYEQUE,CHICLAYO,TUMAN,1,6
Peru,PER,2020-04-22,LAMBAYEQUE,FERREÑAFE,FERREÑAFE,4,4
Peru,PER,2020-04-22,LAMBAYEQUE,LAMBAYEQUE,SALAS,1,1
Peru,PER,2020-04-22,LAMBAYEQUE,NULL,NULL,2,2
Peru,PER,2020-04-22,LAMBAYEQUE,NA,NA,1,1
Peru,PER,2020-04-22,LIMA,CALLAO,CALLAO,1,1
Peru,PER,2020-04-22,LIMA,CAÑETE,NUEVO IMPERIAL,1,1
Peru,PER,2020-04-22,LIMA,LIMA,ATE,2,2
Peru,PER,2020-04-22,LIMA,LIMA,BREÑA,1,3
Peru,PER,2020-04-22,LIMA,LIMA,CHORRILLOS,1,4
Peru,PER,2020-04-22,LIMA,LIMA,COMAS,4,8
Peru,PER,2020-04-22,LIMA,LIMA,EL AGUSTINO,1,9
Peru,PER,2020-04-22,LIMA,LIMA,INDEPENDENCIA,1,10
Peru,PER,2020-04-22,LIMA,LIMA,LIMA,4,14
Peru,PER,2020-04-22,LIMA,LIMA,LOS OLIVOS,1,15
Peru,PER,2020-04-22,LIMA,LIMA,LURIGANCHO,1,16
Peru,PER,2020-04-22,LIMA,LIMA,MIRAFLORES,1,17
Peru,PER,2020-04-22,LIMA,LIMA,PUEBLO LIBRE,1,18
Peru,PER,2020-04-22,LIMA,LIMA,RIMAC,3,21
Peru,PER,2020-04-22,LIMA,LIMA,SAN JUAN DE LURIGANCHO,4,25
Peru,PER,2020-04-22,LIMA,LIMA,SAN JUAN DE MIRAFLORES,1,26
Peru,PER,2020-04-22,LIMA,LIMA,SAN LUIS,1,27
Peru,PER,2020-04-22,LIMA,LIMA,SAN MARTIN DE PORRES,2,29
Peru,PER,2020-04-22,LIMA,LIMA,SAN MIGUEL,1,30
Peru,PER,2020-04-22,LIMA,LIMA,SANTIAGO DE SURCO,1,31
Peru,PER,2020-04-22,LIMA,NA,NA,4,4
Peru,PER,2020-04-22,LORETO,MAYNAS,IQUITOS,1,1
Peru,PER,2020-04-22,LORETO,MAYNAS,PUNCHANA,1,2
Peru,PER,2020-04-22,LORETO,NA,NA,2,2
Peru,PER,2020-04-22,PIURA,MORROPON,CHULUCANAS,1,1
Peru,PER,2020-04-22,PIURA,PIURA,PIURA,1,1
Peru,PER,2020-04-22,PIURA,PIURA,VEINTISÉIS DE OCTUBRE,1,2
Peru,PER,2020-04-22,TUMBES,TUMBES,TUMBES,2,2
Peru,PER,2020-04-22,TUMBES,ZARUMILLA,ZARUMILLA,1,1
Peru,PER,2020-04-22,UCAYALI,CORONEL PORTILLO,CALLERIA,3,3
Peru,PER,2020-04-22,UCAYALI,CORONEL PORTILLO,YARINACOCHA,2,5
Peru,PER,2020-04-22,UCAYALI,NULL,NULL,2,2
Peru,PER,2020-04-22,UCAYALI,NA,NA,1,1
Peru,PER,2020-04-23,ANCASH,CASMA,CASMA,2,2
Peru,PER,2020-04-23,ANCASH,NULL,NULL,1,1
Peru,PER,2020-04-23,ANCASH,SANTA,CHIMBOTE,2,2
Peru,PER,2020-04-23,ANCASH,SANTA,COISHCO,1,3
Peru,PER,2020-04-23,ANCASH,SANTA,SANTA,1,4
Peru,PER,2020-04-23,AREQUIPA,AREQUIPA,PAUCARPATA,1,1
Peru,PER,2020-04-23,CALLAO,CALLAO,CALLAO,5,5
Peru,PER,2020-04-23,CALLAO,NULL,CALLAO,1,1
Peru,PER,2020-04-23,ICA,CHINCHA,CHINCHA ALTA,1,1
Peru,PER,2020-04-23,ICA,CHINCHA,SUNAMPE,1,2
Peru,PER,2020-04-23,ICA,ICA,ICA,1,1
Peru,PER,2020-04-23,ICA,ICA,SANTIAGO,1,2
Peru,PER,2020-04-23,ICA,NULL,NULL,1,1
Peru,PER,2020-04-23,LA LIBERTAD,TRUJILLO,HUANCHACO,2,2
Peru,PER,2020-04-23,LAMBAYEQUE,CHICLAYO,CHICLAYO,5,5
Peru,PER,2020-04-23,LAMBAYEQUE,CHICLAYO,ETEN,2,7
Peru,PER,2020-04-23,LAMBAYEQUE,CHICLAYO,JOSE LEONARDO ORTIZ,2,9
Peru,PER,2020-04-23,LAMBAYEQUE,CHICLAYO,MONSEFU,1,10
Peru,PER,2020-04-23,LAMBAYEQUE,CHICLAYO,SANTA ROSA,1,11
Peru,PER,2020-04-23,LAMBAYEQUE,FERREÑAFE,FERREÑAFE,2,2
Peru,PER,2020-04-23,LAMBAYEQUE,FERREÑAFE,PUEBLO NUEVO,1,3
Peru,PER,2020-04-23,LAMBAYEQUE,LAMBAYEQUE,LAMBAYEQUE,1,1
Peru,PER,2020-04-23,LAMBAYEQUE,LAMBAYEQUE,MORROPE,1,2
Peru,PER,2020-04-23,LAMBAYEQUE,NULL,NULL,2,2
Peru,PER,2020-04-23,LIMA,CAÑETE,NUEVO IMPERIAL,2,2
Peru,PER,2020-04-23,LIMA,CAÑETE,SAN VICENTE DE CAÑETE,1,3
Peru,PER,2020-04-23,LIMA,HUARAL,CHANCAY,2,2
Peru,PER,2020-04-23,LIMA,HUAURA,HUAURA,1,1
Peru,PER,2020-04-23,LIMA,LIMA,CHORRILLOS,1,1
Peru,PER,2020-04-23,LIMA,LIMA,COMAS,2,3
Peru,PER,2020-04-23,LIMA,LIMA,LA VICTORIA,3,6
Peru,PER,2020-04-23,LIMA,LIMA,LIMA,3,9
Peru,PER,2020-04-23,LIMA,LIMA,LOS OLIVOS,1,10
Peru,PER,2020-04-23,LIMA,LIMA,MAGDALENA DEL MAR,1,11
Peru,PER,2020-04-23,LIMA,LIMA,PUENTE PIEDRA,2,13
Peru,PER,2020-04-23,LIMA,LIMA,SAN JUAN DE LURIGANCHO,2,15
Peru,PER,2020-04-23,LIMA,LIMA,SAN MARTIN DE PORRES,1,16
Peru,PER,2020-04-23,LIMA,LIMA,SAN MIGUEL,1,17
Peru,PER,2020-04-23,LIMA,LIMA,SANTIAGO DE SURCO,1,18
Peru,PER,2020-04-23,LIMA,LIMA,SURQUILLO,1,19
Peru,PER,2020-04-23,LIMA,TRUJILLO,TRUJILLO,1,1
Peru,PER,2020-04-23,LORETO,MAYNAS,IQUITOS,6,6
Peru,PER,2020-04-23,LORETO,MAYNAS,SAN JUAN BAUTISTA,1,7
Peru,PER,2020-04-23,LORETO,NULL,NULL,3,3
Peru,PER,2020-04-23,LORETO,NA,NA,1,1
Peru,PER,2020-04-23,PIURA,PIURA,CASTILLA,3,3
Peru,PER,2020-04-23,PIURA,PIURA,CATACAOS,1,4
Peru,PER,2020-04-23,PIURA,PIURA,PIURA,3,7
Peru,PER,2020-04-23,TACNA,TACNA,TACNA,1,1
Peru,PER,2020-04-23,TUMBES,CONTRALMIRANTE VILLAR,ZORRITOS,1,1
Peru,PER,2020-04-23,UCAYALI,CORONEL PORTILLO,CALLERIA,1,1
Peru,PER,2020-04-24,ANCASH,CASMA,CASMA,1,1
Peru,PER,2020-04-24,ANCASH,SANTA,CHIMBOTE,3,3
Peru,PER,2020-04-24,ANCASH,SANTA,COISHCO,1,4
Peru,PER,2020-04-24,ANCASH,NA,NA,1,1
Peru,PER,2020-04-24,CALLAO,CALLAO,CALLAO,5,5
Peru,PER,2020-04-24,CALLAO,LIMA,CARABAYLLO,1,1
Peru,PER,2020-04-24,CALLAO,MORROPON,MORROPON,1,1
Peru,PER,2020-04-24,ICA,PISCO,SAN ANDRES,1,1
Peru,PER,2020-04-24,LA LIBERTAD,CHEPEN,CHEP+N,1,1
Peru,PER,2020-04-24,LAMBAYEQUE,CHICLAYO,CHICLAYO,7,7
Peru,PER,2020-04-24,LAMBAYEQUE,CHICLAYO,JOSE LEONARDO ORTIZ,3,10
Peru,PER,2020-04-24,LAMBAYEQUE,CHICLAYO,MONSEFU,1,11
Peru,PER,2020-04-24,LAMBAYEQUE,FERREÑAFE,FERREÑAFE,2,2
Peru,PER,2020-04-24,LAMBAYEQUE,NULL,CHICLAYO,1,1
Peru,PER,2020-04-24,LAMBAYEQUE,NULL,MONSEFÚ,1,2
Peru,PER,2020-04-24,LAMBAYEQUE,NULL,NULL,2,4
Peru,PER,2020-04-24,LIMA,LIMA,BREÑA,1,1
Peru,PER,2020-04-24,LIMA,LIMA,CHORRILLOS,1,2
Peru,PER,2020-04-24,LIMA,LIMA,COMAS,3,5
Peru,PER,2020-04-24,LIMA,LIMA,EL AGUSTINO,1,6
Peru,PER,2020-04-24,LIMA,LIMA,INDEPENDENCIA,1,7
Peru,PER,2020-04-24,LIMA,LIMA,LA VICTORIA,2,9
Peru,PER,2020-04-24,LIMA,LIMA,LIMA,6,15
Peru,PER,2020-04-24,LIMA,LIMA,LINCE,1,16
Peru,PER,2020-04-24,LIMA,LIMA,MIRAFLORES,1,17
Peru,PER,2020-04-24,LIMA,LIMA,PUENTE PIEDRA,1,18
Peru,PER,2020-04-24,LIMA,LIMA,SAN JUAN DE LURIGANCHO,4,22
Peru,PER,2020-04-24,LIMA,LIMA,SAN JUAN DE MIRAFLORES,1,23
Peru,PER,2020-04-24,LIMA,LIMA,SAN LUIS,1,24
Peru,PER,2020-04-24,LIMA,LIMA,SAN MARTIN DE PORRES,2,26
Peru,PER,2020-04-24,LIMA,LIMA,SANTA ANITA,2,28
Peru,PER,2020-04-24,LIMA,NULL,NULL,1,1
Peru,PER,2020-04-24,LIMA,NA,NA,3,3
Peru,PER,2020-04-24,LORETO,MAYNAS,IQUITOS,1,1
Peru,PER,2020-04-24,LORETO,MAYNAS,PUNCHANA,1,2
Peru,PER,2020-04-24,LORETO,MAYNAS,SAN JUAN BAUTISTA,1,3
Peru,PER,2020-04-24,LORETO,NULL,NULL,3,3
Peru,PER,2020-04-24,PIURA,MORROPON,CHULUCANAS,2,2
Peru,PER,2020-04-24,PIURA,PAITA,PAITA,1,1
Peru,PER,2020-04-24,PIURA,PIURA,PIURA,3,3
Peru,PER,2020-04-24,PIURA,PIURA,VEINTISÉIS DE OCTUBRE,3,6
Peru,PER,2020-04-24,PIURA,SULLANA,BELLAVISTA,1,1
Peru,PER,2020-04-24,TUMBES,CONTRALMIRANTE VILLAR,ZORRITOS,1,1
Peru,PER,2020-04-24,TUMBES,TUMBES,TUMBES,1,1
Peru,PER,2020-04-24,TUMBES,ZARUMILLA,ZARUMILLA,1,1
Peru,PER,2020-04-24,UCAYALI,CORONEL PORTILLO,CALLERIA,2,2
Peru,PER,2020-04-24,UCAYALI,NULL,NULL,2,2
Peru,PER,2020-04-25,ANCASH,SANTA,CHIMBOTE,3,3
Peru,PER,2020-04-25,ANCASH,SANTA,SAMANCO,1,4
Peru,PER,2020-04-25,AREQUIPA,AREQUIPA,ALTO SELVA ALEGRE,1,1
Peru,PER,2020-04-25,AREQUIPA,AREQUIPA,PAUCARPATA,1,2
Peru,PER,2020-04-25,CALLAO,CALLAO,CALLAO,4,4
Peru,PER,2020-04-25,ICA,CHINCHA,CHINCHA ALTA,1,1
Peru,PER,2020-04-25,ICA,CHINCHA,PUEBLO NUEVO,1,2
Peru,PER,2020-04-25,ICA,NAZCA,VISTA ALEGRE,1,1
Peru,PER,2020-04-25,ICA,PALPA,RIO GRANDE,1,1
Peru,PER,2020-04-25,JUNIN,JAUJA,SAUSA,1,1
Peru,PER,2020-04-25,LAMBAYEQUE,CHICLAYO,CHICLAYO,6,6
Peru,PER,2020-04-25,LAMBAYEQUE,CHICLAYO,JOSE LEONARDO ORTIZ,2,8
Peru,PER,2020-04-25,LAMBAYEQUE,CHICLAYO,POMALCA,1,9
Peru,PER,2020-04-25,LAMBAYEQUE,CHICLAYO,TUMAN,1,10
Peru,PER,2020-04-25,LAMBAYEQUE,FERREÑAFE,FERREÑAFE,1,1
Peru,PER,2020-04-25,LAMBAYEQUE,LAMBAYEQUE,MOTUPE,1,1
Peru,PER,2020-04-25,LAMBAYEQUE,NULL,CHICLAYO,1,1
Peru,PER,2020-04-25,LAMBAYEQUE,NULL,NULL,2,3
Peru,PER,2020-04-25,LIMA,CAÑETE,SAN VICENTE DE CAÑETE,2,2
Peru,PER,2020-04-25,LIMA,HUARAL,HUARAL,1,1
Peru,PER,2020-04-25,LIMA,LIMA,ATE,1,1
Peru,PER,2020-04-25,LIMA,LIMA,CHACLACAYO,1,2
Peru,PER,2020-04-25,LIMA,LIMA,CHORRILLOS,1,3
Peru,PER,2020-04-25,LIMA,LIMA,LA VICTORIA,3,6
Peru,PER,2020-04-25,LIMA,LIMA,LOS OLIVOS,3,9
Peru,PER,2020-04-25,LIMA,LIMA,PUEBLO LIBRE,2,11
Peru,PER,2020-04-25,LIMA,LIMA,PUENTE PIEDRA,1,12
Peru,PER,2020-04-25,LIMA,LIMA,RIMAC,1,13
Peru,PER,2020-04-25,LIMA,LIMA,SAN JUAN DE LURIGANCHO,2,15
Peru,PER,2020-04-25,LIMA,LIMA,SAN MARTIN DE PORRES,2,17
Peru,PER,2020-04-25,LIMA,LIMA,VILLA MARIA DEL TRIUNFO,1,18
Peru,PER,2020-04-25,LORETO,NULL,IQUITOS,1,1
Peru,PER,2020-04-25,LORETO,NULL,NULL,3,4
Peru,PER,2020-04-25,LORETO,NA,NA,1,1
Peru,PER,2020-04-25,MADRE DE DIOS,TAMBOPATA,TAMBOPATA,1,1
Peru,PER,2020-04-25,PIURA,PIURA,CASTILLA,2,2
Peru,PER,2020-04-25,PIURA,PIURA,LA UNION,1,3
Peru,PER,2020-04-25,PIURA,PIURA,PIURA,2,5
Peru,PER,2020-04-25,PIURA,TALARA,PARIÑAS,1,1
Peru,PER,2020-04-25,TUMBES,TUMBES,TUMBES,1,1
Peru,PER,2020-04-25,TUMBES,ZARUMILLA,ZARUMILLA,1,1
Peru,PER,2020-04-25,UCAYALI,CORONEL PORTILLO,CALLERIA,3,3
Peru,PER,2020-04-25,UCAYALI,CORONEL PORTILLO,MANANTAY,1,4
Peru,PER,2020-04-25,UCAYALI,NULL,NULL,3,3
Peru,PER,2020-04-26,ANCASH,SANTA,CHIMBOTE,3,3
Peru,PER,2020-04-26,ANCASH,SANTA,NUEVO CHIMBOTE,1,4
Peru,PER,2020-04-26,CALLAO,CALLAO,CALLAO,1,1
Peru,PER,2020-04-26,CALLAO,CALLAO,CARMEN DE LA LEGUA REYNOSO,1,2
Peru,PER,2020-04-26,CALLAO,CALLAO,LA PERLA,1,3
Peru,PER,2020-04-26,ICA,CHINCHA,GROCIO PRADO,1,1
Peru,PER,2020-04-26,ICA,PISCO,PARACAS,1,1
Peru,PER,2020-04-26,ICA,PISCO,PISCO,1,2
Peru,PER,2020-04-26,JUNIN,CHUPACA,HUAMANCACA CHICO,1,1
Peru,PER,2020-04-26,JUNIN,YAULI,SANTA ROSA DE SACCO,1,1
Peru,PER,2020-04-26,LA LIBERTAD,TRUJILLO,EL PORVENIR,1,1
Peru,PER,2020-04-26,LA LIBERTAD,TRUJILLO,HUANCHACO,2,3
Peru,PER,2020-04-26,LA LIBERTAD,TRUJILLO,TRUJILLO,3,6
Peru,PER,2020-04-26,LAMBAYEQUE,CHICLAYO,CHICLAYO,4,4
Peru,PER,2020-04-26,LAMBAYEQUE,CHICLAYO,JOSE LEONARDO ORTIZ,1,5
Peru,PER,2020-04-26,LAMBAYEQUE,CHICLAYO,TUMAN,1,6
Peru,PER,2020-04-26,LAMBAYEQUE,LAMBAYEQUE,LAMBAYEQUE,2,2
Peru,PER,2020-04-26,LAMBAYEQUE,LAMBAYEQUE,MORROPE,1,3
Peru,PER,2020-04-26,LAMBAYEQUE,LAMBAYEQUE,OLMOS,1,4
Peru,PER,2020-04-26,LAMBAYEQUE,NULL,MONSEFU,1,1
Peru,PER,2020-04-26,LAMBAYEQUE,NULL,NULL,1,2
Peru,PER,2020-04-26,LAMBAYEQUE,NA,NA,2,2
Peru,PER,2020-04-26,LIMA,CAÑETE,CHILCA,1,1
Peru,PER,2020-04-26,LIMA,CAÑETE,IMPERIAL,1,2
Peru,PER,2020-04-26,LIMA,HUARAL,HUARAL,1,1
Peru,PER,2020-04-26,LIMA,LIMA,ATE,3,3
Peru,PER,2020-04-26,LIMA,LIMA,BREÑA,1,4
Peru,PER,2020-04-26,LIMA,LIMA,COMAS,4,8
Peru,PER,2020-04-26,LIMA,LIMA,EL AGUSTINO,2,10
Peru,PER,2020-04-26,LIMA,LIMA,INDEPENDENCIA,1,11
Peru,PER,2020-04-26,LIMA,LIMA,LA VICTORIA,4,15
Peru,PER,2020-04-26,LIMA,LIMA,LIMA,3,18
Peru,PER,2020-04-26,LIMA,LIMA,PUEBLO LIBRE,1,19
Peru,PER,2020-04-26,LIMA,LIMA,RIMAC,2,21
Peru,PER,2020-04-26,LIMA,LIMA,SAN JUAN DE LURIGANCHO,1,22
Peru,PER,2020-04-26,LIMA,LIMA,SAN MARTIN DE PORRES,2,24
Peru,PER,2020-04-26,LIMA,LIMA,SANTIAGO DE SURCO,1,25
Peru,PER,2020-04-26,LIMA,LIMA,SURQUILLO,2,27
Peru,PER,2020-04-26,LIMA,OYON,PACHANGARA,1,1
Peru,PER,2020-04-26,LORETO,NULL,NULL,8,8
Peru,PER,2020-04-26,PIURA,MORROPON,CHULUCANAS,1,1
Peru,PER,2020-04-26,PIURA,PAITA,PAITA,1,1
Peru,PER,2020-04-26,PIURA,PIURA,CASTILLA,5,5
Peru,PER,2020-04-26,PIURA,PIURA,CATACAOS,2,7
Peru,PER,2020-04-26,PIURA,PIURA,PIURA,1,8
Peru,PER,2020-04-26,PIURA,PIURA,VEINTISÉIS DE OCTUBRE,2,10
Peru,PER,2020-04-26,PIURA,SULLANA,SULLANA,1,1
Peru,PER,2020-04-26,TUMBES,TUMBES,TUMBES,1,1
Peru,PER,2020-04-26,UCAYALI,CORONEL PORTILLO,CALLERIA,5,5
Peru,PER,2020-04-26,UCAYALI,CORONEL PORTILLO,YARINACOCHA,1,6
Peru,PER,2020-04-27,ANCASH,NULL,CHIMBOTE,1,1
Peru,PER,2020-04-27,ANCASH,SANTA,CHIMBOTE,9,9
Peru,PER,2020-04-27,ANCASH,SANTA,NUEVO CHIMBOTE,2,11
Peru,PER,2020-04-27,ANCASH,SANTA,SANTA,1,12
Peru,PER,2020-04-27,CAJAMARCA,JAEN,JAEN,1,1
Peru,PER,2020-04-27,CALLAO,CALLAO,BELLAVISTA,1,1
Peru,PER,2020-04-27,CALLAO,CALLAO,CALLAO,3,4
Peru,PER,2020-04-27,CALLAO,CALLAO,LA PERLA,2,6
Peru,PER,2020-04-27,ICA,CHINCHA,CHINCHA ALTA,1,1
Peru,PER,2020-04-27,ICA,CHINCHA,SUNAMPE,1,2
Peru,PER,2020-04-27,ICA,ICA,ICA,1,1
Peru,PER,2020-04-27,LA LIBERTAD,CHEPEN,CHEP+N,1,1
Peru,PER,2020-04-27,LA LIBERTAD,TRUJILLO,TRUJILLO,2,2
Peru,PER,2020-04-27,LAMBAYEQUE,CHICLAYO,CAYALTI,1,1
Peru,PER,2020-04-27,LAMBAYEQUE,CHICLAYO,CHICLAYO,4,5
Peru,PER,2020-04-27,LAMBAYEQUE,CHICLAYO,ETEN,1,6
Peru,PER,2020-04-27,LAMBAYEQUE,CHICLAYO,JOSE LEONARDO ORTIZ,1,7
Peru,PER,2020-04-27,LAMBAYEQUE,CHICLAYO,LA VICTORIA,2,9
Peru,PER,2020-04-27,LAMBAYEQUE,CHICLAYO,MONSEFU,1,10
Peru,PER,2020-04-27,LAMBAYEQUE,FERREÑAFE,FERREÑAFE,2,2
Peru,PER,2020-04-27,LAMBAYEQUE,JAEN,PUCARA,1,1
Peru,PER,2020-04-27,LAMBAYEQUE,LAMBAYEQUE,MORROPE,2,2
Peru,PER,2020-04-27,LAMBAYEQUE,NULL,CHICLAYO,1,1
Peru,PER,2020-04-27,LAMBAYEQUE,NULL,ferreñafe,1,2
Peru,PER,2020-04-27,LAMBAYEQUE,NULL,JOSE LEONARDO ORTIZ,2,4
Peru,PER,2020-04-27,LAMBAYEQUE,NULL,NULL,1,5
Peru,PER,2020-04-27,LAMBAYEQUE,NA,NA,1,1
Peru,PER,2020-04-27,LIMA,CAÑETE,CHILCA,1,1
Peru,PER,2020-04-27,LIMA,CAÑETE,IMPERIAL,1,2
Peru,PER,2020-04-27,LIMA,HUARAL,CHANCAY,1,1
Peru,PER,2020-04-27,LIMA,HUAURA,CALETA DE CARQUIN,1,1
Peru,PER,2020-04-27,LIMA,LIMA,BARRANCO,1,1
Peru,PER,2020-04-27,LIMA,LIMA,COMAS,3,4
Peru,PER,2020-04-27,LIMA,LIMA,EL AGUSTINO,3,7
Peru,PER,2020-04-27,LIMA,LIMA,LA MOLINA,1,8
Peru,PER,2020-04-27,LIMA,LIMA,LA VICTORIA,2,10
Peru,PER,2020-04-27,LIMA,LIMA,LIMA,2,12
Peru,PER,2020-04-27,LIMA,LIMA,LINCE,1,13
Peru,PER,2020-04-27,LIMA,LIMA,PUENTE PIEDRA,1,14
Peru,PER,2020-04-27,LIMA,LIMA,SAN BORJA,1,15
Peru,PER,2020-04-27,LIMA,LIMA,SAN JUAN DE LURIGANCHO,6,21
Peru,PER,2020-04-27,LIMA,LIMA,SAN JUAN DE MIRAFLORES,1,22
Peru,PER,2020-04-27,LIMA,LIMA,SAN MARTIN DE PORRES,2,24
Peru,PER,2020-04-27,LIMA,LIMA,SANTIAGO DE SURCO,1,25
Peru,PER,2020-04-27,LIMA,LIMA,SURQUILLO,1,26
Peru,PER,2020-04-27,LIMA,LIMA,VILLA EL SALVADOR,1,27
Peru,PER,2020-04-27,LIMA,LIMA,VILLA MARIA DEL TRIUNFO,1,28
Peru,PER,2020-04-27,LORETO,MAYNAS,PUNCHANA,1,1
Peru,PER,2020-04-27,LORETO,NULL,IQUITOS,1,1
Peru,PER,2020-04-27,LORETO,NULL,NULL,5,6
Peru,PER,2020-04-27,PIURA,MORROPON,CHULUCANAS,1,1
Peru,PER,2020-04-27,PIURA,NULL,NULL,1,1
Peru,PER,2020-04-27,PIURA,PIURA,CASTILLA,3,3
Peru,PER,2020-04-27,PIURA,PIURA,CATACAOS,1,4
Peru,PER,2020-04-27,PIURA,PIURA,LA ARENA,1,5
Peru,PER,2020-04-27,PIURA,PIURA,PIURA,2,7
Peru,PER,2020-04-27,PIURA,PIURA,VEINTISÉIS DE OCTUBRE,2,9
Peru,PER,2020-04-27,PIURA,SULLANA,SULLANA,1,1
Peru,PER,2020-04-27,UCAYALI,CORONEL PORTILLO,CALLERIA,1,1
Peru,PER,2020-04-28,ANCASH,CASMA,YAUTAN,1,1
Peru,PER,2020-04-28,CALLAO,CALLAO,BELLAVISTA,1,1
Peru,PER,2020-04-28,CALLAO,CALLAO,CALLAO,1,2
Peru,PER,2020-04-28,CALLAO,CALLAO,VENTANILLA,1,3
Peru,PER,2020-04-28,CALLAO,NULL,NULL,1,1
Peru,PER,2020-04-28,ICA,CHINCHA,CHINCHA ALTA,2,2
Peru,PER,2020-04-28,ICA,CHINCHA,SUNAMPE,1,3
Peru,PER,2020-04-28,ICA,ICA,ICA,1,1
Peru,PER,2020-04-28,ICA,PALPA,RIO GRANDE,1,1
Peru,PER,2020-04-28,LA LIBERTAD,ASCOPE,PAIJAN,1,1
Peru,PER,2020-04-28,LA LIBERTAD,CHEPEN,CHEP+N,3,3
Peru,PER,2020-04-28,LA LIBERTAD,TRUJILLO,HUANCHACO,1,1
Peru,PER,2020-04-28,LA LIBERTAD,TRUJILLO,LA ESPERANZA,1,2
Peru,PER,2020-04-28,LA LIBERTAD,TRUJILLO,LAREDO,1,3
Peru,PER,2020-04-28,LAMBAYEQUE,CHICLAYO,CHICLAYO,7,7
Peru,PER,2020-04-28,LAMBAYEQUE,CHICLAYO,PATAPO,1,8
Peru,PER,2020-04-28,LAMBAYEQUE,CHICLAYO,POMALCA,2,10
Peru,PER,2020-04-28,LAMBAYEQUE,LAMBAYEQUE,MORROPE,1,1
Peru,PER,2020-04-28,LAMBAYEQUE,NULL,CHICLAYO,1,1
Peru,PER,2020-04-28,LAMBAYEQUE,NULL,JOSE LEONARDO ORTIZ,1,2
Peru,PER,2020-04-28,LAMBAYEQUE,NULL,LA VICTORIA,1,3
Peru,PER,2020-04-28,LAMBAYEQUE,NULL,MONSEFU,1,4
Peru,PER,2020-04-28,LAMBAYEQUE,NULL,NULL,2,6
Peru,PER,2020-04-28,LAMBAYEQUE,NULL,TUCUME,1,7
Peru,PER,2020-04-28,LIMA,CAÑETE,MALA,1,1
Peru,PER,2020-04-28,LIMA,LIMA,CARABAYLLO,2,2
Peru,PER,2020-04-28,LIMA,LIMA,CHACLACAYO,1,3
Peru,PER,2020-04-28,LIMA,LIMA,COMAS,3,6
Peru,PER,2020-04-28,LIMA,LIMA,EL AGUSTINO,2,8
Peru,PER,2020-04-28,LIMA,LIMA,INDEPENDENCIA,2,10
Peru,PER,2020-04-28,LIMA,LIMA,LA VICTORIA,2,12
Peru,PER,2020-04-28,LIMA,LIMA,LIMA,2,14
Peru,PER,2020-04-28,LIMA,LIMA,LOS OLIVOS,2,16
Peru,PER,2020-04-28,LIMA,LIMA,LURIGANCHO,1,17
Peru,PER,2020-04-28,LIMA,LIMA,PUENTE PIEDRA,1,18
Peru,PER,2020-04-28,LIMA,LIMA,RIMAC,1,19
Peru,PER,2020-04-28,LIMA,LIMA,SAN JUAN DE LURIGANCHO,2,21
Peru,PER,2020-04-28,LIMA,LIMA,SAN JUAN DE MIRAFLORES,1,22
Peru,PER,2020-04-28,LIMA,LIMA,SAN MARTIN DE PORRES,3,25
Peru,PER,2020-04-28,LIMA,LIMA,SANTA ANITA,1,26
Peru,PER,2020-04-28,LIMA,LIMA,SANTIAGO DE SURCO,1,27
Peru,PER,2020-04-28,LIMA,NULL,NULL,3,3
Peru,PER,2020-04-28,LORETO,MAYNAS,SAN JUAN BAUTISTA,1,1
Peru,PER,2020-04-28,LORETO,NULL,BELEN,1,1
Peru,PER,2020-04-28,LORETO,NULL,IQUITOS,4,5
Peru,PER,2020-04-28,LORETO,NULL,NULL,2,7
Peru,PER,2020-04-28,LORETO,NULL,PUNCHANA,1,8
Peru,PER,2020-04-28,LORETO,NULL,SAN JUAN BAUTISTA,1,9
Peru,PER,2020-04-28,PIURA,PAITA,PAITA,1,1
Peru,PER,2020-04-28,PIURA,PIURA,CASTILLA,5,5
Peru,PER,2020-04-28,PIURA,PIURA,CATACAOS,1,6
Peru,PER,2020-04-28,PIURA,PIURA,PIURA,1,7
Peru,PER,2020-04-28,PIURA,PIURA,VEINTISÉIS DE OCTUBRE,1,8
Peru,PER,2020-04-28,PIURA,SECHURA,SECHURA,1,1
Peru,PER,2020-04-28,PIURA,SULLANA,SULLANA,1,1
Peru,PER,2020-04-28,PIURA,TALARA,PARIÑAS,1,1
Peru,PER,2020-04-28,UCAYALI,CORONEL PORTILLO,CALLERIA,3,3
Peru,PER,2020-04-29,ANCASH,SANTA,CHIMBOTE,3,3
Peru,PER,2020-04-29,CALLAO,CALLAO,CALLAO,4,4
Peru,PER,2020-04-29,CALLAO,CALLAO,CARMEN DE LA LEGUA REYNOSO,1,5
Peru,PER,2020-04-29,CALLAO,NULL,NULL,1,1
Peru,PER,2020-04-29,ICA,CHINCHA,CHINCHA ALTA,2,2
Peru,PER,2020-04-29,LA LIBERTAD,CHEPEN,CHEP+N,1,1
Peru,PER,2020-04-29,LA LIBERTAD,PACASMAYO,GUADALUPE,1,1
Peru,PER,2020-04-29,LAMBAYEQUE,CHICLAYO,CHICLAYO,5,5
Peru,PER,2020-04-29,LAMBAYEQUE,CHICLAYO,JOSE LEONARDO ORTIZ,2,7
Peru,PER,2020-04-29,LAMBAYEQUE,CHICLAYO,LA VICTORIA,2,9
Peru,PER,2020-04-29,LAMBAYEQUE,FERREÑAFE,FERREÑAFE,1,1
Peru,PER,2020-04-29,LAMBAYEQUE,NULL,JOSE LEONARDO ORTIZ,1,1
Peru,PER,2020-04-29,LAMBAYEQUE,NULL,NULL,2,3
Peru,PER,2020-04-29,LAMBAYEQUE,NULL,SANTA ROSA,1,4
Peru,PER,2020-04-29,LAMBAYEQUE,NA,NA,1,1
Peru,PER,2020-04-29,LIMA,HUARAL,HUARAL,1,1
Peru,PER,2020-04-29,LIMA,LIMA,ATE,2,2
Peru,PER,2020-04-29,LIMA,LIMA,CARABAYLLO,1,3
Peru,PER,2020-04-29,LIMA,LIMA,COMAS,1,4
Peru,PER,2020-04-29,LIMA,LIMA,INDEPENDENCIA,1,5
Peru,PER,2020-04-29,LIMA,LIMA,LA VICTORIA,1,6
Peru,PER,2020-04-29,LIMA,LIMA,SAN JUAN DE LURIGANCHO,1,7
Peru,PER,2020-04-29,LIMA,LIMA,SAN MARTIN DE PORRES,2,9
Peru,PER,2020-04-29,LIMA,NA,NA,1,1
Peru,PER,2020-04-29,LORETO,MAYNAS,IQUITOS,2,2
Peru,PER,2020-04-29,LORETO,MAYNAS,SAN JUAN BAUTISTA,1,3
Peru,PER,2020-04-29,LORETO,NULL,BELEN,1,1
Peru,PER,2020-04-29,LORETO,NULL,IQUITOS,3,4
Peru,PER,2020-04-29,LORETO,NULL,NULL,7,11
Peru,PER,2020-04-29,LORETO,NULL,PUNCHANA,3,14
Peru,PER,2020-04-29,PIURA,MORROPON,CHULUCANAS,1,1
Peru,PER,2020-04-29,PIURA,PAITA,PAITA,2,2
Peru,PER,2020-04-29,PIURA,PIURA,CASTILLA,6,6
Peru,PER,2020-04-29,PIURA,PIURA,PIURA,3,9
Peru,PER,2020-04-29,PIURA,PIURA,VEINTISÉIS DE OCTUBRE,1,10
Peru,PER,2020-04-29,PIURA,SULLANA,SULLANA,2,2
Peru,PER,2020-04-29,PIURA,TALARA,LA BREA,1,1
Peru,PER,2020-04-29,PUNO,SAN ROMAN,JULIACA,1,1
Peru,PER,2020-04-29,UCAYALI,NULL,NULL,2,2
Peru,PER,2020-04-30,ANCASH,HUARAZ,HUARAZ,2,2
Peru,PER,2020-04-30,ANCASH,HUARMEY,HUARMEY,1,1
Peru,PER,2020-04-30,ANCASH,NULL,CHIMBOTE,1,1
Peru,PER,2020-04-30,ANCASH,SANTA,CHIMBOTE,3,3
Peru,PER,2020-04-30,CALLAO,CALLAO,VENTANILLA,1,1
Peru,PER,2020-04-30,CALLAO,NULL,NULL,1,1
Peru,PER,2020-04-30,HUANUCO,LEONCIO PRADO,JOSE CRESPO Y CASTILLO,1,1
Peru,PER,2020-04-30,ICA,CHINCHA,CHINCHA ALTA,2,2
Peru,PER,2020-04-30,ICA,CHINCHA,EL CARMEN,1,3
Peru,PER,2020-04-30,ICA,CHINCHA,GROCIO PRADO,1,4
Peru,PER,2020-04-30,ICA,ICA,ICA,1,1
Peru,PER,2020-04-30,ICA,NULL,NULL,4,4
Peru,PER,2020-04-30,LA LIBERTAD,CHEPEN,CHEP+N,1,1
Peru,PER,2020-04-30,LA LIBERTAD,TRUJILLO,FLORENCIA DE MORA,1,1
Peru,PER,2020-04-30,LA LIBERTAD,TRUJILLO,HUANCHACO,1,2
Peru,PER,2020-04-30,LAMBAYEQUE,CHICLAYO,CAYALTI,1,1
Peru,PER,2020-04-30,LAMBAYEQUE,CHICLAYO,CHICLAYO,8,9
Peru,PER,2020-04-30,LAMBAYEQUE,CHICLAYO,JOSE LEONARDO ORTIZ,1,10
Peru,PER,2020-04-30,LAMBAYEQUE,CHICLAYO,LA VICTORIA,1,11
Peru,PER,2020-04-30,LAMBAYEQUE,CHICLAYO,REQUE,1,12
Peru,PER,2020-04-30,LAMBAYEQUE,CHICLAYO,SANTA ROSA,1,13
Peru,PER,2020-04-30,LAMBAYEQUE,CHICLAYO,TUMAN,1,14
Peru,PER,2020-04-30,LAMBAYEQUE,LAMBAYEQUE,ILLIMO,1,1
Peru,PER,2020-04-30,LAMBAYEQUE,LAMBAYEQUE,LAMBAYEQUE,2,3
Peru,PER,2020-04-30,LAMBAYEQUE,LAMBAYEQUE,PACORA,1,4
Peru,PER,2020-04-30,LAMBAYEQUE,NULL,LA VICTORIA,1,1
Peru,PER,2020-04-30,LAMBAYEQUE,NULL,NULL,1,2
Peru,PER,2020-04-30,LAMBAYEQUE,NULL,PICSI,1,3
Peru,PER,2020-04-30,LIMA,BARRANCA,BARRANCA,1,1
Peru,PER,2020-04-30,LIMA,CAÑETE,CHILCA,1,1
Peru,PER,2020-04-30,LIMA,CAÑETE,IMPERIAL,1,2
Peru,PER,2020-04-30,LIMA,CAÑETE,MALA,1,3
Peru,PER,2020-04-30,LIMA,HUARAL,CHANCAY,1,1
Peru,PER,2020-04-30,LIMA,LIMA,CARABAYLLO,1,1
Peru,PER,2020-04-30,LIMA,LIMA,COMAS,3,4
Peru,PER,2020-04-30,LIMA,LIMA,LA VICTORIA,1,5
Peru,PER,2020-04-30,LIMA,LIMA,LIMA,5,10
Peru,PER,2020-04-30,LIMA,LIMA,RIMAC,1,11
Peru,PER,2020-04-30,LIMA,LIMA,SAN MARTIN DE PORRES,1,12
Peru,PER,2020-04-30,LIMA,NULL,NULL,2,2
Peru,PER,2020-04-30,LIMA,NULL,SAN MARTIN DE PORRES,1,3
Peru,PER,2020-04-30,LORETO,MARISCAL RAMON CASTILLA,YAVARI,1,1
Peru,PER,2020-04-30,LORETO,MAYNAS,INDIANA,1,1
Peru,PER,2020-04-30,LORETO,NULL,IQUITOS,2,2
Peru,PER,2020-04-30,LORETO,NULL,NULL,8,10
Peru,PER,2020-04-30,LORETO,NULL,PUNCHANA,1,11
Peru,PER,2020-04-30,LORETO,NULL,SAN JUAN BAUTISTA,3,14
Peru,PER,2020-04-30,PIURA,MORROPON,CHULUCANAS,1,1
Peru,PER,2020-04-30,PIURA,PIURA,CASTILLA,5,5
Peru,PER,2020-04-30,PIURA,PIURA,CATACAOS,1,6
Peru,PER,2020-04-30,PIURA,PIURA,VEINTISÉIS DE OCTUBRE,2,8
Peru,PER,2020-04-30,PIURA,SULLANA,QUERECOTILLO,1,1
Peru,PER,2020-04-30,PIURA,SULLANA,SULLANA,4,5
Peru,PER,2020-04-30,UCAYALI,NULL,NULL,2,2
Peru,PER,2020-05-01,AMAZONAS,UTCUBAMBA,BAGUA GRANDE,1,1
Peru,PER,2020-05-01,ANCASH,NULL,CHIMBOTE,2,2
Peru,PER,2020-05-01,ANCASH,SANTA,CHIMBOTE,1,1
Peru,PER,2020-05-01,ANCASH,SANTA,SANTA,1,2
Peru,PER,2020-05-01,AREQUIPA,AREQUIPA,AREQUIPA,1,1
Peru,PER,2020-05-01,CALLAO,CALLAO,CALLAO,1,1
Peru,PER,2020-05-01,CALLAO,CALLAO,CARMEN DE LA LEGUA REYNOSO,1,2
Peru,PER,2020-05-01,CALLAO,NULL,NULL,1,1
Peru,PER,2020-05-01,HUANUCO,HUANUCO,PILLCO MARCA,2,2
Peru,PER,2020-05-01,ICA,CHINCHA,CHINCHA ALTA,2,2
Peru,PER,2020-05-01,ICA,CHINCHA,GROCIO PRADO,1,3
Peru,PER,2020-05-01,ICA,NAZCA,NAZCA,1,1
Peru,PER,2020-05-01,ICA,NULL,NULL,2,2
Peru,PER,2020-05-01,LA LIBERTAD,CHEPEN,CHEP+N,3,3
Peru,PER,2020-05-01,LA LIBERTAD,TRUJILLO,LA ESPERANZA,1,1
Peru,PER,2020-05-01,LA LIBERTAD,TRUJILLO,TRUJILLO,1,2
Peru,PER,2020-05-01,LAMBAYEQUE,CHICLAYO,CHICLAYO,4,4
Peru,PER,2020-05-01,LAMBAYEQUE,CHICLAYO,JOSE LEONARDO ORTIZ,3,7
Peru,PER,2020-05-01,LAMBAYEQUE,CHICLAYO,LA VICTORIA,1,8
Peru,PER,2020-05-01,LAMBAYEQUE,CHICLAYO,PICSI,1,9
Peru,PER,2020-05-01,LAMBAYEQUE,LAMBAYEQUE,LAMBAYEQUE,1,1
Peru,PER,2020-05-01,LAMBAYEQUE,NULL,LA VICTORIA,1,1
Peru,PER,2020-05-01,LAMBAYEQUE,NULL,NULL,1,2
Peru,PER,2020-05-01,LIMA,CALLAO,CARMEN DE LA LEGUA REYNOSO,1,1
Peru,PER,2020-05-01,LIMA,HUARAL,HUARAL,2,2
Peru,PER,2020-05-01,LIMA,LIMA,ATE,1,1
Peru,PER,2020-05-01,LIMA,LIMA,CARABAYLLO,1,2
Peru,PER,2020-05-01,LIMA,LIMA,COMAS,4,6
Peru,PER,2020-05-01,LIMA,LIMA,EL AGUSTINO,4,10
Peru,PER,2020-05-01,LIMA,LIMA,INDEPENDENCIA,5,15
Peru,PER,2020-05-01,LIMA,LIMA,JESUS MARIA,1,16
Peru,PER,2020-05-01,LIMA,LIMA,LA MOLINA,1,17
Peru,PER,2020-05-01,LIMA,LIMA,LA VICTORIA,3,20
Peru,PER,2020-05-01,LIMA,LIMA,LIMA,6,26
Peru,PER,2020-05-01,LIMA,LIMA,LINCE,1,27
Peru,PER,2020-05-01,LIMA,LIMA,LURIN,1,28
Peru,PER,2020-05-01,LIMA,LIMA,PUEBLO LIBRE,1,29
Peru,PER,2020-05-01,LIMA,LIMA,RIMAC,1,30
Peru,PER,2020-05-01,LIMA,LIMA,SAN JUAN DE LURIGANCHO,4,34
Peru,PER,2020-05-01,LIMA,LIMA,SAN MARTIN DE PORRES,2,36
Peru,PER,2020-05-01,LIMA,LIMA,SANTA ANITA,2,38
Peru,PER,2020-05-01,LIMA,LIMA,VILLA MARIA DEL TRIUNFO,1,39
Peru,PER,2020-05-01,LIMA,NULL,NULL,3,3
Peru,PER,2020-05-01,LIMA,NA,NA,6,6
Peru,PER,2020-05-01,LORETO,MARISCAL RAMON CASTILLA,YAVARI,1,1
Peru,PER,2020-05-01,LORETO,MAYNAS,BELEN,1,1
Peru,PER,2020-05-01,LORETO,MAYNAS,PUNCHANA,1,2
Peru,PER,2020-05-01,LORETO,NULL,IQUITOS,2,2
Peru,PER,2020-05-01,LORETO,NULL,NAPO,1,3
Peru,PER,2020-05-01,LORETO,NULL,NULL,3,6
Peru,PER,2020-05-01,LORETO,NULL,PUNCHANA,1,7
Peru,PER,2020-05-01,LORETO,NULL,SAN JUAN BAUTISTA,1,8
Peru,PER,2020-05-01,PASCO,NULL,NULL,1,1
Peru,PER,2020-05-01,PIURA,MORROPON,CHULUCANAS,1,1
Peru,PER,2020-05-01,PIURA,NULL,NULL,1,1
Peru,PER,2020-05-01,PIURA,PAITA,PAITA,1,1
Peru,PER,2020-05-01,PIURA,PAITA,VICHAYAL,1,2
Peru,PER,2020-05-01,PIURA,PIURA,TAMBO GRANDE,1,1
Peru,PER,2020-05-01,PIURA,PIURA,VEINTISÉIS DE OCTUBRE,1,2
Peru,PER,2020-05-01,PIURA,SECHURA,SECHURA,1,1
Peru,PER,2020-05-01,PIURA,SULLANA,BELLAVISTA,2,2
Peru,PER,2020-05-01,PIURA,SULLANA,SULLANA,1,3
Peru,PER,2020-05-01,PIURA,TALARA,PARIÑAS,1,1
Peru,PER,2020-05-01,TUMBES,CONTRALMIRANTE VILLAR,ZORRITOS,1,1
Peru,PER,2020-05-01,TUMBES,ZARUMILLA,AGUAS VERDES,1,1
Peru,PER,2020-05-01,UCAYALI,CORONEL PORTILLO,MASISEA,1,1
Peru,PER,2020-05-01,UCAYALI,NULL,NULL,6,6
Peru,PER,2020-05-02,ANCASH,HUARAZ,HUARAZ,1,1
Peru,PER,2020-05-02,ANCASH,NULL,CHIMBOTE,2,2
Peru,PER,2020-05-02,ANCASH,NULL,NULL,1,3
Peru,PER,2020-05-02,ANCASH,NULL,YAUTAN,1,4
Peru,PER,2020-05-02,ANCASH,SANTA,CHIMBOTE,3,3
Peru,PER,2020-05-02,AREQUIPA,AREQUIPA,YANAHUARA,1,1
Peru,PER,2020-05-02,CALLAO,CALLAO,CALLAO,4,4
Peru,PER,2020-05-02,CALLAO,CALLAO,MI PERU,1,5
Peru,PER,2020-05-02,CALLAO,NULL,NULL,1,1
Peru,PER,2020-05-02,ICA,CHINCHA,CHINCHA ALTA,1,1
Peru,PER,2020-05-02,ICA,CHINCHA,SUNAMPE,1,2
Peru,PER,2020-05-02,ICA,ICA,SUBTANJALLA,1,1
Peru,PER,2020-05-02,ICA,NULL,NULL,1,1
Peru,PER,2020-05-02,JUNIN,CHANCHAMAYO,CHANCHAMAYO,1,1
Peru,PER,2020-05-02,JUNIN,CHUPACA,HUAMANCACA CHICO,1,1
Peru,PER,2020-05-02,LA LIBERTAD,ASCOPE,PAIJAN,1,1
Peru,PER,2020-05-02,LA LIBERTAD,CHEPEN,CHEP+N,3,3
Peru,PER,2020-05-02,LA LIBERTAD,CHEPEN,CHEPEN,1,4
Peru,PER,2020-05-02,LA LIBERTAD,TRUJILLO,HUANCHACO,1,1
Peru,PER,2020-05-02,LA LIBERTAD,TRUJILLO,TRUJILLO,1,2
Peru,PER,2020-05-02,LA LIBERTAD,TRUJILLO,VICTOR LARCO HERRERA,1,3
Peru,PER,2020-05-02,LAMBAYEQUE,CHICLAYO,ETEN PUERTO,1,1
Peru,PER,2020-05-02,LAMBAYEQUE,CHICLAYO,JOSE LEONARDO ORTIZ,4,5
Peru,PER,2020-05-02,LAMBAYEQUE,CHICLAYO,LA VICTORIA,1,6
Peru,PER,2020-05-02,LAMBAYEQUE,CHICLAYO,MONSEFU,1,7
Peru,PER,2020-05-02,LAMBAYEQUE,LAMBAYEQUE,LAMBAYEQUE,1,1
Peru,PER,2020-05-02,LAMBAYEQUE,NULL,CHICLAYO,1,1
Peru,PER,2020-05-02,LAMBAYEQUE,NULL,MORROPE,1,2
Peru,PER,2020-05-02,LAMBAYEQUE,NULL,NULL,2,4
Peru,PER,2020-05-02,LIMA,HUARAL,HUARAL,2,2
Peru,PER,2020-05-02,LIMA,HUAURA,CALETA DE CARQUIN,1,1
Peru,PER,2020-05-02,LIMA,HUAURA,SAYAN,2,3
Peru,PER,2020-05-02,LIMA,LIMA,BREÑA,1,1
Peru,PER,2020-05-02,LIMA,LIMA,COMAS,2,3
Peru,PER,2020-05-02,LIMA,LIMA,INDEPENDENCIA,2,5
Peru,PER,2020-05-02,LIMA,LIMA,LA VICTORIA,1,6
Peru,PER,2020-05-02,LIMA,LIMA,LIMA,4,10
Peru,PER,2020-05-02,LIMA,LIMA,LOS OLIVOS,3,13
Peru,PER,2020-05-02,LIMA,LIMA,LURIN,1,14
Peru,PER,2020-05-02,LIMA,LIMA,RIMAC,1,15
Peru,PER,2020-05-02,LIMA,LIMA,SAN JUAN DE LURIGANCHO,1,16
Peru,PER,2020-05-02,LIMA,LIMA,SAN MARTIN DE PORRES,2,18
Peru,PER,2020-05-02,LIMA,LIMA,SANTIAGO DE SURCO,1,19
Peru,PER,2020-05-02,LIMA,NULL,NULL,1,1
Peru,PER,2020-05-02,LIMA,NULL,SAN MARTIN DE PORRES,1,2
Peru,PER,2020-05-02,LIMA,OYON,PACHANGARA,1,1
Peru,PER,2020-05-02,LIMA,NA,NA,4,4
Peru,PER,2020-05-02,LORETO,NULL,IQUITOS,2,2
Peru,PER,2020-05-02,LORETO,NULL,NULL,10,12
Peru,PER,2020-05-02,LORETO,NULL,PUNCHANA,3,15
Peru,PER,2020-05-02,LORETO,NULL,SAN JUAN BAUTISTA,1,16
Peru,PER,2020-05-02,PASCO,NULL,NULL,1,1
Peru,PER,2020-05-02,PIURA,MORROPON,CHULUCANAS,4,4
Peru,PER,2020-05-02,PIURA,PIURA,CASTILLA,2,2
Peru,PER,2020-05-02,PIURA,PIURA,LA UNION,1,3
Peru,PER,2020-05-02,PIURA,PIURA,PIURA,3,6
Peru,PER,2020-05-02,PIURA,SECHURA,VICE,1,1
Peru,PER,2020-05-02,PIURA,SULLANA,SULLANA,4,4
Peru,PER,2020-05-02,PIURA,TALARA,LA BREA,1,1
Peru,PER,2020-05-02,PIURA,TALARA,PARIÑAS,1,2
Peru,PER,2020-05-02,TACNA,TACNA,CORONEL GREGORIO ALBARRACIN LA,1,1
Peru,PER,2020-05-02,TUMBES,TUMBES,CORRALES,1,1
Peru,PER,2020-05-02,TUMBES,TUMBES,TUMBES,1,2
Peru,PER,2020-05-02,UCAYALI,CORONEL PORTILLO,CALLERIA,1,1
Peru,PER,2020-05-02,UCAYALI,NULL,NULL,3,3
Peru,PER,2020-05-03,AMAZONAS,BAGUA,BAGUA,1,1
Peru,PER,2020-05-03,ANCASH,NULL,NUEVO CHIMBOTE,1,1
Peru,PER,2020-05-03,ANCASH,SANTA,CHIMBOTE,3,3
Peru,PER,2020-05-03,ANCASH,SANTA,NUEVO CHIMBOTE,1,4
Peru,PER,2020-05-03,AYACUCHO,HUANTA,HUANTA,1,1
Peru,PER,2020-05-03,CALLAO,CALLAO,CALLAO,4,4
Peru,PER,2020-05-03,CALLAO,NULL,CALLAO,1,1
Peru,PER,2020-05-03,CALLAO,NULL,NULL,2,3
Peru,PER,2020-05-03,ICA,CHINCHA,SUNAMPE,1,1
Peru,PER,2020-05-03,ICA,NULL,NULL,5,5
Peru,PER,2020-05-03,ICA,PALPA,RIO GRANDE,1,1
Peru,PER,2020-05-03,ICA,PISCO,INDEPENDENCIA,1,1
Peru,PER,2020-05-03,JUNIN,HUANCAYO,EL TAMBO,1,1
Peru,PER,2020-05-03,LA LIBERTAD,CHEPEN,CHEP+N,2,2
Peru,PER,2020-05-03,LA LIBERTAD,TRUJILLO,HUANCHACO,1,1
Peru,PER,2020-05-03,LAMBAYEQUE,CHICLAYO,CHICLAYO,4,4
Peru,PER,2020-05-03,LAMBAYEQUE,CHICLAYO,JOSE LEONARDO ORTIZ,2,6
Peru,PER,2020-05-03,LAMBAYEQUE,CHICLAYO,TUMAN,1,7
Peru,PER,2020-05-03,LAMBAYEQUE,LAMBAYEQUE,MORROPE,1,1
Peru,PER,2020-05-03,LAMBAYEQUE,NULL,NULL,4,4
Peru,PER,2020-05-03,LIMA,CAÑETE,MALA,1,1
Peru,PER,2020-05-03,LIMA,CAÑETE,NUEVO IMPERIAL,1,2
Peru,PER,2020-05-03,LIMA,HUAURA,CALETA DE CARQUIN,1,1
Peru,PER,2020-05-03,LIMA,HUAURA,SANTA MARIA,1,2
Peru,PER,2020-05-03,LIMA,LIMA,ATE,1,1
Peru,PER,2020-05-03,LIMA,LIMA,CARABAYLLO,1,2
Peru,PER,2020-05-03,LIMA,LIMA,CHORRILLOS,3,5
Peru,PER,2020-05-03,LIMA,LIMA,CIENEGUILLA,1,6
Peru,PER,2020-05-03,LIMA,LIMA,COMAS,1,7
Peru,PER,2020-05-03,LIMA,LIMA,EL AGUSTINO,3,10
Peru,PER,2020-05-03,LIMA,LIMA,JESUS MARIA,1,11
Peru,PER,2020-05-03,LIMA,LIMA,LA MOLINA,1,12
Peru,PER,2020-05-03,LIMA,LIMA,LIMA,1,13
Peru,PER,2020-05-03,LIMA,LIMA,LINCE,1,14
Peru,PER,2020-05-03,LIMA,LIMA,PUCUSANA,1,15
Peru,PER,2020-05-03,LIMA,LIMA,PUEBLO LIBRE,1,16
Peru,PER,2020-05-03,LIMA,LIMA,PUENTE PIEDRA,1,17
Peru,PER,2020-05-03,LIMA,LIMA,RIMAC,1,18
Peru,PER,2020-05-03,LIMA,LIMA,SAN ISIDRO,1,19
Peru,PER,2020-05-03,LIMA,LIMA,SAN JUAN DE LURIGANCHO,2,21
Peru,PER,2020-05-03,LIMA,LIMA,SAN MARTIN DE PORRES,1,22
Peru,PER,2020-05-03,LIMA,LIMA,VILLA EL SALVADOR,5,27
Peru,PER,2020-05-03,LIMA,NULL,LA VICTORIA,1,1
Peru,PER,2020-05-03,LIMA,NULL,NULL,2,3
Peru,PER,2020-05-03,LIMA,NA,NA,6,6
Peru,PER,2020-05-03,LORETO,NULL,IQUITOS,5,5
Peru,PER,2020-05-03,LORETO,NULL,NULL,1,6
Peru,PER,2020-05-03,LORETO,NULL,PUNCHANA,3,9
Peru,PER,2020-05-03,LORETO,NULL,SAN JUAN BAUTISTA,4,13
Peru,PER,2020-05-03,PIURA,AYABACA,SAPILLICA,1,1
Peru,PER,2020-05-03,PIURA,NULL,NULL,1,1
Peru,PER,2020-05-03,PIURA,PAITA,PAITA,1,1
Peru,PER,2020-05-03,PIURA,PIURA,CASTILLA,7,7
Peru,PER,2020-05-03,PIURA,PIURA,CATACAOS,1,8
Peru,PER,2020-05-03,PIURA,PIURA,LA UNION,2,10
Peru,PER,2020-05-03,PIURA,PIURA,PIURA,2,12
Peru,PER,2020-05-03,PIURA,PIURA,TAMBO GRANDE,1,13
Peru,PER,2020-05-03,PIURA,PIURA,VEINTISÉIS DE OCTUBRE,1,14
Peru,PER,2020-05-03,PIURA,SULLANA,BELLAVISTA,1,1
Peru,PER,2020-05-03,PIURA,SULLANA,SULLANA,1,2
Peru,PER,2020-05-03,PUNO,YUNGUYO,YUNGUYO,1,1
Peru,PER,2020-05-03,UCAYALI,CORONEL PORTILLO,CALLERIA,1,1
Peru,PER,2020-05-03,UCAYALI,NULL,NULL,2,2
Peru,PER,2020-05-04,AMAZONAS,UTCUBAMBA,BAGUA GRANDE,1,1
Peru,PER,2020-05-04,ANCASH,NULL,CHIMBOTE,2,2
Peru,PER,2020-05-04,ANCASH,SANTA,CHIMBOTE,1,1
Peru,PER,2020-05-04,AYACUCHO,LUCANAS,PUQUIO,1,1
Peru,PER,2020-05-04,CALLAO,CALLAO,BELLAVISTA,1,1
Peru,PER,2020-05-04,CALLAO,CALLAO,CALLAO,7,8
Peru,PER,2020-05-04,CALLAO,NULL,NULL,2,2
Peru,PER,2020-05-04,HUANUCO,DOS DE MAYO,LA UNION,1,1
Peru,PER,2020-05-04,ICA,CHINCHA,PUEBLO NUEVO,2,2
Peru,PER,2020-05-04,ICA,ICA,ICA,3,3
Peru,PER,2020-05-04,ICA,NULL,NULL,1,1
Peru,PER,2020-05-04,ICA,PALPA,SANTA CRUZ,1,1
Peru,PER,2020-05-04,ICA,PISCO,SAN ANDRES,1,1
Peru,PER,2020-05-04,LA LIBERTAD,CHEPEN,CHEP+N,2,2
Peru,PER,2020-05-04,LA LIBERTAD,TRUJILLO,HUANCHACO,1,1
Peru,PER,2020-05-04,LAMBAYEQUE,LAMBAYEQUE,LAMBAYEQUE,2,2
Peru,PER,2020-05-04,LAMBAYEQUE,NULL,NULL,7,7
Peru,PER,2020-05-04,LIMA,LIMA,COMAS,1,1
Peru,PER,2020-05-04,LIMA,LIMA,LIMA,3,4
Peru,PER,2020-05-04,LIMA,LIMA,LOS OLIVOS,1,5
Peru,PER,2020-05-04,LIMA,LIMA,MIRAFLORES,1,6
Peru,PER,2020-05-04,LIMA,LIMA,PUEBLO LIBRE,1,7
Peru,PER,2020-05-04,LIMA,LIMA,SAN JUAN DE LURIGANCHO,5,12
Peru,PER,2020-05-04,LIMA,LIMA,SAN MARTIN DE PORRES,2,14
Peru,PER,2020-05-04,LIMA,LIMA,SAN MIGUEL,1,15
Peru,PER,2020-05-04,LIMA,NULL,NULL,23,23
Peru,PER,2020-05-04,LORETO,NULL,IQUITOS,7,7
Peru,PER,2020-05-04,LORETO,NULL,NULL,3,10
Peru,PER,2020-05-04,LORETO,NULL,PUNCHANA,1,11
Peru,PER,2020-05-04,LORETO,NULL,SAN JUAN BAUTISTA,4,15
Peru,PER,2020-05-04,PIURA,MORROPON,CHULUCANAS,1,1
Peru,PER,2020-05-04,PIURA,NULL,NULL,1,1
Peru,PER,2020-05-04,PIURA,PIURA,CASTILLA,1,1
Peru,PER,2020-05-04,PIURA,PIURA,CATACAOS,2,3
Peru,PER,2020-05-04,PIURA,PIURA,PIURA,3,6
Peru,PER,2020-05-04,PIURA,PIURA,VEINTISÉIS DE OCTUBRE,4,10
Peru,PER,2020-05-04,PIURA,SULLANA,SULLANA,2,2
Peru,PER,2020-05-04,PIURA,TALARA,PARIÑAS,1,1
Peru,PER,2020-05-04,TUMBES,TUMBES,TUMBES,2,2
Peru,PER,2020-05-04,UCAYALI,CORONEL PORTILLO,CALLERIA,1,1
Peru,PER,2020-05-04,UCAYALI,NULL,NULL,1,1
Peru,PER,2020-05-05,AMAZONAS,BAGUA,BAGUA,1,1
Peru,PER,2020-05-05,AMAZONAS,UTCUBAMBA,BAGUA GRANDE,1,1
Peru,PER,2020-05-05,ANCASH,NULL,CHIMBOTE,1,1
Peru,PER,2020-05-05,ANCASH,NULL,COISHCO,1,2
Peru,PER,2020-05-05,ANCASH,NULL,NUEVO CHIMBOTE,1,3
Peru,PER,2020-05-05,ANCASH,SANTA,CHIMBOTE,1,1
Peru,PER,2020-05-05,ANCASH,SANTA,NUEVO CHIMBOTE,1,2
Peru,PER,2020-05-05,CALLAO,CALLAO,CALLAO,6,6
Peru,PER,2020-05-05,CALLAO,CALLAO,VENTANILLA,2,8
Peru,PER,2020-05-05,HUANUCO,DOS DE MAYO,RIPAN,1,1
Peru,PER,2020-05-05,HUANUCO,HUANUCO,AMARILIS,2,2
Peru,PER,2020-05-05,ICA,CHINCHA,SUNAMPE,1,1
Peru,PER,2020-05-05,ICA,ICA,ICA,2,2
Peru,PER,2020-05-05,ICA,NULL,NULL,1,1
Peru,PER,2020-05-05,LA LIBERTAD,ASCOPE,CASA GRANDE,1,1
Peru,PER,2020-05-05,LA LIBERTAD,CHEPEN,CHEPEN,1,1
Peru,PER,2020-05-05,LA LIBERTAD,VIRU,GUADALUPITO,1,1
Peru,PER,2020-05-05,LAMBAYEQUE,CHICLAYO,CHICLAYO,3,3
Peru,PER,2020-05-05,LAMBAYEQUE,CHICLAYO,JOSE LEONARDO ORTIZ,1,4
Peru,PER,2020-05-05,LAMBAYEQUE,CHICLAYO,PIMENTEL,1,5
Peru,PER,2020-05-05,LAMBAYEQUE,CHICLAYO,POMALCA,1,6
Peru,PER,2020-05-05,LAMBAYEQUE,NULL,NULL,10,10
Peru,PER,2020-05-05,LAMBAYEQUE,NULL,PIMENTEL,1,11
Peru,PER,2020-05-05,LIMA,CAÑETE,SAN LUIS,2,2
Peru,PER,2020-05-05,LIMA,HUARAL,HUARAL,1,1
Peru,PER,2020-05-05,LIMA,LIMA,ATE,1,1
Peru,PER,2020-05-05,LIMA,LIMA,EL AGUSTINO,1,2
Peru,PER,2020-05-05,LIMA,LIMA,INDEPENDENCIA,1,3
Peru,PER,2020-05-05,LIMA,LIMA,LIMA,2,5
Peru,PER,2020-05-05,LIMA,LIMA,PUENTE PIEDRA,1,6
Peru,PER,2020-05-05,LIMA,LIMA,RIMAC,2,8
Peru,PER,2020-05-05,LIMA,LIMA,SAN JUAN DE LURIGANCHO,1,9
Peru,PER,2020-05-05,LIMA,LIMA,SAN MARTIN DE PORRES,2,11
Peru,PER,2020-05-05,LIMA,LIMA,SANTA ANITA,1,12
Peru,PER,2020-05-05,LIMA,LIMA,VILLA EL SALVADOR,3,15
Peru,PER,2020-05-05,LIMA,NULL,NULL,37,37
Peru,PER,2020-05-05,LORETO,MARISCAL RAMON CASTILLA,RAMON CASTILLA,1,1
Peru,PER,2020-05-05,LORETO,MARISCAL RAMON CASTILLA,YAVARI,2,3
Peru,PER,2020-05-05,LORETO,MAYNAS,PUNCHANA,1,1
Peru,PER,2020-05-05,LORETO,MAYNAS,SAN JUAN BAUTISTA,1,2
Peru,PER,2020-05-05,LORETO,NULL,IQUITOS,4,4
Peru,PER,2020-05-05,LORETO,NULL,NULL,4,8
Peru,PER,2020-05-05,LORETO,NULL,PUNCHANA,5,13
Peru,PER,2020-05-05,LORETO,NULL,SAN JUAN BAUTISTA,2,15
Peru,PER,2020-05-05,LORETO,NULL,YURIMAGUAS,1,16
Peru,PER,2020-05-05,PIURA,AYABACA,AYABACA,1,1
Peru,PER,2020-05-05,PIURA,NULL,NULL,2,2
Peru,PER,2020-05-05,PIURA,PAITA,PAITA,3,3
Peru,PER,2020-05-05,PIURA,PIURA,CASTILLA,1,1
Peru,PER,2020-05-05,PIURA,PIURA,PIURA,3,4
Peru,PER,2020-05-05,PIURA,PIURA,VEINTISÉIS DE OCTUBRE,2,6
Peru,PER,2020-05-05,PIURA,SULLANA,SULLANA,2,2
Peru,PER,2020-05-05,PUNO,HUANCANE,TARACO,1,1
Peru,PER,2020-05-05,TUMBES,TUMBES,CORRALES,2,2
Peru,PER,2020-05-05,UCAYALI,CORONEL PORTILLO,CALLERIA,1,1
Peru,PER,2020-05-05,UCAYALI,CORONEL PORTILLO,MANANTAY,1,2
Peru,PER,2020-05-05,UCAYALI,CORONEL PORTILLO,MASISEA,1,3
Peru,PER,2020-05-05,UCAYALI,NULL,NULL,3,3
Peru,PER,2020-05-06,AMAZONAS,BAGUA,BAGUA,1,1
Peru,PER,2020-05-06,AMAZONAS,UTCUBAMBA,BAGUA GRANDE,1,1
Peru,PER,2020-05-06,ANCASH,HUARAZ,HUARAZ,1,1
Peru,PER,2020-05-06,ANCASH,NULL,CHIMBOTE,8,8
Peru,PER,2020-05-06,ANCASH,NULL,HUARAZ,1,9
Peru,PER,2020-05-06,ANCASH,NULL,NUEVO CHIMBOTE,1,10
Peru,PER,2020-05-06,ANCASH,SANTA,CHIMBOTE,2,2
Peru,PER,2020-05-06,CALLAO,CALLAO,CALLAO,2,2
Peru,PER,2020-05-06,CALLAO,CALLAO,CARMEN DE LA LEGUA REYNOSO,1,3
Peru,PER,2020-05-06,CALLAO,CALLAO,VENTANILLA,1,4
Peru,PER,2020-05-06,CALLAO,NULL,CALLAO,3,3
Peru,PER,2020-05-06,CALLAO,NULL,NULL,4,7
Peru,PER,2020-05-06,ICA,CHINCHA,CHINCHA ALTA,5,5
Peru,PER,2020-05-06,ICA,ICA,PARCONA,1,1
Peru,PER,2020-05-06,ICA,PALPA,PALPA,1,1
Peru,PER,2020-05-06,LA LIBERTAD,CHEPEN,CHEPEN,1,1
Peru,PER,2020-05-06,LA LIBERTAD,CHEPEN,PACANGA,1,2
Peru,PER,2020-05-06,LA LIBERTAD,TRUJILLO,MOCHE,1,1
Peru,PER,2020-05-06,LA LIBERTAD,TRUJILLO,TRUJILLO,1,2
Peru,PER,2020-05-06,LAMBAYEQUE,CHICLAYO,CHICLAYO,5,5
Peru,PER,2020-05-06,LAMBAYEQUE,NULL,CHONGOYAPE,1,1
Peru,PER,2020-05-06,LAMBAYEQUE,NULL,MORROPE,1,2
Peru,PER,2020-05-06,LAMBAYEQUE,NULL,NULL,5,7
Peru,PER,2020-05-06,LAMBAYEQUE,NA,NA,4,4
Peru,PER,2020-05-06,LIMA,CAÑETE,IMPERIAL,1,1
Peru,PER,2020-05-06,LIMA,HUARAL,HUARAL,1,1
Peru,PER,2020-05-06,LIMA,HUAURA,HUACHO,1,1
Peru,PER,2020-05-06,LIMA,LIMA,ATE,1,1
Peru,PER,2020-05-06,LIMA,LIMA,BREÑA,1,2
Peru,PER,2020-05-06,LIMA,LIMA,CHORRILLOS,2,4
Peru,PER,2020-05-06,LIMA,LIMA,COMAS,2,6
Peru,PER,2020-05-06,LIMA,LIMA,EL AGUSTINO,1,7
Peru,PER,2020-05-06,LIMA,LIMA,INDEPENDENCIA,1,8
Peru,PER,2020-05-06,LIMA,LIMA,LA VICTORIA,1,9
Peru,PER,2020-05-06,LIMA,LIMA,LIMA,2,11
Peru,PER,2020-05-06,LIMA,LIMA,PUENTE PIEDRA,1,12
Peru,PER,2020-05-06,LIMA,LIMA,RIMAC,1,13
Peru,PER,2020-05-06,LIMA,LIMA,SAN JUAN DE LURIGANCHO,4,17
Peru,PER,2020-05-06,LIMA,LIMA,SAN MARTIN DE PORRES,5,22
Peru,PER,2020-05-06,LIMA,LIMA,SANTA ANITA,1,23
Peru,PER,2020-05-06,LIMA,LIMA,VILLA EL SALVADOR,1,24
Peru,PER,2020-05-06,LIMA,NULL,NULL,14,14
Peru,PER,2020-05-06,LORETO,NULL,IQUITOS,2,2
Peru,PER,2020-05-06,LORETO,NULL,NULL,13,15
Peru,PER,2020-05-06,MADRE DE DIOS,NULL,NULL,1,1
Peru,PER,2020-05-06,PASCO,NULL,NULL,1,1
Peru,PER,2020-05-06,PIURA,MORROPON,CHULUCANAS,1,1
Peru,PER,2020-05-06,PIURA,PIURA,CASTILLA,6,6
Peru,PER,2020-05-06,PIURA,PIURA,CATACAOS,1,7
Peru,PER,2020-05-06,PIURA,PIURA,LA UNION,1,8
Peru,PER,2020-05-06,PIURA,PIURA,PIURA,3,11
Peru,PER,2020-05-06,PIURA,PIURA,VEINTISÉIS DE OCTUBRE,2,13
Peru,PER,2020-05-06,PIURA,SULLANA,BELLAVISTA,1,1
Peru,PER,2020-05-06,PIURA,SULLANA,SULLANA,2,3
Peru,PER,2020-05-06,TUMBES,TUMBES,LA CRUZ,1,1
Peru,PER,2020-05-06,TUMBES,TUMBES,TUMBES,2,3
Peru,PER,2020-05-06,TUMBES,ZARUMILLA,AGUAS VERDES,1,1
Peru,PER,2020-05-06,UCAYALI,CORONEL PORTILLO,CALLERIA,2,2
Peru,PER,2020-05-06,UCAYALI,NULL,NULL,1,1
Peru,PER,2020-05-07,ANCASH,NULL,HUANTAR,1,1
Peru,PER,2020-05-07,ANCASH,NULL,NUEVO CHIMBOTE,2,3
Peru,PER,2020-05-07,ANCASH,NULL,NULL,3,6
Peru,PER,2020-05-07,ANCASH,NULL,SANTA,1,7
Peru,PER,2020-05-07,AREQUIPA,NULL,NULL,3,3
Peru,PER,2020-05-07,AYACUCHO,HUANTA,UCHURACCAY,1,1
Peru,PER,2020-05-07,CALLAO,CALLAO,CALLAO,1,1
Peru,PER,2020-05-07,CALLAO,NULL,NULL,5,5
Peru,PER,2020-05-07,ICA,CHINCHA,CHINCHA ALTA,3,3
Peru,PER,2020-05-07,ICA,NULL,NULL,1,1
Peru,PER,2020-05-07,ICA,PISCO,PISCO,1,1
Peru,PER,2020-05-07,ICA,PISCO,SAN ANDRES,1,2
Peru,PER,2020-05-07,LA LIBERTAD,CHEPEN,CHEPEN,1,1
Peru,PER,2020-05-07,LA LIBERTAD,PACASMAYO,PACASMAYO,1,1
Peru,PER,2020-05-07,LAMBAYEQUE,NULL,CHICLAYO,1,1
Peru,PER,2020-05-07,LAMBAYEQUE,NULL,ETEM,1,2
Peru,PER,2020-05-07,LAMBAYEQUE,NULL,LA VICTORIA,1,3
Peru,PER,2020-05-07,LAMBAYEQUE,NULL,NULL,11,14
Peru,PER,2020-05-07,LAMBAYEQUE,NULL,PICSI,1,15
Peru,PER,2020-05-07,LIMA,CAÑETE,CHILCA,1,1
Peru,PER,2020-05-07,LIMA,LIMA,EL AGUSTINO,1,1
Peru,PER,2020-05-07,LIMA,LIMA,LIMA,1,2
Peru,PER,2020-05-07,LIMA,LIMA,LOS OLIVOS,1,3
Peru,PER,2020-05-07,LIMA,LIMA,SAN BORJA,1,4
Peru,PER,2020-05-07,LIMA,LIMA,SAN JUAN DE LURIGANCHO,1,5
Peru,PER,2020-05-07,LIMA,LIMA,SAN MARTIN DE PORRES,5,10
Peru,PER,2020-05-07,LIMA,NULL,NULL,15,15
Peru,PER,2020-05-07,LORETO,NULL,IQUITOS,3,3
Peru,PER,2020-05-07,LORETO,NULL,NULL,3,6
Peru,PER,2020-05-07,LORETO,NULL,PUNCHANA,2,8
Peru,PER,2020-05-07,PIURA,NULL,NULL,5,5
Peru,PER,2020-05-07,PIURA,PIURA,CASTILLA,2,2
Peru,PER,2020-05-07,PIURA,PIURA,PIURA,1,3
Peru,PER,2020-05-07,PIURA,SULLANA,BELLAVISTA,1,1
Peru,PER,2020-05-07,PIURA,SULLANA,SULLANA,1,2
Peru,PER,2020-05-07,SAN MARTIN,NULL,NULL,1,1
Peru,PER,2020-05-07,TUMBES,TUMBES,TUMBES,1,1
Peru,PER,2020-05-07,TUMBES,ZARUMILLA,ZARUMILLA,2,2
Peru,PER,2020-05-07,UCAYALI,CORONEL PORTILLO,CALLERIA,1,1
Peru,PER,2020-05-07,UCAYALI,CORONEL PORTILLO,YARINACOCHA,1,2
Peru,PER,2020-05-07,UCAYALI,NULL,NULL,1,1
Peru,PER,2020-05-08,ANCASH,NULL,CASMA,1,1
Peru,PER,2020-05-08,ANCASH,NULL,CHIMBOTE,3,4
Peru,PER,2020-05-08,ANCASH,NULL,COISHCO,1,5
Peru,PER,2020-05-08,ANCASH,NULL,NUEVO CHIMBOTE,2,7
Peru,PER,2020-05-08,ANCASH,NULL,NULL,3,10
Peru,PER,2020-05-08,CALLAO,CALLAO,CALLAO,1,1
Peru,PER,2020-05-08,CALLAO,NULL,NULL,6,6
Peru,PER,2020-05-08,ICA,CHINCHA,CHINCHA ALTA,1,1
Peru,PER,2020-05-08,ICA,CHINCHA,GROCIO PRADO,1,2
Peru,PER,2020-05-08,ICA,CHINCHA,SUNAMPE,1,3
Peru,PER,2020-05-08,ICA,ICA,ICA,2,2
Peru,PER,2020-05-08,ICA,NULL,NULL,1,1
Peru,PER,2020-05-08,ICA,PALPA,PALPA,1,1
Peru,PER,2020-05-08,ICA,PISCO,SAN ANDRES,1,1
Peru,PER,2020-05-08,LA LIBERTAD,TRUJILLO,FLORENCIA DE MORA,3,3
Peru,PER,2020-05-08,LA LIBERTAD,TRUJILLO,HUANCHACO,1,4
Peru,PER,2020-05-08,LAMBAYEQUE,NULL,Chiclayo,1,1
Peru,PER,2020-05-08,LAMBAYEQUE,NULL,CHICLAYO,2,3
Peru,PER,2020-05-08,LAMBAYEQUE,NULL,CHONGOYAPE,1,4
Peru,PER,2020-05-08,LAMBAYEQUE,NULL,JOSE LEONARDO ORTIZ,1,5
Peru,PER,2020-05-08,LAMBAYEQUE,NULL,NULL,2,7
Peru,PER,2020-05-08,LIMA,CAÑETE,SAN LUIS,1,1
Peru,PER,2020-05-08,LIMA,CAÑETE,SAN VICENTE DE CAÑETE,1,2
Peru,PER,2020-05-08,LIMA,HUARAL,HUARAL,1,1
Peru,PER,2020-05-08,LIMA,LIMA,CHORRILLOS,1,1
Peru,PER,2020-05-08,LIMA,LIMA,EL AGUSTINO,1,2
Peru,PER,2020-05-08,LIMA,LIMA,INDEPENDENCIA,3,5
Peru,PER,2020-05-08,LIMA,LIMA,RIMAC,1,6
Peru,PER,2020-05-08,LIMA,LIMA,SAN MARTIN DE PORRES,4,10
Peru,PER,2020-05-08,LIMA,LIMA,SANTA ANITA,1,11
Peru,PER,2020-05-08,LIMA,LIMA,SANTIAGO DE SURCO,1,12
Peru,PER,2020-05-08,LIMA,NULL,NULL,12,12
Peru,PER,2020-05-08,LORETO,NULL,BELEN,1,1
Peru,PER,2020-05-08,LORETO,NULL,IQUITOS,3,4
Peru,PER,2020-05-08,LORETO,NULL,NAUTA,1,5
Peru,PER,2020-05-08,LORETO,NULL,NULL,4,9
Peru,PER,2020-05-08,LORETO,NULL,PUNCHANA,1,10
Peru,PER,2020-05-08,PIURA,MORROPON,SALITRAL,1,1
Peru,PER,2020-05-08,PIURA,NULL,NULL,3,3
Peru,PER,2020-05-08,PIURA,PAITA,PAITA,2,2
Peru,PER,2020-05-08,PIURA,PIURA,PIURA,3,3
Peru,PER,2020-05-08,PIURA,PIURA,VEINTISÉIS DE OCTUBRE,2,5
Peru,PER,2020-05-08,PIURA,SECHURA,SECHURA,1,1
Peru,PER,2020-05-08,PIURA,SECHURA,VICE,1,2
Peru,PER,2020-05-08,PIURA,SULLANA,BELLAVISTA,1,1
Peru,PER,2020-05-08,PIURA,SULLANA,SULLANA,3,4
Peru,PER,2020-05-08,PIURA,TALARA,PARIÑAS,5,5
Peru,PER,2020-05-08,SAN MARTIN,NULL,NULL,1,1
Peru,PER,2020-05-08,TUMBES,TUMBES,TUMBES,2,2
Peru,PER,2020-05-08,UCAYALI,CORONEL PORTILLO,CALLERIA,3,3
Peru,PER,2020-05-08,UCAYALI,NULL,NULL,1,1
Peru,PER,2020-05-09,AMAZONAS,LUYA,CAMPOREDONDO,1,1
Peru,PER,2020-05-09,ANCASH,NULL,CHIMBOTE,3,3
Peru,PER,2020-05-09,ANCASH,NULL,HUARAZ,1,4
Peru,PER,2020-05-09,ANCASH,NULL,NULL,2,6
Peru,PER,2020-05-09,CALLAO,NULL,NULL,4,4
Peru,PER,2020-05-09,ICA,ICA,ICA,3,3
Peru,PER,2020-05-09,LA LIBERTAD,ASCOPE,SANTIAGO DE CAO,2,2
Peru,PER,2020-05-09,LA LIBERTAD,CHEPEN,PUEBLO NUEVO,1,1
Peru,PER,2020-05-09,LA LIBERTAD,PACASMAYO,PACASMAYO,1,1
Peru,PER,2020-05-09,LA LIBERTAD,TRUJILLO,HUANCHACO,1,1
Peru,PER,2020-05-09,LA LIBERTAD,TRUJILLO,TRUJILLO,2,3
Peru,PER,2020-05-09,LAMBAYEQUE,NULL,Chiclayo,2,2
Peru,PER,2020-05-09,LAMBAYEQUE,NULL,JOSE LEONARDO ORTIZ,2,4
Peru,PER,2020-05-09,LAMBAYEQUE,NULL,MONSEFU,1,5
Peru,PER,2020-05-09,LAMBAYEQUE,NULL,NULL,6,11
Peru,PER,2020-05-09,LIMA,CAÑETE,IMPERIAL,1,1
Peru,PER,2020-05-09,LIMA,HUARAL,HUARAL,1,1
Peru,PER,2020-05-09,LIMA,HUAROCHIRI,SANTA EULALIA,1,1
Peru,PER,2020-05-09,LIMA,HUAURA,CALETA DE CARQUIN,1,1
Peru,PER,2020-05-09,LIMA,LIMA,COMAS,1,1
Peru,PER,2020-05-09,LIMA,LIMA,LIMA,1,2
Peru,PER,2020-05-09,LIMA,LIMA,LOS OLIVOS,1,3
Peru,PER,2020-05-09,LIMA,LIMA,RIMAC,1,4
Peru,PER,2020-05-09,LIMA,LIMA,SAN BORJA,1,5
Peru,PER,2020-05-09,LIMA,LIMA,SAN JUAN DE LURIGANCHO,1,6
Peru,PER,2020-05-09,LIMA,LIMA,SAN MARTIN DE PORRES,4,10
Peru,PER,2020-05-09,LIMA,NULL,NULL,19,19
Peru,PER,2020-05-09,LIMA,NULL,SAN MARTIN DE PORRES,1,20
Peru,PER,2020-05-09,LORETO,NULL,BELEN,1,1
Peru,PER,2020-05-09,LORETO,NULL,IQUITOS,2,3
Peru,PER,2020-05-09,LORETO,NULL,NULL,4,7
Peru,PER,2020-05-09,LORETO,NULL,PUNCHANA,3,10
Peru,PER,2020-05-09,LORETO,NULL,SAN JUAN BAUTISTA,5,15
Peru,PER,2020-05-09,MADRE DE DIOS,NULL,NULL,1,1
Peru,PER,2020-05-09,PIURA,MORROPON,CHULUCANAS,2,2
Peru,PER,2020-05-09,PIURA,NULL,NULL,4,4
Peru,PER,2020-05-09,PIURA,PIURA,CATACAOS,1,1
Peru,PER,2020-05-09,PIURA,PIURA,PIURA,2,3
Peru,PER,2020-05-09,PIURA,SULLANA,SULLANA,1,1
Peru,PER,2020-05-09,SAN MARTIN,NULL,NULL,1,1
Peru,PER,2020-05-09,TUMBES,TUMBES,PAMPAS DE HOSPITAL,1,1
Peru,PER,2020-05-09,TUMBES,TUMBES,TUMBES,3,4
Peru,PER,2020-05-09,UCAYALI,CORONEL PORTILLO,CALLERIA,1,1
Peru,PER,2020-05-09,UCAYALI,NULL,NULL,2,2
Peru,PER,2020-05-10,AMAZONAS,NULL,NULL,2,2
Peru,PER,2020-05-10,ANCASH,NULL,CHIMBOTE,3,3
Peru,PER,2020-05-10,ANCASH,NULL,HUARAZ,1,4
Peru,PER,2020-05-10,AREQUIPA,NULL,NULL,1,1
Peru,PER,2020-05-10,CALLAO,NULL,CALLAO,6,6
Peru,PER,2020-05-10,CALLAO,NULL,NULL,1,7
Peru,PER,2020-05-10,ICA,CHINCHA,GROCIO PRADO,2,2
Peru,PER,2020-05-10,ICA,CHINCHA,SUNAMPE,1,3
Peru,PER,2020-05-10,LAMBAYEQUE,NULL,Chiclayo,4,4
Peru,PER,2020-05-10,LAMBAYEQUE,NULL,Jayanca,1,5
Peru,PER,2020-05-10,LAMBAYEQUE,NULL,JAYANCA,1,6
Peru,PER,2020-05-10,LAMBAYEQUE,NULL,JOSE LEONARDO ORTIZ,1,7
Peru,PER,2020-05-10,LAMBAYEQUE,NULL,LA VICTORIA,1,8
Peru,PER,2020-05-10,LAMBAYEQUE,NULL,LAMBAYEQUE,1,9
Peru,PER,2020-05-10,LAMBAYEQUE,NULL,NULL,4,13
Peru,PER,2020-05-10,LIMA,LIMA,ATE,1,1
Peru,PER,2020-05-10,LIMA,LIMA,BREÑA,1,2
Peru,PER,2020-05-10,LIMA,LIMA,LA VICTORIA,1,3
Peru,PER,2020-05-10,LIMA,LIMA,LIMA,2,5
Peru,PER,2020-05-10,LIMA,LIMA,LINCE,1,6
Peru,PER,2020-05-10,LIMA,LIMA,LURIGANCHO,1,7
Peru,PER,2020-05-10,LIMA,LIMA,RIMAC,1,8
Peru,PER,2020-05-10,LIMA,LIMA,SAN JUAN DE LURIGANCHO,1,9
Peru,PER,2020-05-10,LIMA,LIMA,SAN MARTIN DE PORRES,1,10
Peru,PER,2020-05-10,LIMA,LIMA,SANTIAGO DE SURCO,1,11
Peru,PER,2020-05-10,LIMA,NULL,NULL,25,25
Peru,PER,2020-05-10,LORETO,NULL,NULL,3,3
Peru,PER,2020-05-10,PIURA,NULL,NULL,5,5
Peru,PER,2020-05-10,PIURA,PAITA,PAITA,1,1
Peru,PER,2020-05-10,PIURA,PIURA,CASTILLA,4,4
Peru,PER,2020-05-10,PIURA,PIURA,VEINTISÉIS DE OCTUBRE,9,13
Peru,PER,2020-05-10,PIURA,SULLANA,SULLANA,1,1
Peru,PER,2020-05-10,SAN MARTIN,NULL,NULL,2,2
Peru,PER,2020-05-10,TUMBES,TUMBES,TUMBES,1,1
Peru,PER,2020-05-10,UCAYALI,CORONEL PORTILLO,MANANTAY,1,1
Peru,PER,2020-05-10,UCAYALI,PADRE ABAD,IRAZOLA,1,1
Peru,PER,2020-05-11,AMAZONAS,NULL,NULL,1,1
Peru,PER,2020-05-11,ANCASH,NULL,CHIMBOTE,1,1
Peru,PER,2020-05-11,ANCASH,NULL,NULL,4,5
Peru,PER,2020-05-11,AREQUIPA,NULL,NULL,1,1
Peru,PER,2020-05-11,CALLAO,NULL,CALLAO,2,2
Peru,PER,2020-05-11,CALLAO,NULL,NULL,1,3
Peru,PER,2020-05-11,CALLAO,NULL,VENTANILLA,1,4
Peru,PER,2020-05-11,ICA,CHINCHA,CHINCHA ALTA,4,4
Peru,PER,2020-05-11,ICA,CHINCHA,GROCIO PRADO,1,5
Peru,PER,2020-05-11,ICA,CHINCHA,SUNAMPE,1,6
Peru,PER,2020-05-11,ICA,ICA,ICA,2,2
Peru,PER,2020-05-11,LA LIBERTAD,CHEPEN,CHEPEN,3,3
Peru,PER,2020-05-11,LA LIBERTAD,PACASMAYO,SAN JOSE,1,1
Peru,PER,2020-05-11,LA LIBERTAD,TRUJILLO,FLORENCIA DE MORA,1,1
Peru,PER,2020-05-11,LAMBAYEQUE,NULL,Chiclayo,5,5
Peru,PER,2020-05-11,LAMBAYEQUE,NULL,CHICLAYO,2,7
Peru,PER,2020-05-11,LAMBAYEQUE,NULL,JAYANCA,1,8
Peru,PER,2020-05-11,LAMBAYEQUE,NULL,JOSE LEONARDO ORTIZ,1,9
Peru,PER,2020-05-11,LAMBAYEQUE,NULL,LA VICTORIA,1,10
Peru,PER,2020-05-11,LAMBAYEQUE,NULL,NULL,2,12
Peru,PER,2020-05-11,LIMA,LIMA,LOS OLIVOS,1,1
Peru,PER,2020-05-11,LIMA,LIMA,SAN MARTIN DE PORRES,1,2
Peru,PER,2020-05-11,LIMA,NULL,NULL,17,17
Peru,PER,2020-05-11,LORETO,NULL,NULL,6,6
Peru,PER,2020-05-11,PIURA,MORROPON,CHULUCANAS,1,1
Peru,PER,2020-05-11,PIURA,NULL,NULL,3,3
Peru,PER,2020-05-11,PIURA,PIURA,CASTILLA,4,4
Peru,PER,2020-05-11,PIURA,PIURA,PIURA,3,7
Peru,PER,2020-05-11,PIURA,PIURA,VEINTISÉIS DE OCTUBRE,1,8
Peru,PER,2020-05-11,PIURA,SULLANA,SULLANA,2,2
Peru,PER,2020-05-11,PIURA,TALARA,MANCORA,1,1
Peru,PER,2020-05-11,TUMBES,CONTRALMIRANTE VILLAR,CASITAS,1,1
Peru,PER,2020-05-11,TUMBES,TUMBES,CORRALES,1,1
Peru,PER,2020-05-11,TUMBES,TUMBES,TUMBES,1,2
Peru,PER,2020-05-11,TUMBES,ZARUMILLA,AGUAS VERDES,1,1
Peru,PER,2020-05-11,TUMBES,ZARUMILLA,ZARUMILLA,2,3
Peru,PER,2020-05-11,UCAYALI,CORONEL PORTILLO,CALLERIA,2,2
Peru,PER,2020-05-11,UCAYALI,CORONEL PORTILLO,YARINACOCHA,1,3
Peru,PER,2020-05-12,ANCASH,NULL,CHIMBOTE,3,3
Peru,PER,2020-05-12,ANCASH,NULL,LA UNION,1,4
Peru,PER,2020-05-12,ANCASH,NULL,NULL,5,9
Peru,PER,2020-05-12,CALLAO,NULL,CALLAO,4,4
Peru,PER,2020-05-12,CALLAO,NULL,CARMEN DE LA LEGUA REYNOSO,1,5
Peru,PER,2020-05-12,CALLAO,NULL,NULL,3,8
Peru,PER,2020-05-12,CALLAO,NULL,VENTANILLA,1,9
Peru,PER,2020-05-12,ICA,CHINCHA,CHINCHA ALTA,1,1
Peru,PER,2020-05-12,ICA,CHINCHA,SUNAMPE,2,3
Peru,PER,2020-05-12,ICA,PALPA,RIO GRANDE,1,1
Peru,PER,2020-05-12,LAMBAYEQUE,NULL,CHICLAYO,1,1
Peru,PER,2020-05-12,LAMBAYEQUE,NULL,CHONGOYAPE,1,2
Peru,PER,2020-05-12,LAMBAYEQUE,NULL,JAYANCA,1,3
Peru,PER,2020-05-12,LAMBAYEQUE,NULL,JOSE LEONARDO ORTIZ - CHICLAYO,1,4
Peru,PER,2020-05-12,LAMBAYEQUE,NULL,NULL,4,8
Peru,PER,2020-05-12,LIMA,NULL,NULL,15,15
Peru,PER,2020-05-12,LORETO,NULL,NULL,1,1
Peru,PER,2020-05-12,PIURA,MORROPON,SAN JUAN DE BIGOTE,1,1
Peru,PER,2020-05-12,PIURA,PAITA,PAITA,1,1
Peru,PER,2020-05-12,PIURA,PIURA,CATACAOS,1,1
Peru,PER,2020-05-12,PIURA,PIURA,PIURA,1,2
Peru,PER,2020-05-12,PIURA,SULLANA,SULLANA,1,1
Peru,PER,2020-05-12,TUMBES,TUMBES,CORRALES,1,1
Peru,PER,2020-05-12,TUMBES,TUMBES,TUMBES,1,2
Peru,PER,2020-05-12,TUMBES,ZARUMILLA,ZARUMILLA,1,1
Peru,PER,2020-05-12,UCAYALI,CORONEL PORTILLO,CALLERIA,1,1
Peru,PER,2020-05-12,UCAYALI,CORONEL PORTILLO,MANANTAY,1,2
Peru,PER,2020-05-12,UCAYALI,CORONEL PORTILLO,YARINACOCHA,1,3
Peru,PER,2020-05-13,AMAZONAS,BAGUA,BAGUA,1,1
Peru,PER,2020-05-13,ANCASH,NULL,CHIMBOTE,1,1
Peru,PER,2020-05-13,ANCASH,NULL,NUEVO CHIMBOTE,1,2
Peru,PER,2020-05-13,ANCASH,NULL,NULL,6,8
Peru,PER,2020-05-13,CALLAO,NULL,BELLAVISTA,1,1
Peru,PER,2020-05-13,ICA,CHINCHA,ALTO LARAN,1,1
Peru,PER,2020-05-13,ICA,CHINCHA,CHINCHA ALTA,1,2
Peru,PER,2020-05-13,ICA,CHINCHA,CHINCHA BAJA,2,4
Peru,PER,2020-05-13,ICA,CHINCHA,SUNAMPE,1,5
Peru,PER,2020-05-13,LAMBAYEQUE,NULL,CAYALTI,1,1
Peru,PER,2020-05-13,LAMBAYEQUE,NULL,Chiclayo,2,3
Peru,PER,2020-05-13,LAMBAYEQUE,NULL,JAYANCA,1,4
Peru,PER,2020-05-13,LAMBAYEQUE,NULL,NULL,2,6
Peru,PER,2020-05-13,LIMA,NULL,NULL,9,9
Peru,PER,2020-05-13,LORETO,NULL,YURIMAGUAS,2,2
Peru,PER,2020-05-13,PIURA,PAITA,COLAN,2,2
Peru,PER,2020-05-13,PIURA,PAITA,PAITA,1,3
Peru,PER,2020-05-13,PIURA,PIURA,CASTILLA,1,1
Peru,PER,2020-05-13,PIURA,PIURA,PIURA,5,6
Peru,PER,2020-05-13,PIURA,PIURA,VEINTISÉIS DE OCTUBRE,2,8
Peru,PER,2020-05-13,PIURA,SULLANA,BELLAVISTA,1,1
Peru,PER,2020-05-13,PIURA,SULLANA,SULLANA,2,3
Peru,PER,2020-05-13,TUMBES,TUMBES,TUMBES,1,1
Peru,PER,2020-05-13,UCAYALI,CORONEL PORTILLO,YARINACOCHA,1,1
Peru,PER,2020-05-14,AMAZONAS,CONDORCANQUI,NIEVA,1,1
Peru,PER,2020-05-14,ANCASH,NULL,CHIMBOTE,1,1
Peru,PER,2020-05-14,ANCASH,NULL,HUARAZ,1,2
Peru,PER,2020-05-14,ANCASH,NULL,NULL,2,4
Peru,PER,2020-05-14,CALLAO,NULL,CALLAO,2,2
Peru,PER,2020-05-14,ICA,CHINCHA,EL CARMEN,1,1
Peru,PER,2020-05-14,ICA,ICA,ICA,1,1
Peru,PER,2020-05-14,ICA,ICA,LA TINGUIÑA,1,2
Peru,PER,2020-05-14,LAMBAYEQUE,NULL,CAYALTÍ,1,1
Peru,PER,2020-05-14,LAMBAYEQUE,NULL,LAMBAYEQUE,1,2
Peru,PER,2020-05-14,LAMBAYEQUE,NULL,MORROPE,1,3
Peru,PER,2020-05-14,LAMBAYEQUE,NULL,NULL,8,11
Peru,PER,2020-05-14,LAMBAYEQUE,NULL,PATAPO,1,12
Peru,PER,2020-05-14,LIMA,NULL,NULL,12,12
Peru,PER,2020-05-14,LIMA,NULL,SAN MARTIN DE PORRES,1,13
Peru,PER,2020-05-14,LORETO,NULL,NULL,1,1
Peru,PER,2020-05-14,LORETO,NULL,PUNCHANA,1,2
Peru,PER,2020-05-14,LORETO,NULL,RAMON CASTILLA,2,4
Peru,PER,2020-05-14,LORETO,NULL,YURIMAGUAS,1,5
Peru,PER,2020-05-14,PIURA,PIURA,CASTILLA,1,1
Peru,PER,2020-05-14,PIURA,PIURA,LA ARENA,1,2
Peru,PER,2020-05-14,PIURA,PIURA,TAMBO GRANDE,1,3
Peru,PER,2020-05-14,PIURA,PIURA,VEINTISÉIS DE OCTUBRE,1,4
Peru,PER,2020-05-14,PIURA,SECHURA,SECHURA,1,1
Peru,PER,2020-05-14,PIURA,SULLANA,BELLAVISTA,1,1
Peru,PER,2020-05-14,PIURA,SULLANA,SULLANA,2,3
Peru,PER,2020-05-14,SAN MARTIN,NULL,NULL,1,1
Peru,PER,2020-05-14,UCAYALI,CORONEL PORTILLO,MANANTAY,1,1
Peru,PER,2020-05-15,AMAZONAS,BAGUA,BAGUA,1,1
Peru,PER,2020-05-15,ANCASH,NULL,CHIMBOTE,1,1
Peru,PER,2020-05-15,ANCASH,NULL,NULL,1,2
Peru,PER,2020-05-15,ANCASH,NULL,SANTA,1,3
Peru,PER,2020-05-15,CALLAO,NULL,CARMEN DE LA LEGUA REYNOSO,1,1
Peru,PER,2020-05-15,ICA,CHINCHA,CHINCHA ALTA,2,2
Peru,PER,2020-05-15,ICA,CHINCHA,GROCIO PRADO,1,3
Peru,PER,2020-05-15,ICA,ICA,ICA,1,1
Peru,PER,2020-05-15,LAMBAYEQUE,NULL,CHICLAYO,3,3
Peru,PER,2020-05-15,LAMBAYEQUE,NULL,JOSE LEONARDO ORTIZ,1,4
Peru,PER,2020-05-15,LAMBAYEQUE,NULL,NULL,8,12
Peru,PER,2020-05-15,LAMBAYEQUE,NULL,SALAS,1,13
Peru,PER,2020-05-15,LIMA,NULL,NULL,9,9
Peru,PER,2020-05-15,LORETO,NULL,CONTAMANA,1,1
Peru,PER,2020-05-15,LORETO,NULL,NULL,1,2
Peru,PER,2020-05-15,LORETO,NULL,VARGAS GUERRA,1,3
Peru,PER,2020-05-15,MADRE DE DIOS,TAMBOPATA,TAMBOPATA,1,1
Peru,PER,2020-05-15,PIURA,MORROPON,CHULUCANAS,1,1
Peru,PER,2020-05-15,PIURA,PAITA,PAITA,1,1
Peru,PER,2020-05-15,PIURA,PIURA,CASTILLA,2,2
Peru,PER,2020-05-15,PIURA,PIURA,CATACAOS,1,3
Peru,PER,2020-05-15,PIURA,PIURA,PIURA,1,4
Peru,PER,2020-05-15,PIURA,PIURA,TAMBO GRANDE,1,5
Peru,PER,2020-05-15,PIURA,SULLANA,BELLAVISTA,1,1
Peru,PER,2020-05-15,PIURA,SULLANA,SULLANA,1,2
Peru,PER,2020-05-15,SAN MARTIN,NULL,NULL,1,1
Peru,PER,2020-05-15,UCAYALI,NULL,NULL,1,1
Peru,PER,2020-05-16,AMAZONAS,UTCUBAMBA,BAGUA GRANDE,2,2
Peru,PER,2020-05-16,ANCASH,NULL,CHIMBOTE,1,1
Peru,PER,2020-05-16,ANCASH,NULL,NULL,5,6
Peru,PER,2020-05-16,ICA,CHINCHA,CHINCHA ALTA,1,1
Peru,PER,2020-05-16,ICA,CHINCHA,GROCIO PRADO,1,2
Peru,PER,2020-05-16,ICA,CHINCHA,PUEBLO NUEVO,1,3
Peru,PER,2020-05-16,ICA,CHINCHA,SUNAMPE,1,4
Peru,PER,2020-05-16,LAMBAYEQUE,NULL,CHICLAYO,1,1
Peru,PER,2020-05-16,LAMBAYEQUE,NULL,JOSE LEONARDO ORTIZ,1,2
Peru,PER,2020-05-16,LAMBAYEQUE,NULL,LA VICTORIA,1,3
Peru,PER,2020-05-16,LAMBAYEQUE,NULL,NULL,7,10
Peru,PER,2020-05-16,LAMBAYEQUE,NULL,OLMOS,1,11
Peru,PER,2020-05-16,LIMA,NULL,NULL,4,4
Peru,PER,2020-05-16,LORETO,NULL,NULL,1,1
Peru,PER,2020-05-16,LORETO,NULL,SAN JUAN BAUTISTA,1,2
Peru,PER,2020-05-16,PIURA,MORROPON,CHULUCANAS,1,1
Peru,PER,2020-05-16,PIURA,PIURA,CASTILLA,2,2
Peru,PER,2020-05-16,PIURA,PIURA,PIURA,1,3
Peru,PER,2020-05-16,PIURA,SULLANA,BELLAVISTA,1,1
Peru,PER,2020-05-16,PIURA,SULLANA,SALITRAL,1,2
Peru,PER,2020-05-16,PIURA,TALARA,PARIÑAS,1,1
Peru,PER,2020-05-16,PUNO,SAN ROMAN,JULIACA,1,1
Peru,PER,2020-05-16,SAN MARTIN,NULL,MOYOBAMBA,1,1
Peru,PER,2020-05-16,UCAYALI,NULL,NULL,3,3
Peru,PER,2020-05-17,AMAZONAS,UTCUBAMBA,BAGUA GRANDE,1,1
Peru,PER,2020-05-17,ANCASH,NULL,CARHUAZ,1,1
Peru,PER,2020-05-17,ANCASH,NULL,CASMA,1,2
Peru,PER,2020-05-17,ANCASH,NULL,CHIMBOTE,2,4
Peru,PER,2020-05-17,ANCASH,NULL,COISHCO,1,5
Peru,PER,2020-05-17,ANCASH,NULL,HUARAL,1,6
Peru,PER,2020-05-17,ANCASH,NULL,NUEVO CHIMBOTE,2,8
Peru,PER,2020-05-17,ANCASH,NULL,NULL,1,9
Peru,PER,2020-05-17,CALLAO,NULL,BELLAVISTA,1,1
Peru,PER,2020-05-17,CALLAO,NULL,VENTANILLA,1,2
Peru,PER,2020-05-17,ICA,CHINCHA,GROCIO PRADO,1,1
Peru,PER,2020-05-17,LAMBAYEQUE,NULL,Chiclayo,2,2
Peru,PER,2020-05-17,LAMBAYEQUE,NULL,JOSE LEONARDO ORTIZ,2,4
Peru,PER,2020-05-17,LAMBAYEQUE,NULL,MORROPE,1,5
Peru,PER,2020-05-17,LAMBAYEQUE,NULL,NULL,1,6
Peru,PER,2020-05-17,LIMA,NULL,COMAS,1,1
Peru,PER,2020-05-17,LORETO,NULL,NULL,4,4
Peru,PER,2020-05-17,PASCO,PASCO,HUARIACA,1,1
Peru,PER,2020-05-17,PIURA,HUANCABAMBA,SONDORILLO,1,1
Peru,PER,2020-05-17,PIURA,PAITA,PAITA,1,1
Peru,PER,2020-05-17,PIURA,PIURA,LA ARENA,1,1
Peru,PER,2020-05-17,PIURA,TALARA,PARIÑAS,1,1
Peru,PER,2020-05-17,UCAYALI,NULL,NULL,2,2
Peru,PER,2020-05-18,ANCASH,NULL,CHIMBOTE,3,3
Peru,PER,2020-05-18,ANCASH,NULL,HUARAZ,1,4
Peru,PER,2020-05-18,ANCASH,NULL,NUEVO CHIMBOTE,1,5
Peru,PER,2020-05-18,ANCASH,NULL,SANTA,1,6
Peru,PER,2020-05-18,CALLAO,NULL,CALLAO,3,3
Peru,PER,2020-05-18,CALLAO,NULL,CARMEN DE LA LEGUA REYNOSO,1,4
Peru,PER,2020-05-18,CALLAO,NULL,COMAS,1,5
Peru,PER,2020-05-18,ICA,CHINCHA,CHINCHA ALTA,1,1
Peru,PER,2020-05-18,ICA,ICA,PACHACUTEC,1,1
Peru,PER,2020-05-18,LAMBAYEQUE,NULL,CAYALTÍ,1,1
Peru,PER,2020-05-18,LAMBAYEQUE,NULL,Chiclayo,1,2
Peru,PER,2020-05-18,LAMBAYEQUE,NULL,CHICLAYO,2,4
Peru,PER,2020-05-18,LAMBAYEQUE,NULL,FERREÑAFE,1,5
Peru,PER,2020-05-18,LAMBAYEQUE,NULL,LAMBAYEQUE,2,7
Peru,PER,2020-05-18,LAMBAYEQUE,NULL,NULL,2,9
Peru,PER,2020-05-18,LORETO,NULL,NULL,3,3
Peru,PER,2020-05-18,PIURA,NULL,NULL,1,1
Peru,PER,2020-05-18,PIURA,PAITA,PAITA,1,1
Peru,PER,2020-05-18,PIURA,PIURA,CASTILLA,2,2
Peru,PER,2020-05-18,PIURA,PIURA,LA ARENA,1,3
Peru,PER,2020-05-18,PIURA,SULLANA,SULLANA,1,1
Peru,PER,2020-05-18,PIURA,TALARA,PARIÑAS,1,1
Peru,PER,2020-05-18,PUNO,PUNO,PUNO,1,1
Peru,PER,2020-05-18,SAN MARTIN,NULL,NULL,3,3
Peru,PER,2020-05-18,TACNA,TACNA,CORONEL GREGORIO ALBARRACIN LA,1,1
Peru,PER,2020-05-18,TACNA,TACNA,TACNA,1,2
Peru,PER,2020-05-18,TUMBES,NULL,NULL,1,1
Peru,PER,2020-05-18,UCAYALI,NULL,NULL,2,2
Peru,PER,2020-05-19,ANCASH,NULL,CHIMBOTE,1,1
Peru,PER,2020-05-19,ANCASH,NULL,NUEVO CHIMBOTE,1,2
Peru,PER,2020-05-19,ANCASH,NULL,PARIAHUANCA,1,3
Peru,PER,2020-05-19,ICA,CHINCHA,CHINCHA ALTA,2,2
Peru,PER,2020-05-19,ICA,CHINCHA,PUEBLO NUEVO,1,3
Peru,PER,2020-05-19,LAMBAYEQUE,NULL,CAYALTÍ,1,1
Peru,PER,2020-05-19,LAMBAYEQUE,NULL,Chiclayo,1,2
Peru,PER,2020-05-19,LAMBAYEQUE,NULL,CHICLAYO,1,3
Peru,PER,2020-05-19,LAMBAYEQUE,NULL,JOSE LEONARDO ORTIZ,1,4
Peru,PER,2020-05-19,LAMBAYEQUE,NULL,LAMBAYEQUE,1,5
Peru,PER,2020-05-19,LAMBAYEQUE,NULL,MORROPE,1,6
Peru,PER,2020-05-19,LAMBAYEQUE,NULL,SANTA ROSA,1,7
Peru,PER,2020-05-19,LORETO,NULL,NULL,3,3
Peru,PER,2020-05-19,PIURA,HUANCABAMBA,SONDORILLO,1,1
Peru,PER,2020-05-19,PIURA,MORROPON,CHULUCANAS,1,1
Peru,PER,2020-05-19,PIURA,PAITA,PAITA,1,1
Peru,PER,2020-05-19,PIURA,PIURA,LA UNION,1,1
Peru,PER,2020-05-19,PIURA,PIURA,PIURA,1,2
Peru,PER,2020-05-19,PIURA,PIURA,TAMBO GRANDE,1,3
Peru,PER,2020-05-19,PIURA,PIURA,VEINTISÉIS DE OCTUBRE,1,4
Peru,PER,2020-05-19,PIURA,SULLANA,BELLAVISTA,1,1
Peru,PER,2020-05-19,SAN MARTIN,NULL,NULL,1,1
Peru,PER,2020-05-19,TUMBES,NULL,NULL,2,2
Peru,PER,2020-05-19,UCAYALI,NULL,NULL,1,1
Peru,PER,2020-05-20,AMAZONAS,LUYA,CAMPORREDONDO,1,1
Peru,PER,2020-05-20,ANCASH,NULL,CHIMBOTE,1,1
Peru,PER,2020-05-20,ANCASH,NULL,RANRAHIRCA,1,2
Peru,PER,2020-05-20,LAMBAYEQUE,NULL,CHICLAYO,1,1
Peru,PER,2020-05-20,LAMBAYEQUE,NULL,ferreñafe,1,2
Peru,PER,2020-05-20,LAMBAYEQUE,NULL,JOSE LEONARDO ORTIZ,1,3
Peru,PER,2020-05-20,LAMBAYEQUE,NULL,LA VICTORIA,1,4
Peru,PER,2020-05-20,LAMBAYEQUE,NULL,PATAPO,1,5
Peru,PER,2020-05-20,LORETO,NULL,NULL,1,1
Peru,PER,2020-05-20,MADRE DE DIOS,TAMBOPATA,TAMBOPATA,2,2
Peru,PER,2020-05-20,PASCO,NULL,NULL,1,1
Peru,PER,2020-05-20,PIURA,HUANCABAMBA,HUANCABAMBA,1,1
Peru,PER,2020-05-20,PIURA,MORROPON,CHULUCANAS,2,2
Peru,PER,2020-05-20,PIURA,PIURA,CASTILLA,1,1
Peru,PER,2020-05-20,PIURA,PIURA,CATACAOS,1,2
Peru,PER,2020-05-20,PIURA,PIURA,PIURA,1,3
Peru,PER,2020-05-20,PIURA,PIURA,VEINTISÉIS DE OCTUBRE,1,4
Peru,PER,2020-05-20,PIURA,SULLANA,SULLANA,1,1
Peru,PER,2020-05-20,PIURA,TALARA,PARIÑAS,2,2
Peru,PER,2020-05-20,TUMBES,NULL,CORRALES,1,1
Peru,PER,2020-05-20,TUMBES,NULL,ZARUMILLA,1,2
Peru,PER,2020-05-20,TUMBES,NULL,ZORRITOS,1,3
Peru,PER,2020-05-21,ANCASH,NULL,CHIMBOTE,2,2
Peru,PER,2020-05-21,ANCASH,NULL,GUADALUPITO,1,3
Peru,PER,2020-05-21,ANCASH,NULL,NUEVO CHIMBOTE,3,6
Peru,PER,2020-05-21,LAMBAYEQUE,NULL,CHICLAYO,5,5
Peru,PER,2020-05-21,LAMBAYEQUE,NULL,PATAPO,1,6
Peru,PER,2020-05-21,LORETO,NULL,NULL,4,4
Peru,PER,2020-05-21,PASCO,PASCO,YANACANCHA,1,1
Peru,PER,2020-05-21,PIURA,PIURA,CASTILLA,1,1
Peru,PER,2020-05-21,PIURA,PIURA,LA UNION,1,2
Peru,PER,2020-05-21,PIURA,PIURA,TAMBO GRANDE,1,3
Peru,PER,2020-05-21,PIURA,PIURA,VEINTISÉIS DE OCTUBRE,1,4
Peru,PER,2020-05-21,PIURA,SECHURA,SECHURA,1,1
Peru,PER,2020-05-21,PIURA,SULLANA,SULLANA,1,1
Peru,PER,2020-05-22,ANCASH,NULL,CHIMBOTE,1,1
Peru,PER,2020-05-22,PASCO,PASCO,OXAPAMPA,1,1
