fecha_fallecimiento,pais,iso3c,departamento,n,n_acum
2020-05-01,Peru,PER,AMAZONAS,1,1
2020-05-02,Peru,PER,AMAZONAS,1,1
2020-05-03,Peru,PER,AMAZONAS,1,2
2020-05-04,Peru,PER,AMAZONAS,1,3
2020-05-05,Peru,PER,AMAZONAS,2,5
2020-05-06,Peru,PER,AMAZONAS,2,7
2020-05-07,Peru,PER,AMAZONAS,2,7
2020-05-08,Peru,PER,AMAZONAS,2,7
2020-05-09,Peru,PER,AMAZONAS,1,8
2020-05-10,Peru,PER,AMAZONAS,2,10
2020-05-11,Peru,PER,AMAZONAS,1,11
2020-05-12,Peru,PER,AMAZONAS,1,11
2020-05-13,Peru,PER,AMAZONAS,2,13
2020-05-14,Peru,PER,AMAZONAS,1,14
2020-05-15,Peru,PER,AMAZONAS,1,15
2020-05-16,Peru,PER,AMAZONAS,2,17
2020-05-17,Peru,PER,AMAZONAS,1,18
2020-05-18,Peru,PER,AMAZONAS,1,19
2020-05-19,Peru,PER,AMAZONAS,1,20
2020-05-20,Peru,PER,AMAZONAS,1,21
2020-05-21,Peru,PER,AMAZONAS,1,22
2020-05-22,Peru,PER,AMAZONAS,1,22
2020-05-23,Peru,PER,AMAZONAS,1,22
2020-05-24,Peru,PER,AMAZONAS,1,22
2020-05-25,Peru,PER,AMAZONAS,1,22
2020-05-26,Peru,PER,AMAZONAS,1,22
2020-05-27,Peru,PER,AMAZONAS,1,23
2020-05-28,Peru,PER,AMAZONAS,2,25
2020-05-29,Peru,PER,AMAZONAS,2,25
2020-05-30,Peru,PER,AMAZONAS,2,25
2020-05-31,Peru,PER,AMAZONAS,2,25
2020-06-01,Peru,PER,AMAZONAS,1,26
2020-06-02,Peru,PER,AMAZONAS,1,26
2020-06-03,Peru,PER,AMAZONAS,1,27
2020-06-04,Peru,PER,AMAZONAS,1,27
2020-06-05,Peru,PER,AMAZONAS,1,27
2020-06-06,Peru,PER,AMAZONAS,1,27
2020-06-07,Peru,PER,AMAZONAS,1,27
2020-06-08,Peru,PER,AMAZONAS,1,27
2020-06-09,Peru,PER,AMAZONAS,1,27
2020-06-10,Peru,PER,AMAZONAS,1,27
2020-06-11,Peru,PER,AMAZONAS,1,28
2020-06-12,Peru,PER,AMAZONAS,1,29
2020-06-13,Peru,PER,AMAZONAS,1,29
2020-06-14,Peru,PER,AMAZONAS,1,29
2020-06-15,Peru,PER,AMAZONAS,1,30
2020-06-16,Peru,PER,AMAZONAS,1,30
2020-06-17,Peru,PER,AMAZONAS,1,31
2020-06-18,Peru,PER,AMAZONAS,1,32
2020-06-19,Peru,PER,AMAZONAS,1,33
2020-06-20,Peru,PER,AMAZONAS,1,33
2020-06-21,Peru,PER,AMAZONAS,1,34
2020-06-22,Peru,PER,AMAZONAS,1,34
2020-03-28,Peru,PER,ANCASH,1,1
2020-03-29,Peru,PER,ANCASH,1,1
2020-03-30,Peru,PER,ANCASH,1,1
2020-03-31,Peru,PER,ANCASH,1,1
2020-04-01,Peru,PER,ANCASH,1,1
2020-04-02,Peru,PER,ANCASH,1,1
2020-04-03,Peru,PER,ANCASH,1,1
2020-04-04,Peru,PER,ANCASH,1,1
2020-04-05,Peru,PER,ANCASH,1,2
2020-04-06,Peru,PER,ANCASH,1,2
2020-04-07,Peru,PER,ANCASH,3,5
2020-04-08,Peru,PER,ANCASH,2,7
2020-04-09,Peru,PER,ANCASH,2,7
2020-04-10,Peru,PER,ANCASH,2,7
2020-04-11,Peru,PER,ANCASH,2,7
2020-04-12,Peru,PER,ANCASH,1,8
2020-04-13,Peru,PER,ANCASH,1,9
2020-04-14,Peru,PER,ANCASH,3,12
2020-04-15,Peru,PER,ANCASH,3,15
2020-04-16,Peru,PER,ANCASH,3,18
2020-04-17,Peru,PER,ANCASH,1,19
2020-04-18,Peru,PER,ANCASH,4,23
2020-04-19,Peru,PER,ANCASH,7,30
2020-04-20,Peru,PER,ANCASH,4,34
2020-04-21,Peru,PER,ANCASH,1,35
2020-04-22,Peru,PER,ANCASH,1,36
2020-04-23,Peru,PER,ANCASH,7,43
2020-04-24,Peru,PER,ANCASH,6,49
2020-04-25,Peru,PER,ANCASH,4,53
2020-04-26,Peru,PER,ANCASH,4,57
2020-04-27,Peru,PER,ANCASH,13,70
2020-04-28,Peru,PER,ANCASH,1,71
2020-04-29,Peru,PER,ANCASH,4,75
2020-04-30,Peru,PER,ANCASH,7,82
2020-05-01,Peru,PER,ANCASH,4,86
2020-05-02,Peru,PER,ANCASH,8,94
2020-05-03,Peru,PER,ANCASH,5,99
2020-05-04,Peru,PER,ANCASH,3,102
2020-05-05,Peru,PER,ANCASH,5,107
2020-05-06,Peru,PER,ANCASH,14,121
2020-05-07,Peru,PER,ANCASH,9,130
2020-05-08,Peru,PER,ANCASH,10,140
2020-05-09,Peru,PER,ANCASH,7,147
2020-05-10,Peru,PER,ANCASH,5,152
2020-05-11,Peru,PER,ANCASH,5,157
2020-05-12,Peru,PER,ANCASH,9,166
2020-05-13,Peru,PER,ANCASH,8,174
2020-05-14,Peru,PER,ANCASH,5,179
2020-05-15,Peru,PER,ANCASH,4,183
2020-05-16,Peru,PER,ANCASH,6,189
2020-05-17,Peru,PER,ANCASH,9,198
2020-05-18,Peru,PER,ANCASH,9,207
2020-05-19,Peru,PER,ANCASH,4,211
2020-05-20,Peru,PER,ANCASH,2,213
2020-05-21,Peru,PER,ANCASH,6,219
2020-05-22,Peru,PER,ANCASH,2,221
2020-05-23,Peru,PER,ANCASH,6,227
2020-05-24,Peru,PER,ANCASH,10,237
2020-05-25,Peru,PER,ANCASH,10,237
2020-05-26,Peru,PER,ANCASH,10,237
2020-05-27,Peru,PER,ANCASH,4,241
2020-05-28,Peru,PER,ANCASH,11,252
2020-05-29,Peru,PER,ANCASH,10,262
2020-05-30,Peru,PER,ANCASH,5,267
2020-05-31,Peru,PER,ANCASH,3,270
2020-06-01,Peru,PER,ANCASH,7,277
2020-06-02,Peru,PER,ANCASH,9,286
2020-06-03,Peru,PER,ANCASH,6,292
2020-06-04,Peru,PER,ANCASH,8,300
2020-06-05,Peru,PER,ANCASH,5,305
2020-06-06,Peru,PER,ANCASH,7,312
2020-06-07,Peru,PER,ANCASH,6,318
2020-06-08,Peru,PER,ANCASH,9,327
2020-06-09,Peru,PER,ANCASH,8,335
2020-06-10,Peru,PER,ANCASH,5,340
2020-06-11,Peru,PER,ANCASH,7,347
2020-06-12,Peru,PER,ANCASH,11,358
2020-06-13,Peru,PER,ANCASH,13,371
2020-06-14,Peru,PER,ANCASH,7,378
2020-06-15,Peru,PER,ANCASH,9,387
2020-06-16,Peru,PER,ANCASH,7,394
2020-06-17,Peru,PER,ANCASH,3,397
2020-06-18,Peru,PER,ANCASH,6,403
2020-06-19,Peru,PER,ANCASH,8,411
2020-06-20,Peru,PER,ANCASH,8,419
2020-06-21,Peru,PER,ANCASH,7,426
2020-06-22,Peru,PER,ANCASH,5,431
2020-05-28,Peru,PER,APURIMAC,1,1
2020-05-29,Peru,PER,APURIMAC,2,3
2020-05-30,Peru,PER,APURIMAC,2,3
2020-05-31,Peru,PER,APURIMAC,2,3
2020-06-01,Peru,PER,APURIMAC,2,3
2020-06-02,Peru,PER,APURIMAC,2,3
2020-06-03,Peru,PER,APURIMAC,2,3
2020-06-04,Peru,PER,APURIMAC,1,4
2020-06-05,Peru,PER,APURIMAC,1,4
2020-06-06,Peru,PER,APURIMAC,1,4
2020-06-07,Peru,PER,APURIMAC,1,5
2020-06-08,Peru,PER,APURIMAC,2,7
2020-06-09,Peru,PER,APURIMAC,2,7
2020-06-10,Peru,PER,APURIMAC,2,7
2020-06-11,Peru,PER,APURIMAC,2,7
2020-06-12,Peru,PER,APURIMAC,2,7
2020-06-13,Peru,PER,APURIMAC,1,8
2020-06-14,Peru,PER,APURIMAC,1,9
2020-06-15,Peru,PER,APURIMAC,1,9
2020-06-16,Peru,PER,APURIMAC,1,10
2020-06-17,Peru,PER,APURIMAC,1,10
2020-06-18,Peru,PER,APURIMAC,1,11
2020-06-19,Peru,PER,APURIMAC,1,11
2020-06-20,Peru,PER,APURIMAC,1,12
2020-06-21,Peru,PER,APURIMAC,2,14
2020-06-22,Peru,PER,APURIMAC,2,14
2020-03-29,Peru,PER,AREQUIPA,1,1
2020-03-30,Peru,PER,AREQUIPA,1,1
2020-03-31,Peru,PER,AREQUIPA,1,2
2020-04-01,Peru,PER,AREQUIPA,1,2
2020-04-02,Peru,PER,AREQUIPA,1,2
2020-04-03,Peru,PER,AREQUIPA,1,2
2020-04-04,Peru,PER,AREQUIPA,5,7
2020-04-05,Peru,PER,AREQUIPA,5,7
2020-04-06,Peru,PER,AREQUIPA,5,7
2020-04-07,Peru,PER,AREQUIPA,5,7
2020-04-08,Peru,PER,AREQUIPA,5,7
2020-04-09,Peru,PER,AREQUIPA,5,7
2020-04-10,Peru,PER,AREQUIPA,5,7
2020-04-11,Peru,PER,AREQUIPA,5,7
2020-04-12,Peru,PER,AREQUIPA,1,8
2020-04-13,Peru,PER,AREQUIPA,1,9
2020-04-14,Peru,PER,AREQUIPA,1,9
2020-04-15,Peru,PER,AREQUIPA,1,10
2020-04-16,Peru,PER,AREQUIPA,1,11
2020-04-17,Peru,PER,AREQUIPA,1,11
2020-04-18,Peru,PER,AREQUIPA,1,11
2020-04-19,Peru,PER,AREQUIPA,3,14
2020-04-20,Peru,PER,AREQUIPA,1,15
2020-04-21,Peru,PER,AREQUIPA,1,15
2020-04-22,Peru,PER,AREQUIPA,1,15
2020-04-23,Peru,PER,AREQUIPA,1,16
2020-04-24,Peru,PER,AREQUIPA,1,16
2020-04-25,Peru,PER,AREQUIPA,2,18
2020-04-26,Peru,PER,AREQUIPA,2,18
2020-04-27,Peru,PER,AREQUIPA,2,18
2020-04-28,Peru,PER,AREQUIPA,2,18
2020-04-29,Peru,PER,AREQUIPA,2,18
2020-04-30,Peru,PER,AREQUIPA,2,18
2020-05-01,Peru,PER,AREQUIPA,1,19
2020-05-02,Peru,PER,AREQUIPA,1,20
2020-05-03,Peru,PER,AREQUIPA,1,20
2020-05-04,Peru,PER,AREQUIPA,1,20
2020-05-05,Peru,PER,AREQUIPA,1,20
2020-05-06,Peru,PER,AREQUIPA,1,20
2020-05-07,Peru,PER,AREQUIPA,3,23
2020-05-08,Peru,PER,AREQUIPA,3,23
2020-05-09,Peru,PER,AREQUIPA,3,23
2020-05-10,Peru,PER,AREQUIPA,1,24
2020-05-11,Peru,PER,AREQUIPA,1,25
2020-05-12,Peru,PER,AREQUIPA,1,25
2020-05-13,Peru,PER,AREQUIPA,1,25
2020-05-14,Peru,PER,AREQUIPA,1,25
2020-05-15,Peru,PER,AREQUIPA,1,25
2020-05-16,Peru,PER,AREQUIPA,1,25
2020-05-17,Peru,PER,AREQUIPA,1,25
2020-05-18,Peru,PER,AREQUIPA,3,28
2020-05-19,Peru,PER,AREQUIPA,3,28
2020-05-20,Peru,PER,AREQUIPA,3,28
2020-05-21,Peru,PER,AREQUIPA,3,28
2020-05-22,Peru,PER,AREQUIPA,3,28
2020-05-23,Peru,PER,AREQUIPA,3,28
2020-05-24,Peru,PER,AREQUIPA,3,28
2020-05-25,Peru,PER,AREQUIPA,3,28
2020-05-26,Peru,PER,AREQUIPA,3,28
2020-05-27,Peru,PER,AREQUIPA,3,31
2020-05-28,Peru,PER,AREQUIPA,2,33
2020-05-29,Peru,PER,AREQUIPA,6,39
2020-05-30,Peru,PER,AREQUIPA,5,44
2020-05-31,Peru,PER,AREQUIPA,5,49
2020-06-01,Peru,PER,AREQUIPA,1,50
2020-06-02,Peru,PER,AREQUIPA,1,51
2020-06-03,Peru,PER,AREQUIPA,5,56
2020-06-04,Peru,PER,AREQUIPA,3,59
2020-06-05,Peru,PER,AREQUIPA,1,60
2020-06-06,Peru,PER,AREQUIPA,1,60
2020-06-07,Peru,PER,AREQUIPA,5,65
2020-06-08,Peru,PER,AREQUIPA,6,71
2020-06-09,Peru,PER,AREQUIPA,10,81
2020-06-10,Peru,PER,AREQUIPA,4,85
2020-06-11,Peru,PER,AREQUIPA,10,95
2020-06-12,Peru,PER,AREQUIPA,11,106
2020-06-13,Peru,PER,AREQUIPA,3,109
2020-06-14,Peru,PER,AREQUIPA,6,115
2020-06-15,Peru,PER,AREQUIPA,6,121
2020-06-16,Peru,PER,AREQUIPA,13,134
2020-06-17,Peru,PER,AREQUIPA,11,145
2020-06-18,Peru,PER,AREQUIPA,9,154
2020-06-19,Peru,PER,AREQUIPA,5,159
2020-06-20,Peru,PER,AREQUIPA,7,166
2020-06-21,Peru,PER,AREQUIPA,13,179
2020-06-22,Peru,PER,AREQUIPA,9,188
2020-05-03,Peru,PER,AYACUCHO,1,1
2020-05-04,Peru,PER,AYACUCHO,1,2
2020-05-05,Peru,PER,AYACUCHO,1,2
2020-05-06,Peru,PER,AYACUCHO,1,2
2020-05-07,Peru,PER,AYACUCHO,1,3
2020-05-08,Peru,PER,AYACUCHO,1,3
2020-05-09,Peru,PER,AYACUCHO,1,3
2020-05-10,Peru,PER,AYACUCHO,1,3
2020-05-11,Peru,PER,AYACUCHO,1,3
2020-05-12,Peru,PER,AYACUCHO,1,3
2020-05-13,Peru,PER,AYACUCHO,1,3
2020-05-14,Peru,PER,AYACUCHO,1,4
2020-05-15,Peru,PER,AYACUCHO,1,5
2020-05-16,Peru,PER,AYACUCHO,1,5
2020-05-17,Peru,PER,AYACUCHO,1,5
2020-05-18,Peru,PER,AYACUCHO,1,5
2020-05-19,Peru,PER,AYACUCHO,1,5
2020-05-20,Peru,PER,AYACUCHO,1,6
2020-05-21,Peru,PER,AYACUCHO,1,6
2020-05-22,Peru,PER,AYACUCHO,1,6
2020-05-23,Peru,PER,AYACUCHO,1,6
2020-05-24,Peru,PER,AYACUCHO,1,6
2020-05-25,Peru,PER,AYACUCHO,1,6
2020-05-26,Peru,PER,AYACUCHO,1,6
2020-05-27,Peru,PER,AYACUCHO,1,6
2020-05-28,Peru,PER,AYACUCHO,1,6
2020-05-29,Peru,PER,AYACUCHO,1,7
2020-05-30,Peru,PER,AYACUCHO,1,7
2020-05-31,Peru,PER,AYACUCHO,1,7
2020-06-01,Peru,PER,AYACUCHO,1,7
2020-06-02,Peru,PER,AYACUCHO,1,7
2020-06-03,Peru,PER,AYACUCHO,1,7
2020-06-04,Peru,PER,AYACUCHO,1,8
2020-06-05,Peru,PER,AYACUCHO,1,8
2020-06-06,Peru,PER,AYACUCHO,1,8
2020-06-07,Peru,PER,AYACUCHO,1,8
2020-06-08,Peru,PER,AYACUCHO,1,8
2020-06-09,Peru,PER,AYACUCHO,1,8
2020-06-10,Peru,PER,AYACUCHO,3,11
2020-06-11,Peru,PER,AYACUCHO,3,11
2020-06-12,Peru,PER,AYACUCHO,3,11
2020-06-13,Peru,PER,AYACUCHO,3,11
2020-06-14,Peru,PER,AYACUCHO,3,11
2020-06-15,Peru,PER,AYACUCHO,3,11
2020-06-16,Peru,PER,AYACUCHO,3,11
2020-06-17,Peru,PER,AYACUCHO,3,11
2020-06-18,Peru,PER,AYACUCHO,2,13
2020-06-19,Peru,PER,AYACUCHO,2,13
2020-06-20,Peru,PER,AYACUCHO,2,13
2020-06-21,Peru,PER,AYACUCHO,2,15
2020-06-22,Peru,PER,AYACUCHO,1,16
2020-04-13,Peru,PER,CAJAMARCA,1,1
2020-04-14,Peru,PER,CAJAMARCA,1,1
2020-04-15,Peru,PER,CAJAMARCA,1,1
2020-04-16,Peru,PER,CAJAMARCA,1,2
2020-04-17,Peru,PER,CAJAMARCA,1,2
2020-04-18,Peru,PER,CAJAMARCA,1,2
2020-04-19,Peru,PER,CAJAMARCA,1,2
2020-04-20,Peru,PER,CAJAMARCA,1,2
2020-04-21,Peru,PER,CAJAMARCA,1,2
2020-04-22,Peru,PER,CAJAMARCA,1,2
2020-04-23,Peru,PER,CAJAMARCA,1,2
2020-04-24,Peru,PER,CAJAMARCA,1,2
2020-04-25,Peru,PER,CAJAMARCA,1,2
2020-04-26,Peru,PER,CAJAMARCA,1,2
2020-04-27,Peru,PER,CAJAMARCA,1,3
2020-04-28,Peru,PER,CAJAMARCA,1,3
2020-04-29,Peru,PER,CAJAMARCA,1,3
2020-04-30,Peru,PER,CAJAMARCA,1,3
2020-05-01,Peru,PER,CAJAMARCA,1,3
2020-05-02,Peru,PER,CAJAMARCA,1,3
2020-05-03,Peru,PER,CAJAMARCA,1,3
2020-05-04,Peru,PER,CAJAMARCA,1,3
2020-05-05,Peru,PER,CAJAMARCA,1,3
2020-05-06,Peru,PER,CAJAMARCA,1,3
2020-05-07,Peru,PER,CAJAMARCA,1,3
2020-05-08,Peru,PER,CAJAMARCA,1,3
2020-05-09,Peru,PER,CAJAMARCA,1,3
2020-05-10,Peru,PER,CAJAMARCA,1,3
2020-05-11,Peru,PER,CAJAMARCA,1,3
2020-05-12,Peru,PER,CAJAMARCA,1,3
2020-05-13,Peru,PER,CAJAMARCA,1,3
2020-05-14,Peru,PER,CAJAMARCA,1,3
2020-05-15,Peru,PER,CAJAMARCA,1,3
2020-05-16,Peru,PER,CAJAMARCA,1,3
2020-05-17,Peru,PER,CAJAMARCA,1,3
2020-05-18,Peru,PER,CAJAMARCA,1,3
2020-05-19,Peru,PER,CAJAMARCA,1,3
2020-05-20,Peru,PER,CAJAMARCA,1,3
2020-05-21,Peru,PER,CAJAMARCA,1,3
2020-05-22,Peru,PER,CAJAMARCA,1,3
2020-05-23,Peru,PER,CAJAMARCA,1,3
2020-05-24,Peru,PER,CAJAMARCA,1,3
2020-05-25,Peru,PER,CAJAMARCA,1,3
2020-05-26,Peru,PER,CAJAMARCA,1,3
2020-05-27,Peru,PER,CAJAMARCA,1,3
2020-05-28,Peru,PER,CAJAMARCA,1,4
2020-05-29,Peru,PER,CAJAMARCA,1,5
2020-05-30,Peru,PER,CAJAMARCA,1,5
2020-05-31,Peru,PER,CAJAMARCA,1,6
2020-06-01,Peru,PER,CAJAMARCA,1,7
2020-06-02,Peru,PER,CAJAMARCA,1,7
2020-06-03,Peru,PER,CAJAMARCA,1,8
2020-06-04,Peru,PER,CAJAMARCA,1,9
2020-06-05,Peru,PER,CAJAMARCA,1,9
2020-06-06,Peru,PER,CAJAMARCA,1,10
2020-06-07,Peru,PER,CAJAMARCA,1,11
2020-06-08,Peru,PER,CAJAMARCA,1,11
2020-06-09,Peru,PER,CAJAMARCA,2,13
2020-06-10,Peru,PER,CAJAMARCA,2,13
2020-06-11,Peru,PER,CAJAMARCA,1,14
2020-06-12,Peru,PER,CAJAMARCA,2,16
2020-06-13,Peru,PER,CAJAMARCA,2,16
2020-06-14,Peru,PER,CAJAMARCA,2,16
2020-06-15,Peru,PER,CAJAMARCA,1,17
2020-06-16,Peru,PER,CAJAMARCA,1,18
2020-06-17,Peru,PER,CAJAMARCA,1,18
2020-06-18,Peru,PER,CAJAMARCA,1,19
2020-06-19,Peru,PER,CAJAMARCA,1,20
2020-06-20,Peru,PER,CAJAMARCA,2,22
2020-06-21,Peru,PER,CAJAMARCA,2,22
2020-06-22,Peru,PER,CAJAMARCA,2,24
2020-03-29,Peru,PER,CALLAO,2,2
2020-03-30,Peru,PER,CALLAO,2,2
2020-03-31,Peru,PER,CALLAO,2,4
2020-04-01,Peru,PER,CALLAO,3,7
2020-04-02,Peru,PER,CALLAO,2,9
2020-04-03,Peru,PER,CALLAO,1,10
2020-04-04,Peru,PER,CALLAO,2,12
2020-04-05,Peru,PER,CALLAO,2,14
2020-04-06,Peru,PER,CALLAO,4,18
2020-04-07,Peru,PER,CALLAO,2,20
2020-04-08,Peru,PER,CALLAO,1,21
2020-04-09,Peru,PER,CALLAO,3,24
2020-04-10,Peru,PER,CALLAO,4,28
2020-04-11,Peru,PER,CALLAO,1,29
2020-04-12,Peru,PER,CALLAO,3,32
2020-04-13,Peru,PER,CALLAO,5,37
2020-04-14,Peru,PER,CALLAO,3,40
2020-04-15,Peru,PER,CALLAO,1,41
2020-04-16,Peru,PER,CALLAO,4,45
2020-04-17,Peru,PER,CALLAO,4,49
2020-04-18,Peru,PER,CALLAO,7,56
2020-04-19,Peru,PER,CALLAO,2,58
2020-04-20,Peru,PER,CALLAO,5,63
2020-04-21,Peru,PER,CALLAO,10,73
2020-04-22,Peru,PER,CALLAO,4,77
2020-04-23,Peru,PER,CALLAO,8,85
2020-04-24,Peru,PER,CALLAO,7,92
2020-04-25,Peru,PER,CALLAO,6,98
2020-04-26,Peru,PER,CALLAO,5,103
2020-04-27,Peru,PER,CALLAO,8,111
2020-04-28,Peru,PER,CALLAO,5,116
2020-04-29,Peru,PER,CALLAO,8,124
2020-04-30,Peru,PER,CALLAO,4,128
2020-05-01,Peru,PER,CALLAO,3,131
2020-05-02,Peru,PER,CALLAO,8,139
2020-05-03,Peru,PER,CALLAO,8,147
2020-05-04,Peru,PER,CALLAO,10,157
2020-05-05,Peru,PER,CALLAO,9,166
2020-05-06,Peru,PER,CALLAO,11,177
2020-05-07,Peru,PER,CALLAO,7,184
2020-05-08,Peru,PER,CALLAO,9,193
2020-05-09,Peru,PER,CALLAO,6,199
2020-05-10,Peru,PER,CALLAO,8,207
2020-05-11,Peru,PER,CALLAO,6,213
2020-05-12,Peru,PER,CALLAO,13,226
2020-05-13,Peru,PER,CALLAO,1,227
2020-05-14,Peru,PER,CALLAO,4,231
2020-05-15,Peru,PER,CALLAO,5,236
2020-05-16,Peru,PER,CALLAO,2,238
2020-05-17,Peru,PER,CALLAO,7,245
2020-05-18,Peru,PER,CALLAO,9,254
2020-05-19,Peru,PER,CALLAO,1,255
2020-05-20,Peru,PER,CALLAO,7,262
2020-05-21,Peru,PER,CALLAO,3,265
2020-05-22,Peru,PER,CALLAO,9,274
2020-05-23,Peru,PER,CALLAO,6,280
2020-05-24,Peru,PER,CALLAO,6,280
2020-05-25,Peru,PER,CALLAO,1,281
2020-05-26,Peru,PER,CALLAO,1,281
2020-05-27,Peru,PER,CALLAO,8,289
2020-05-28,Peru,PER,CALLAO,9,298
2020-05-29,Peru,PER,CALLAO,14,312
2020-05-30,Peru,PER,CALLAO,9,321
2020-05-31,Peru,PER,CALLAO,8,329
2020-06-01,Peru,PER,CALLAO,9,338
2020-06-02,Peru,PER,CALLAO,8,346
2020-06-03,Peru,PER,CALLAO,14,360
2020-06-04,Peru,PER,CALLAO,9,369
2020-06-05,Peru,PER,CALLAO,9,378
2020-06-06,Peru,PER,CALLAO,11,389
2020-06-07,Peru,PER,CALLAO,2,391
2020-06-08,Peru,PER,CALLAO,10,401
2020-06-09,Peru,PER,CALLAO,9,410
2020-06-10,Peru,PER,CALLAO,8,418
2020-06-11,Peru,PER,CALLAO,16,434
2020-06-12,Peru,PER,CALLAO,5,439
2020-06-13,Peru,PER,CALLAO,13,452
2020-06-14,Peru,PER,CALLAO,12,464
2020-06-15,Peru,PER,CALLAO,13,477
2020-06-16,Peru,PER,CALLAO,21,498
2020-06-17,Peru,PER,CALLAO,8,506
2020-06-18,Peru,PER,CALLAO,7,513
2020-06-19,Peru,PER,CALLAO,14,527
2020-06-20,Peru,PER,CALLAO,14,541
2020-06-21,Peru,PER,CALLAO,9,550
2020-06-22,Peru,PER,CALLAO,5,555
2020-03-24,Peru,PER,CUSCO,1,1
2020-03-25,Peru,PER,CUSCO,1,1
2020-03-26,Peru,PER,CUSCO,1,1
2020-03-27,Peru,PER,CUSCO,1,2
2020-03-28,Peru,PER,CUSCO,1,2
2020-03-29,Peru,PER,CUSCO,1,2
2020-03-30,Peru,PER,CUSCO,1,2
2020-03-31,Peru,PER,CUSCO,1,2
2020-04-01,Peru,PER,CUSCO,1,2
2020-04-02,Peru,PER,CUSCO,1,3
2020-04-03,Peru,PER,CUSCO,1,3
2020-04-04,Peru,PER,CUSCO,1,3
2020-04-05,Peru,PER,CUSCO,1,3
2020-04-06,Peru,PER,CUSCO,1,3
2020-04-07,Peru,PER,CUSCO,1,3
2020-04-08,Peru,PER,CUSCO,1,3
2020-04-09,Peru,PER,CUSCO,1,3
2020-04-10,Peru,PER,CUSCO,1,3
2020-04-11,Peru,PER,CUSCO,1,3
2020-04-12,Peru,PER,CUSCO,1,3
2020-04-13,Peru,PER,CUSCO,1,3
2020-04-14,Peru,PER,CUSCO,1,3
2020-04-15,Peru,PER,CUSCO,1,3
2020-04-16,Peru,PER,CUSCO,1,3
2020-04-17,Peru,PER,CUSCO,1,3
2020-04-18,Peru,PER,CUSCO,1,3
2020-04-19,Peru,PER,CUSCO,1,3
2020-04-20,Peru,PER,CUSCO,1,3
2020-04-21,Peru,PER,CUSCO,1,3
2020-04-22,Peru,PER,CUSCO,1,3
2020-04-23,Peru,PER,CUSCO,1,3
2020-04-24,Peru,PER,CUSCO,1,3
2020-04-25,Peru,PER,CUSCO,1,3
2020-04-26,Peru,PER,CUSCO,1,3
2020-04-27,Peru,PER,CUSCO,1,3
2020-04-28,Peru,PER,CUSCO,1,3
2020-04-29,Peru,PER,CUSCO,1,3
2020-04-30,Peru,PER,CUSCO,1,3
2020-05-01,Peru,PER,CUSCO,1,3
2020-05-02,Peru,PER,CUSCO,1,3
2020-05-03,Peru,PER,CUSCO,1,3
2020-05-04,Peru,PER,CUSCO,1,3
2020-05-05,Peru,PER,CUSCO,1,3
2020-05-06,Peru,PER,CUSCO,1,3
2020-05-07,Peru,PER,CUSCO,1,3
2020-05-08,Peru,PER,CUSCO,1,3
2020-05-09,Peru,PER,CUSCO,1,3
2020-05-10,Peru,PER,CUSCO,1,3
2020-05-11,Peru,PER,CUSCO,1,3
2020-05-12,Peru,PER,CUSCO,1,3
2020-05-13,Peru,PER,CUSCO,1,3
2020-05-14,Peru,PER,CUSCO,1,3
2020-05-15,Peru,PER,CUSCO,1,3
2020-05-16,Peru,PER,CUSCO,1,3
2020-05-17,Peru,PER,CUSCO,1,3
2020-05-18,Peru,PER,CUSCO,1,3
2020-05-19,Peru,PER,CUSCO,1,3
2020-05-20,Peru,PER,CUSCO,1,3
2020-05-21,Peru,PER,CUSCO,1,3
2020-05-22,Peru,PER,CUSCO,1,3
2020-05-23,Peru,PER,CUSCO,1,3
2020-05-24,Peru,PER,CUSCO,1,3
2020-05-25,Peru,PER,CUSCO,1,3
2020-05-26,Peru,PER,CUSCO,1,3
2020-05-27,Peru,PER,CUSCO,1,3
2020-05-28,Peru,PER,CUSCO,1,3
2020-05-29,Peru,PER,CUSCO,1,3
2020-05-30,Peru,PER,CUSCO,1,3
2020-05-31,Peru,PER,CUSCO,1,3
2020-06-01,Peru,PER,CUSCO,1,3
2020-06-02,Peru,PER,CUSCO,1,3
2020-06-03,Peru,PER,CUSCO,1,4
2020-06-04,Peru,PER,CUSCO,1,4
2020-06-05,Peru,PER,CUSCO,1,4
2020-06-06,Peru,PER,CUSCO,1,4
2020-06-07,Peru,PER,CUSCO,1,5
2020-06-08,Peru,PER,CUSCO,1,5
2020-06-09,Peru,PER,CUSCO,1,5
2020-06-10,Peru,PER,CUSCO,1,5
2020-06-11,Peru,PER,CUSCO,1,6
2020-06-12,Peru,PER,CUSCO,1,7
2020-06-13,Peru,PER,CUSCO,2,9
2020-06-14,Peru,PER,CUSCO,1,10
2020-06-15,Peru,PER,CUSCO,1,11
2020-06-16,Peru,PER,CUSCO,1,11
2020-06-17,Peru,PER,CUSCO,2,13
2020-06-18,Peru,PER,CUSCO,2,13
2020-06-19,Peru,PER,CUSCO,2,13
2020-06-20,Peru,PER,CUSCO,2,13
2020-06-21,Peru,PER,CUSCO,2,13
2020-06-22,Peru,PER,CUSCO,2,13
2020-04-04,Peru,PER,HUANCAVELICA,1,1
2020-04-05,Peru,PER,HUANCAVELICA,1,1
2020-04-06,Peru,PER,HUANCAVELICA,1,1
2020-04-07,Peru,PER,HUANCAVELICA,1,1
2020-04-08,Peru,PER,HUANCAVELICA,1,1
2020-04-09,Peru,PER,HUANCAVELICA,1,1
2020-04-10,Peru,PER,HUANCAVELICA,1,1
2020-04-11,Peru,PER,HUANCAVELICA,1,1
2020-04-12,Peru,PER,HUANCAVELICA,1,1
2020-04-13,Peru,PER,HUANCAVELICA,1,1
2020-04-14,Peru,PER,HUANCAVELICA,1,1
2020-04-15,Peru,PER,HUANCAVELICA,1,1
2020-04-16,Peru,PER,HUANCAVELICA,1,1
2020-04-17,Peru,PER,HUANCAVELICA,1,1
2020-04-18,Peru,PER,HUANCAVELICA,1,1
2020-04-19,Peru,PER,HUANCAVELICA,1,1
2020-04-20,Peru,PER,HUANCAVELICA,1,1
2020-04-21,Peru,PER,HUANCAVELICA,1,1
2020-04-22,Peru,PER,HUANCAVELICA,1,1
2020-04-23,Peru,PER,HUANCAVELICA,1,1
2020-04-24,Peru,PER,HUANCAVELICA,1,1
2020-04-25,Peru,PER,HUANCAVELICA,1,1
2020-04-26,Peru,PER,HUANCAVELICA,1,1
2020-04-27,Peru,PER,HUANCAVELICA,1,1
2020-04-28,Peru,PER,HUANCAVELICA,1,1
2020-04-29,Peru,PER,HUANCAVELICA,1,1
2020-04-30,Peru,PER,HUANCAVELICA,1,1
2020-05-01,Peru,PER,HUANCAVELICA,1,1
2020-05-02,Peru,PER,HUANCAVELICA,1,1
2020-05-03,Peru,PER,HUANCAVELICA,1,1
2020-05-04,Peru,PER,HUANCAVELICA,1,1
2020-05-05,Peru,PER,HUANCAVELICA,1,1
2020-05-06,Peru,PER,HUANCAVELICA,1,1
2020-05-07,Peru,PER,HUANCAVELICA,1,1
2020-05-08,Peru,PER,HUANCAVELICA,1,1
2020-05-09,Peru,PER,HUANCAVELICA,1,1
2020-05-10,Peru,PER,HUANCAVELICA,1,1
2020-05-11,Peru,PER,HUANCAVELICA,1,1
2020-05-12,Peru,PER,HUANCAVELICA,1,1
2020-05-13,Peru,PER,HUANCAVELICA,1,1
2020-05-14,Peru,PER,HUANCAVELICA,1,1
2020-05-15,Peru,PER,HUANCAVELICA,1,1
2020-05-16,Peru,PER,HUANCAVELICA,1,1
2020-05-17,Peru,PER,HUANCAVELICA,1,1
2020-05-18,Peru,PER,HUANCAVELICA,1,1
2020-05-19,Peru,PER,HUANCAVELICA,1,1
2020-05-20,Peru,PER,HUANCAVELICA,1,1
2020-05-21,Peru,PER,HUANCAVELICA,1,1
2020-05-22,Peru,PER,HUANCAVELICA,1,1
2020-05-23,Peru,PER,HUANCAVELICA,1,1
2020-05-24,Peru,PER,HUANCAVELICA,1,1
2020-05-25,Peru,PER,HUANCAVELICA,1,1
2020-05-26,Peru,PER,HUANCAVELICA,1,1
2020-05-27,Peru,PER,HUANCAVELICA,1,1
2020-05-28,Peru,PER,HUANCAVELICA,1,1
2020-05-29,Peru,PER,HUANCAVELICA,1,1
2020-05-30,Peru,PER,HUANCAVELICA,1,1
2020-05-31,Peru,PER,HUANCAVELICA,1,1
2020-06-01,Peru,PER,HUANCAVELICA,1,1
2020-06-02,Peru,PER,HUANCAVELICA,1,1
2020-06-03,Peru,PER,HUANCAVELICA,1,2
2020-06-04,Peru,PER,HUANCAVELICA,1,2
2020-06-05,Peru,PER,HUANCAVELICA,1,2
2020-06-06,Peru,PER,HUANCAVELICA,2,4
2020-06-07,Peru,PER,HUANCAVELICA,2,4
2020-06-08,Peru,PER,HUANCAVELICA,1,5
2020-06-09,Peru,PER,HUANCAVELICA,1,5
2020-06-10,Peru,PER,HUANCAVELICA,1,5
2020-06-11,Peru,PER,HUANCAVELICA,1,5
2020-06-12,Peru,PER,HUANCAVELICA,1,5
2020-06-13,Peru,PER,HUANCAVELICA,1,6
2020-06-14,Peru,PER,HUANCAVELICA,1,6
2020-06-15,Peru,PER,HUANCAVELICA,1,7
2020-06-16,Peru,PER,HUANCAVELICA,2,9
2020-06-17,Peru,PER,HUANCAVELICA,2,9
2020-06-18,Peru,PER,HUANCAVELICA,2,9
2020-06-19,Peru,PER,HUANCAVELICA,2,9
2020-06-20,Peru,PER,HUANCAVELICA,2,9
2020-06-21,Peru,PER,HUANCAVELICA,2,9
2020-06-22,Peru,PER,HUANCAVELICA,2,9
2020-04-30,Peru,PER,HUANUCO,1,1
2020-05-01,Peru,PER,HUANUCO,2,3
2020-05-02,Peru,PER,HUANUCO,2,3
2020-05-03,Peru,PER,HUANUCO,2,3
2020-05-04,Peru,PER,HUANUCO,1,4
2020-05-05,Peru,PER,HUANUCO,3,7
2020-05-06,Peru,PER,HUANUCO,3,7
2020-05-07,Peru,PER,HUANUCO,3,7
2020-05-08,Peru,PER,HUANUCO,3,7
2020-05-09,Peru,PER,HUANUCO,3,7
2020-05-10,Peru,PER,HUANUCO,3,7
2020-05-11,Peru,PER,HUANUCO,3,7
2020-05-12,Peru,PER,HUANUCO,3,7
2020-05-13,Peru,PER,HUANUCO,3,7
2020-05-14,Peru,PER,HUANUCO,3,7
2020-05-15,Peru,PER,HUANUCO,3,7
2020-05-16,Peru,PER,HUANUCO,3,7
2020-05-17,Peru,PER,HUANUCO,3,7
2020-05-18,Peru,PER,HUANUCO,3,7
2020-05-19,Peru,PER,HUANUCO,3,7
2020-05-20,Peru,PER,HUANUCO,3,7
2020-05-21,Peru,PER,HUANUCO,3,7
2020-05-22,Peru,PER,HUANUCO,3,7
2020-05-23,Peru,PER,HUANUCO,3,7
2020-05-24,Peru,PER,HUANUCO,3,7
2020-05-25,Peru,PER,HUANUCO,3,7
2020-05-26,Peru,PER,HUANUCO,3,7
2020-05-27,Peru,PER,HUANUCO,2,9
2020-05-28,Peru,PER,HUANUCO,1,10
2020-05-29,Peru,PER,HUANUCO,1,10
2020-05-30,Peru,PER,HUANUCO,2,12
2020-05-31,Peru,PER,HUANUCO,1,13
2020-06-01,Peru,PER,HUANUCO,1,13
2020-06-02,Peru,PER,HUANUCO,1,13
2020-06-03,Peru,PER,HUANUCO,1,13
2020-06-04,Peru,PER,HUANUCO,1,13
2020-06-05,Peru,PER,HUANUCO,1,14
2020-06-06,Peru,PER,HUANUCO,2,16
2020-06-07,Peru,PER,HUANUCO,1,17
2020-06-08,Peru,PER,HUANUCO,1,18
2020-06-09,Peru,PER,HUANUCO,1,19
2020-06-10,Peru,PER,HUANUCO,3,22
2020-06-11,Peru,PER,HUANUCO,2,24
2020-06-12,Peru,PER,HUANUCO,3,27
2020-06-13,Peru,PER,HUANUCO,1,28
2020-06-14,Peru,PER,HUANUCO,2,30
2020-06-15,Peru,PER,HUANUCO,1,31
2020-06-16,Peru,PER,HUANUCO,4,35
2020-06-17,Peru,PER,HUANUCO,1,36
2020-06-18,Peru,PER,HUANUCO,2,38
2020-06-19,Peru,PER,HUANUCO,2,40
2020-06-20,Peru,PER,HUANUCO,2,40
2020-06-21,Peru,PER,HUANUCO,3,43
2020-06-22,Peru,PER,HUANUCO,3,46
2020-04-01,Peru,PER,ICA,1,1
2020-04-02,Peru,PER,ICA,1,1
2020-04-03,Peru,PER,ICA,1,2
2020-04-04,Peru,PER,ICA,1,3
2020-04-05,Peru,PER,ICA,1,3
2020-04-06,Peru,PER,ICA,1,3
2020-04-07,Peru,PER,ICA,1,3
2020-04-08,Peru,PER,ICA,1,3
2020-04-09,Peru,PER,ICA,2,5
2020-04-10,Peru,PER,ICA,1,6
2020-04-11,Peru,PER,ICA,2,8
2020-04-12,Peru,PER,ICA,1,9
2020-04-13,Peru,PER,ICA,3,12
2020-04-14,Peru,PER,ICA,2,14
2020-04-15,Peru,PER,ICA,1,15
2020-04-16,Peru,PER,ICA,1,16
2020-04-17,Peru,PER,ICA,2,18
2020-04-18,Peru,PER,ICA,1,19
2020-04-19,Peru,PER,ICA,2,21
2020-04-20,Peru,PER,ICA,1,22
2020-04-21,Peru,PER,ICA,2,24
2020-04-22,Peru,PER,ICA,5,29
2020-04-23,Peru,PER,ICA,5,34
2020-04-24,Peru,PER,ICA,1,35
2020-04-25,Peru,PER,ICA,5,40
2020-04-26,Peru,PER,ICA,3,43
2020-04-27,Peru,PER,ICA,3,46
2020-04-28,Peru,PER,ICA,5,51
2020-04-29,Peru,PER,ICA,3,54
2020-04-30,Peru,PER,ICA,9,63
2020-05-01,Peru,PER,ICA,7,70
2020-05-02,Peru,PER,ICA,4,74
2020-05-03,Peru,PER,ICA,8,82
2020-05-04,Peru,PER,ICA,8,90
2020-05-05,Peru,PER,ICA,5,95
2020-05-06,Peru,PER,ICA,8,103
2020-05-07,Peru,PER,ICA,6,109
2020-05-08,Peru,PER,ICA,8,117
2020-05-09,Peru,PER,ICA,3,120
2020-05-10,Peru,PER,ICA,3,123
2020-05-11,Peru,PER,ICA,9,132
2020-05-12,Peru,PER,ICA,4,136
2020-05-13,Peru,PER,ICA,5,141
2020-05-14,Peru,PER,ICA,3,144
2020-05-15,Peru,PER,ICA,5,149
2020-05-16,Peru,PER,ICA,5,154
2020-05-17,Peru,PER,ICA,3,157
2020-05-18,Peru,PER,ICA,11,168
2020-05-19,Peru,PER,ICA,12,180
2020-05-20,Peru,PER,ICA,9,189
2020-05-21,Peru,PER,ICA,7,196
2020-05-22,Peru,PER,ICA,11,207
2020-05-23,Peru,PER,ICA,1,208
2020-05-24,Peru,PER,ICA,7,215
2020-05-25,Peru,PER,ICA,4,219
2020-05-26,Peru,PER,ICA,4,219
2020-05-27,Peru,PER,ICA,3,222
2020-05-28,Peru,PER,ICA,6,228
2020-05-29,Peru,PER,ICA,11,239
2020-05-30,Peru,PER,ICA,5,244
2020-05-31,Peru,PER,ICA,8,252
2020-06-01,Peru,PER,ICA,6,258
2020-06-02,Peru,PER,ICA,3,261
2020-06-03,Peru,PER,ICA,11,272
2020-06-04,Peru,PER,ICA,5,277
2020-06-05,Peru,PER,ICA,4,281
2020-06-06,Peru,PER,ICA,9,290
2020-06-07,Peru,PER,ICA,2,292
2020-06-08,Peru,PER,ICA,6,298
2020-06-09,Peru,PER,ICA,8,306
2020-06-10,Peru,PER,ICA,11,317
2020-06-11,Peru,PER,ICA,11,328
2020-06-12,Peru,PER,ICA,7,335
2020-06-13,Peru,PER,ICA,11,346
2020-06-14,Peru,PER,ICA,7,353
2020-06-15,Peru,PER,ICA,3,356
2020-06-16,Peru,PER,ICA,16,372
2020-06-17,Peru,PER,ICA,11,383
2020-06-18,Peru,PER,ICA,8,391
2020-06-19,Peru,PER,ICA,7,398
2020-06-20,Peru,PER,ICA,11,409
2020-06-21,Peru,PER,ICA,16,425
2020-06-22,Peru,PER,ICA,5,430
2020-03-30,Peru,PER,JUNIN,1,1
2020-03-31,Peru,PER,JUNIN,1,1
2020-04-01,Peru,PER,JUNIN,1,1
2020-04-02,Peru,PER,JUNIN,1,1
2020-04-03,Peru,PER,JUNIN,1,1
2020-04-04,Peru,PER,JUNIN,1,2
2020-04-05,Peru,PER,JUNIN,1,2
2020-04-06,Peru,PER,JUNIN,1,2
2020-04-07,Peru,PER,JUNIN,1,2
2020-04-08,Peru,PER,JUNIN,1,2
2020-04-09,Peru,PER,JUNIN,1,2
2020-04-10,Peru,PER,JUNIN,1,2
2020-04-11,Peru,PER,JUNIN,1,2
2020-04-12,Peru,PER,JUNIN,1,2
2020-04-13,Peru,PER,JUNIN,1,2
2020-04-14,Peru,PER,JUNIN,2,4
2020-04-15,Peru,PER,JUNIN,2,4
2020-04-16,Peru,PER,JUNIN,2,4
2020-04-17,Peru,PER,JUNIN,2,4
2020-04-18,Peru,PER,JUNIN,2,6
2020-04-19,Peru,PER,JUNIN,1,7
2020-04-20,Peru,PER,JUNIN,1,7
2020-04-21,Peru,PER,JUNIN,1,7
2020-04-22,Peru,PER,JUNIN,1,8
2020-04-23,Peru,PER,JUNIN,1,8
2020-04-24,Peru,PER,JUNIN,1,8
2020-04-25,Peru,PER,JUNIN,1,9
2020-04-26,Peru,PER,JUNIN,2,11
2020-04-27,Peru,PER,JUNIN,2,11
2020-04-28,Peru,PER,JUNIN,2,11
2020-04-29,Peru,PER,JUNIN,2,11
2020-04-30,Peru,PER,JUNIN,2,11
2020-05-01,Peru,PER,JUNIN,2,11
2020-05-02,Peru,PER,JUNIN,2,13
2020-05-03,Peru,PER,JUNIN,1,14
2020-05-04,Peru,PER,JUNIN,1,14
2020-05-05,Peru,PER,JUNIN,1,14
2020-05-06,Peru,PER,JUNIN,1,14
2020-05-07,Peru,PER,JUNIN,1,14
2020-05-08,Peru,PER,JUNIN,1,14
2020-05-09,Peru,PER,JUNIN,1,14
2020-05-10,Peru,PER,JUNIN,1,14
2020-05-11,Peru,PER,JUNIN,1,14
2020-05-12,Peru,PER,JUNIN,1,14
2020-05-13,Peru,PER,JUNIN,1,14
2020-05-14,Peru,PER,JUNIN,1,14
2020-05-15,Peru,PER,JUNIN,1,14
2020-05-16,Peru,PER,JUNIN,1,14
2020-05-17,Peru,PER,JUNIN,1,14
2020-05-18,Peru,PER,JUNIN,1,14
2020-05-19,Peru,PER,JUNIN,1,14
2020-05-20,Peru,PER,JUNIN,2,16
2020-05-21,Peru,PER,JUNIN,2,18
2020-05-22,Peru,PER,JUNIN,2,20
2020-05-23,Peru,PER,JUNIN,1,21
2020-05-24,Peru,PER,JUNIN,1,22
2020-05-25,Peru,PER,JUNIN,1,23
2020-05-26,Peru,PER,JUNIN,3,26
2020-05-27,Peru,PER,JUNIN,4,30
2020-05-28,Peru,PER,JUNIN,1,31
2020-05-29,Peru,PER,JUNIN,3,34
2020-05-30,Peru,PER,JUNIN,3,37
2020-05-31,Peru,PER,JUNIN,1,38
2020-06-01,Peru,PER,JUNIN,2,40
2020-06-02,Peru,PER,JUNIN,1,41
2020-06-03,Peru,PER,JUNIN,3,44
2020-06-04,Peru,PER,JUNIN,3,47
2020-06-05,Peru,PER,JUNIN,3,50
2020-06-06,Peru,PER,JUNIN,2,52
2020-06-07,Peru,PER,JUNIN,2,54
2020-06-08,Peru,PER,JUNIN,4,58
2020-06-09,Peru,PER,JUNIN,4,62
2020-06-10,Peru,PER,JUNIN,7,69
2020-06-11,Peru,PER,JUNIN,3,72
2020-06-12,Peru,PER,JUNIN,4,76
2020-06-13,Peru,PER,JUNIN,10,86
2020-06-14,Peru,PER,JUNIN,6,92
2020-06-15,Peru,PER,JUNIN,6,92
2020-06-16,Peru,PER,JUNIN,7,99
2020-06-17,Peru,PER,JUNIN,3,102
2020-06-18,Peru,PER,JUNIN,3,105
2020-06-19,Peru,PER,JUNIN,1,106
2020-06-20,Peru,PER,JUNIN,1,107
2020-06-21,Peru,PER,JUNIN,1,108
2020-06-22,Peru,PER,JUNIN,4,112
2020-03-24,Peru,PER,LA LIBERTAD,1,1
2020-03-25,Peru,PER,LA LIBERTAD,1,1
2020-03-26,Peru,PER,LA LIBERTAD,1,2
2020-03-27,Peru,PER,LA LIBERTAD,1,2
2020-03-28,Peru,PER,LA LIBERTAD,1,2
2020-03-29,Peru,PER,LA LIBERTAD,1,2
2020-03-30,Peru,PER,LA LIBERTAD,1,2
2020-03-31,Peru,PER,LA LIBERTAD,1,3
2020-04-01,Peru,PER,LA LIBERTAD,1,3
2020-04-02,Peru,PER,LA LIBERTAD,1,4
2020-04-03,Peru,PER,LA LIBERTAD,1,4
2020-04-04,Peru,PER,LA LIBERTAD,1,5
2020-04-05,Peru,PER,LA LIBERTAD,1,5
2020-04-06,Peru,PER,LA LIBERTAD,1,6
2020-04-07,Peru,PER,LA LIBERTAD,1,6
2020-04-08,Peru,PER,LA LIBERTAD,1,6
2020-04-09,Peru,PER,LA LIBERTAD,1,6
2020-04-10,Peru,PER,LA LIBERTAD,1,6
2020-04-11,Peru,PER,LA LIBERTAD,1,6
2020-04-12,Peru,PER,LA LIBERTAD,3,9
2020-04-13,Peru,PER,LA LIBERTAD,1,10
2020-04-14,Peru,PER,LA LIBERTAD,4,14
2020-04-15,Peru,PER,LA LIBERTAD,3,17
2020-04-16,Peru,PER,LA LIBERTAD,3,17
2020-04-17,Peru,PER,LA LIBERTAD,1,18
2020-04-18,Peru,PER,LA LIBERTAD,1,19
2020-04-19,Peru,PER,LA LIBERTAD,3,22
2020-04-20,Peru,PER,LA LIBERTAD,2,24
2020-04-21,Peru,PER,LA LIBERTAD,2,24
2020-04-22,Peru,PER,LA LIBERTAD,2,26
2020-04-23,Peru,PER,LA LIBERTAD,2,28
2020-04-24,Peru,PER,LA LIBERTAD,1,29
2020-04-25,Peru,PER,LA LIBERTAD,1,29
2020-04-26,Peru,PER,LA LIBERTAD,6,35
2020-04-27,Peru,PER,LA LIBERTAD,3,38
2020-04-28,Peru,PER,LA LIBERTAD,7,45
2020-04-29,Peru,PER,LA LIBERTAD,2,47
2020-04-30,Peru,PER,LA LIBERTAD,3,50
2020-05-01,Peru,PER,LA LIBERTAD,5,55
2020-05-02,Peru,PER,LA LIBERTAD,8,63
2020-05-03,Peru,PER,LA LIBERTAD,3,66
2020-05-04,Peru,PER,LA LIBERTAD,3,69
2020-05-05,Peru,PER,LA LIBERTAD,4,73
2020-05-06,Peru,PER,LA LIBERTAD,5,78
2020-05-07,Peru,PER,LA LIBERTAD,3,81
2020-05-08,Peru,PER,LA LIBERTAD,6,87
2020-05-09,Peru,PER,LA LIBERTAD,8,95
2020-05-10,Peru,PER,LA LIBERTAD,8,95
2020-05-11,Peru,PER,LA LIBERTAD,10,105
2020-05-12,Peru,PER,LA LIBERTAD,1,106
2020-05-13,Peru,PER,LA LIBERTAD,3,109
2020-05-14,Peru,PER,LA LIBERTAD,8,117
2020-05-15,Peru,PER,LA LIBERTAD,2,119
2020-05-16,Peru,PER,LA LIBERTAD,5,124
2020-05-17,Peru,PER,LA LIBERTAD,2,126
2020-05-18,Peru,PER,LA LIBERTAD,5,131
2020-05-19,Peru,PER,LA LIBERTAD,11,142
2020-05-20,Peru,PER,LA LIBERTAD,5,147
2020-05-21,Peru,PER,LA LIBERTAD,3,150
2020-05-22,Peru,PER,LA LIBERTAD,8,158
2020-05-23,Peru,PER,LA LIBERTAD,8,166
2020-05-24,Peru,PER,LA LIBERTAD,3,169
2020-05-25,Peru,PER,LA LIBERTAD,3,169
2020-05-26,Peru,PER,LA LIBERTAD,3,169
2020-05-27,Peru,PER,LA LIBERTAD,5,174
2020-05-28,Peru,PER,LA LIBERTAD,5,179
2020-05-29,Peru,PER,LA LIBERTAD,5,184
2020-05-30,Peru,PER,LA LIBERTAD,7,191
2020-05-31,Peru,PER,LA LIBERTAD,8,199
2020-06-01,Peru,PER,LA LIBERTAD,6,205
2020-06-02,Peru,PER,LA LIBERTAD,7,212
2020-06-03,Peru,PER,LA LIBERTAD,8,220
2020-06-04,Peru,PER,LA LIBERTAD,3,223
2020-06-05,Peru,PER,LA LIBERTAD,12,235
2020-06-06,Peru,PER,LA LIBERTAD,9,244
2020-06-07,Peru,PER,LA LIBERTAD,8,252
2020-06-08,Peru,PER,LA LIBERTAD,10,262
2020-06-09,Peru,PER,LA LIBERTAD,11,273
2020-06-10,Peru,PER,LA LIBERTAD,13,286
2020-06-11,Peru,PER,LA LIBERTAD,17,303
2020-06-12,Peru,PER,LA LIBERTAD,14,317
2020-06-13,Peru,PER,LA LIBERTAD,15,332
2020-06-14,Peru,PER,LA LIBERTAD,16,348
2020-06-15,Peru,PER,LA LIBERTAD,17,365
2020-06-16,Peru,PER,LA LIBERTAD,19,384
2020-06-17,Peru,PER,LA LIBERTAD,16,400
2020-06-18,Peru,PER,LA LIBERTAD,14,414
2020-06-19,Peru,PER,LA LIBERTAD,17,431
2020-06-20,Peru,PER,LA LIBERTAD,10,441
2020-06-21,Peru,PER,LA LIBERTAD,21,462
2020-06-22,Peru,PER,LA LIBERTAD,19,481
2020-03-26,Peru,PER,LAMBAYEQUE,2,2
2020-03-27,Peru,PER,LAMBAYEQUE,2,2
2020-03-28,Peru,PER,LAMBAYEQUE,2,2
2020-03-29,Peru,PER,LAMBAYEQUE,1,3
2020-03-30,Peru,PER,LAMBAYEQUE,2,5
2020-03-31,Peru,PER,LAMBAYEQUE,1,6
2020-04-01,Peru,PER,LAMBAYEQUE,1,7
2020-04-02,Peru,PER,LAMBAYEQUE,1,7
2020-04-03,Peru,PER,LAMBAYEQUE,4,11
2020-04-04,Peru,PER,LAMBAYEQUE,5,16
2020-04-05,Peru,PER,LAMBAYEQUE,3,19
2020-04-06,Peru,PER,LAMBAYEQUE,4,23
2020-04-07,Peru,PER,LAMBAYEQUE,2,25
2020-04-08,Peru,PER,LAMBAYEQUE,8,33
2020-04-09,Peru,PER,LAMBAYEQUE,10,43
2020-04-10,Peru,PER,LAMBAYEQUE,12,55
2020-04-11,Peru,PER,LAMBAYEQUE,8,63
2020-04-12,Peru,PER,LAMBAYEQUE,8,71
2020-04-13,Peru,PER,LAMBAYEQUE,3,74
2020-04-14,Peru,PER,LAMBAYEQUE,11,85
2020-04-15,Peru,PER,LAMBAYEQUE,13,98
2020-04-16,Peru,PER,LAMBAYEQUE,13,111
2020-04-17,Peru,PER,LAMBAYEQUE,19,130
2020-04-18,Peru,PER,LAMBAYEQUE,13,143
2020-04-19,Peru,PER,LAMBAYEQUE,7,150
2020-04-20,Peru,PER,LAMBAYEQUE,11,161
2020-04-21,Peru,PER,LAMBAYEQUE,10,171
2020-04-22,Peru,PER,LAMBAYEQUE,14,185
2020-04-23,Peru,PER,LAMBAYEQUE,18,203
2020-04-24,Peru,PER,LAMBAYEQUE,19,222
2020-04-25,Peru,PER,LAMBAYEQUE,15,237
2020-04-26,Peru,PER,LAMBAYEQUE,15,252
2020-04-27,Peru,PER,LAMBAYEQUE,22,274
2020-04-28,Peru,PER,LAMBAYEQUE,19,293
2020-04-29,Peru,PER,LAMBAYEQUE,15,308
2020-04-30,Peru,PER,LAMBAYEQUE,21,329
2020-05-01,Peru,PER,LAMBAYEQUE,13,342
2020-05-02,Peru,PER,LAMBAYEQUE,12,354
2020-05-03,Peru,PER,LAMBAYEQUE,13,367
2020-05-04,Peru,PER,LAMBAYEQUE,9,376
2020-05-05,Peru,PER,LAMBAYEQUE,18,394
2020-05-06,Peru,PER,LAMBAYEQUE,16,410
2020-05-07,Peru,PER,LAMBAYEQUE,15,425
2020-05-08,Peru,PER,LAMBAYEQUE,7,432
2020-05-09,Peru,PER,LAMBAYEQUE,12,444
2020-05-10,Peru,PER,LAMBAYEQUE,14,458
2020-05-11,Peru,PER,LAMBAYEQUE,12,470
2020-05-12,Peru,PER,LAMBAYEQUE,9,479
2020-05-13,Peru,PER,LAMBAYEQUE,6,485
2020-05-14,Peru,PER,LAMBAYEQUE,14,499
2020-05-15,Peru,PER,LAMBAYEQUE,13,512
2020-05-16,Peru,PER,LAMBAYEQUE,12,524
2020-05-17,Peru,PER,LAMBAYEQUE,8,532
2020-05-18,Peru,PER,LAMBAYEQUE,10,542
2020-05-19,Peru,PER,LAMBAYEQUE,8,550
2020-05-20,Peru,PER,LAMBAYEQUE,7,557
2020-05-21,Peru,PER,LAMBAYEQUE,14,571
2020-05-22,Peru,PER,LAMBAYEQUE,7,578
2020-05-23,Peru,PER,LAMBAYEQUE,8,586
2020-05-24,Peru,PER,LAMBAYEQUE,10,596
2020-05-25,Peru,PER,LAMBAYEQUE,6,602
2020-05-26,Peru,PER,LAMBAYEQUE,6,602
2020-05-27,Peru,PER,LAMBAYEQUE,3,605
2020-05-28,Peru,PER,LAMBAYEQUE,3,608
2020-05-29,Peru,PER,LAMBAYEQUE,3,611
2020-05-30,Peru,PER,LAMBAYEQUE,1,612
2020-05-31,Peru,PER,LAMBAYEQUE,4,616
2020-06-01,Peru,PER,LAMBAYEQUE,2,618
2020-06-02,Peru,PER,LAMBAYEQUE,3,621
2020-06-03,Peru,PER,LAMBAYEQUE,3,621
2020-06-04,Peru,PER,LAMBAYEQUE,8,629
2020-06-05,Peru,PER,LAMBAYEQUE,1,630
2020-06-06,Peru,PER,LAMBAYEQUE,4,634
2020-06-07,Peru,PER,LAMBAYEQUE,1,635
2020-06-08,Peru,PER,LAMBAYEQUE,1,636
2020-06-09,Peru,PER,LAMBAYEQUE,6,642
2020-06-10,Peru,PER,LAMBAYEQUE,6,648
2020-06-11,Peru,PER,LAMBAYEQUE,8,656
2020-06-12,Peru,PER,LAMBAYEQUE,3,659
2020-06-13,Peru,PER,LAMBAYEQUE,4,663
2020-06-14,Peru,PER,LAMBAYEQUE,5,668
2020-06-15,Peru,PER,LAMBAYEQUE,6,674
2020-06-16,Peru,PER,LAMBAYEQUE,6,680
2020-06-17,Peru,PER,LAMBAYEQUE,8,688
2020-06-18,Peru,PER,LAMBAYEQUE,6,694
2020-06-19,Peru,PER,LAMBAYEQUE,6,700
2020-06-20,Peru,PER,LAMBAYEQUE,5,705
2020-06-21,Peru,PER,LAMBAYEQUE,4,709
2020-06-22,Peru,PER,LAMBAYEQUE,4,713
2020-03-19,Peru,PER,LIMA,3,3
2020-03-20,Peru,PER,LIMA,2,5
2020-03-21,Peru,PER,LIMA,2,5
2020-03-22,Peru,PER,LIMA,2,5
2020-03-23,Peru,PER,LIMA,1,6
2020-03-24,Peru,PER,LIMA,1,7
2020-03-25,Peru,PER,LIMA,1,7
2020-03-26,Peru,PER,LIMA,3,10
2020-03-27,Peru,PER,LIMA,5,15
2020-03-28,Peru,PER,LIMA,2,17
2020-03-29,Peru,PER,LIMA,7,24
2020-03-30,Peru,PER,LIMA,5,29
2020-03-31,Peru,PER,LIMA,12,41
2020-04-01,Peru,PER,LIMA,6,47
2020-04-02,Peru,PER,LIMA,7,54
2020-04-03,Peru,PER,LIMA,22,76
2020-04-04,Peru,PER,LIMA,23,99
2020-04-05,Peru,PER,LIMA,5,104
2020-04-06,Peru,PER,LIMA,16,120
2020-04-07,Peru,PER,LIMA,15,135
2020-04-08,Peru,PER,LIMA,24,159
2020-04-09,Peru,PER,LIMA,20,179
2020-04-10,Peru,PER,LIMA,11,190
2020-04-11,Peru,PER,LIMA,20,210
2020-04-12,Peru,PER,LIMA,25,235
2020-04-13,Peru,PER,LIMA,22,257
2020-04-14,Peru,PER,LIMA,18,275
2020-04-15,Peru,PER,LIMA,31,306
2020-04-16,Peru,PER,LIMA,39,345
2020-04-17,Peru,PER,LIMA,32,377
2020-04-18,Peru,PER,LIMA,26,403
2020-04-19,Peru,PER,LIMA,36,439
2020-04-20,Peru,PER,LIMA,43,482
2020-04-21,Peru,PER,LIMA,40,522
2020-04-22,Peru,PER,LIMA,38,560
2020-04-23,Peru,PER,LIMA,27,587
2020-04-24,Peru,PER,LIMA,32,619
2020-04-25,Peru,PER,LIMA,21,640
2020-04-26,Peru,PER,LIMA,32,672
2020-04-27,Peru,PER,LIMA,36,708
2020-04-28,Peru,PER,LIMA,32,740
2020-04-29,Peru,PER,LIMA,12,752
2020-04-30,Peru,PER,LIMA,20,772
2020-05-01,Peru,PER,LIMA,53,825
2020-05-02,Peru,PER,LIMA,33,858
2020-05-03,Peru,PER,LIMA,40,898
2020-05-04,Peru,PER,LIMA,42,940
2020-05-05,Peru,PER,LIMA,58,998
2020-05-06,Peru,PER,LIMA,44,1042
2020-05-07,Peru,PER,LIMA,27,1069
2020-05-08,Peru,PER,LIMA,30,1099
2020-05-09,Peru,PER,LIMA,38,1137
2020-05-10,Peru,PER,LIMA,36,1173
2020-05-11,Peru,PER,LIMA,24,1197
2020-05-12,Peru,PER,LIMA,37,1234
2020-05-13,Peru,PER,LIMA,30,1264
2020-05-14,Peru,PER,LIMA,38,1302
2020-05-15,Peru,PER,LIMA,16,1318
2020-05-16,Peru,PER,LIMA,6,1324
2020-05-17,Peru,PER,LIMA,6,1330
2020-05-18,Peru,PER,LIMA,19,1349
2020-05-19,Peru,PER,LIMA,13,1362
2020-05-20,Peru,PER,LIMA,19,1381
2020-05-21,Peru,PER,LIMA,14,1395
2020-05-22,Peru,PER,LIMA,4,1399
2020-05-23,Peru,PER,LIMA,4,1403
2020-05-24,Peru,PER,LIMA,2,1405
2020-05-25,Peru,PER,LIMA,2,1407
2020-05-26,Peru,PER,LIMA,2,1407
2020-05-27,Peru,PER,LIMA,66,1473
2020-05-28,Peru,PER,LIMA,74,1547
2020-05-29,Peru,PER,LIMA,78,1625
2020-05-30,Peru,PER,LIMA,84,1709
2020-05-31,Peru,PER,LIMA,77,1786
2020-06-01,Peru,PER,LIMA,82,1868
2020-06-02,Peru,PER,LIMA,79,1947
2020-06-03,Peru,PER,LIMA,72,2019
2020-06-04,Peru,PER,LIMA,76,2095
2020-06-05,Peru,PER,LIMA,91,2186
2020-06-06,Peru,PER,LIMA,97,2283
2020-06-07,Peru,PER,LIMA,66,2349
2020-06-08,Peru,PER,LIMA,100,2449
2020-06-09,Peru,PER,LIMA,94,2543
2020-06-10,Peru,PER,LIMA,132,2675
2020-06-11,Peru,PER,LIMA,109,2784
2020-06-12,Peru,PER,LIMA,110,2894
2020-06-13,Peru,PER,LIMA,94,2988
2020-06-14,Peru,PER,LIMA,95,3083
2020-06-15,Peru,PER,LIMA,113,3196
2020-06-16,Peru,PER,LIMA,82,3278
2020-06-17,Peru,PER,LIMA,112,3390
2020-06-18,Peru,PER,LIMA,95,3485
2020-06-19,Peru,PER,LIMA,95,3580
2020-06-20,Peru,PER,LIMA,94,3674
2020-06-21,Peru,PER,LIMA,87,3761
2020-06-22,Peru,PER,LIMA,94,3855
2020-03-30,Peru,PER,LORETO,2,2
2020-03-31,Peru,PER,LORETO,2,2
2020-04-01,Peru,PER,LORETO,2,2
2020-04-02,Peru,PER,LORETO,2,2
2020-04-03,Peru,PER,LORETO,2,2
2020-04-04,Peru,PER,LORETO,2,2
2020-04-05,Peru,PER,LORETO,1,3
2020-04-06,Peru,PER,LORETO,1,3
2020-04-07,Peru,PER,LORETO,1,4
2020-04-08,Peru,PER,LORETO,1,5
2020-04-09,Peru,PER,LORETO,1,6
2020-04-10,Peru,PER,LORETO,2,8
2020-04-11,Peru,PER,LORETO,1,9
2020-04-12,Peru,PER,LORETO,1,9
2020-04-13,Peru,PER,LORETO,1,10
2020-04-14,Peru,PER,LORETO,4,14
2020-04-15,Peru,PER,LORETO,3,17
2020-04-16,Peru,PER,LORETO,2,19
2020-04-17,Peru,PER,LORETO,3,22
2020-04-18,Peru,PER,LORETO,4,26
2020-04-19,Peru,PER,LORETO,4,26
2020-04-20,Peru,PER,LORETO,4,26
2020-04-21,Peru,PER,LORETO,2,28
2020-04-22,Peru,PER,LORETO,4,32
2020-04-23,Peru,PER,LORETO,11,43
2020-04-24,Peru,PER,LORETO,6,49
2020-04-25,Peru,PER,LORETO,5,54
2020-04-26,Peru,PER,LORETO,8,62
2020-04-27,Peru,PER,LORETO,7,69
2020-04-28,Peru,PER,LORETO,10,79
2020-04-29,Peru,PER,LORETO,17,96
2020-04-30,Peru,PER,LORETO,16,112
2020-05-01,Peru,PER,LORETO,11,123
2020-05-02,Peru,PER,LORETO,16,139
2020-05-03,Peru,PER,LORETO,13,152
2020-05-04,Peru,PER,LORETO,15,167
2020-05-05,Peru,PER,LORETO,21,188
2020-05-06,Peru,PER,LORETO,15,203
2020-05-07,Peru,PER,LORETO,8,211
2020-05-08,Peru,PER,LORETO,10,221
2020-05-09,Peru,PER,LORETO,15,236
2020-05-10,Peru,PER,LORETO,3,239
2020-05-11,Peru,PER,LORETO,6,245
2020-05-12,Peru,PER,LORETO,1,246
2020-05-13,Peru,PER,LORETO,3,249
2020-05-14,Peru,PER,LORETO,7,256
2020-05-15,Peru,PER,LORETO,4,260
2020-05-16,Peru,PER,LORETO,2,262
2020-05-17,Peru,PER,LORETO,4,266
2020-05-18,Peru,PER,LORETO,3,269
2020-05-19,Peru,PER,LORETO,4,273
2020-05-20,Peru,PER,LORETO,2,275
2020-05-21,Peru,PER,LORETO,7,282
2020-05-22,Peru,PER,LORETO,3,285
2020-05-23,Peru,PER,LORETO,3,288
2020-05-24,Peru,PER,LORETO,3,288
2020-05-25,Peru,PER,LORETO,3,288
2020-05-26,Peru,PER,LORETO,3,288
2020-05-27,Peru,PER,LORETO,1,289
2020-05-28,Peru,PER,LORETO,4,293
2020-05-29,Peru,PER,LORETO,2,295
2020-05-30,Peru,PER,LORETO,1,296
2020-05-31,Peru,PER,LORETO,1,297
2020-06-01,Peru,PER,LORETO,2,299
2020-06-02,Peru,PER,LORETO,1,300
2020-06-03,Peru,PER,LORETO,1,300
2020-06-04,Peru,PER,LORETO,1,300
2020-06-05,Peru,PER,LORETO,3,303
2020-06-06,Peru,PER,LORETO,2,305
2020-06-07,Peru,PER,LORETO,2,307
2020-06-08,Peru,PER,LORETO,1,308
2020-06-09,Peru,PER,LORETO,1,309
2020-06-10,Peru,PER,LORETO,2,311
2020-06-11,Peru,PER,LORETO,2,311
2020-06-12,Peru,PER,LORETO,4,315
2020-06-13,Peru,PER,LORETO,1,316
2020-06-14,Peru,PER,LORETO,1,316
2020-06-15,Peru,PER,LORETO,2,318
2020-06-16,Peru,PER,LORETO,2,320
2020-06-17,Peru,PER,LORETO,1,321
2020-06-18,Peru,PER,LORETO,3,324
2020-06-19,Peru,PER,LORETO,2,326
2020-06-20,Peru,PER,LORETO,3,329
2020-06-21,Peru,PER,LORETO,1,330
2020-06-22,Peru,PER,LORETO,1,330
2020-04-25,Peru,PER,MADRE DE DIOS,1,1
2020-04-26,Peru,PER,MADRE DE DIOS,1,1
2020-04-27,Peru,PER,MADRE DE DIOS,1,1
2020-04-28,Peru,PER,MADRE DE DIOS,1,1
2020-04-29,Peru,PER,MADRE DE DIOS,1,1
2020-04-30,Peru,PER,MADRE DE DIOS,1,1
2020-05-01,Peru,PER,MADRE DE DIOS,1,1
2020-05-02,Peru,PER,MADRE DE DIOS,1,1
2020-05-03,Peru,PER,MADRE DE DIOS,1,1
2020-05-04,Peru,PER,MADRE DE DIOS,1,1
2020-05-05,Peru,PER,MADRE DE DIOS,1,1
2020-05-06,Peru,PER,MADRE DE DIOS,1,2
2020-05-07,Peru,PER,MADRE DE DIOS,1,2
2020-05-08,Peru,PER,MADRE DE DIOS,1,2
2020-05-09,Peru,PER,MADRE DE DIOS,1,3
2020-05-10,Peru,PER,MADRE DE DIOS,1,3
2020-05-11,Peru,PER,MADRE DE DIOS,1,3
2020-05-12,Peru,PER,MADRE DE DIOS,1,3
2020-05-13,Peru,PER,MADRE DE DIOS,1,3
2020-05-14,Peru,PER,MADRE DE DIOS,1,3
2020-05-15,Peru,PER,MADRE DE DIOS,1,4
2020-05-16,Peru,PER,MADRE DE DIOS,1,4
2020-05-17,Peru,PER,MADRE DE DIOS,1,4
2020-05-18,Peru,PER,MADRE DE DIOS,1,4
2020-05-19,Peru,PER,MADRE DE DIOS,1,4
2020-05-20,Peru,PER,MADRE DE DIOS,2,6
2020-05-21,Peru,PER,MADRE DE DIOS,2,6
2020-05-22,Peru,PER,MADRE DE DIOS,2,6
2020-05-23,Peru,PER,MADRE DE DIOS,2,6
2020-05-24,Peru,PER,MADRE DE DIOS,2,6
2020-05-25,Peru,PER,MADRE DE DIOS,2,6
2020-05-26,Peru,PER,MADRE DE DIOS,2,6
2020-05-27,Peru,PER,MADRE DE DIOS,2,6
2020-05-28,Peru,PER,MADRE DE DIOS,2,6
2020-05-29,Peru,PER,MADRE DE DIOS,2,6
2020-05-30,Peru,PER,MADRE DE DIOS,2,6
2020-05-31,Peru,PER,MADRE DE DIOS,2,6
2020-06-01,Peru,PER,MADRE DE DIOS,2,6
2020-06-02,Peru,PER,MADRE DE DIOS,2,6
2020-06-03,Peru,PER,MADRE DE DIOS,2,8
2020-06-04,Peru,PER,MADRE DE DIOS,2,10
2020-06-05,Peru,PER,MADRE DE DIOS,1,11
2020-06-06,Peru,PER,MADRE DE DIOS,1,11
2020-06-07,Peru,PER,MADRE DE DIOS,1,11
2020-06-08,Peru,PER,MADRE DE DIOS,1,12
2020-06-09,Peru,PER,MADRE DE DIOS,1,13
2020-06-10,Peru,PER,MADRE DE DIOS,2,15
2020-06-11,Peru,PER,MADRE DE DIOS,2,15
2020-06-12,Peru,PER,MADRE DE DIOS,1,16
2020-06-13,Peru,PER,MADRE DE DIOS,2,18
2020-06-14,Peru,PER,MADRE DE DIOS,1,19
2020-06-15,Peru,PER,MADRE DE DIOS,1,19
2020-06-16,Peru,PER,MADRE DE DIOS,1,19
2020-06-17,Peru,PER,MADRE DE DIOS,1,20
2020-06-18,Peru,PER,MADRE DE DIOS,1,21
2020-06-19,Peru,PER,MADRE DE DIOS,1,22
2020-06-20,Peru,PER,MADRE DE DIOS,1,23
2020-06-21,Peru,PER,MADRE DE DIOS,1,24
2020-06-22,Peru,PER,MADRE DE DIOS,1,24
2020-05-21,Peru,PER,MOQUEGUA,1,1
2020-05-22,Peru,PER,MOQUEGUA,1,1
2020-05-23,Peru,PER,MOQUEGUA,1,1
2020-05-24,Peru,PER,MOQUEGUA,1,1
2020-05-25,Peru,PER,MOQUEGUA,1,2
2020-05-26,Peru,PER,MOQUEGUA,1,2
2020-05-27,Peru,PER,MOQUEGUA,1,2
2020-05-28,Peru,PER,MOQUEGUA,1,2
2020-05-29,Peru,PER,MOQUEGUA,1,2
2020-05-30,Peru,PER,MOQUEGUA,1,2
2020-05-31,Peru,PER,MOQUEGUA,1,2
2020-06-01,Peru,PER,MOQUEGUA,1,2
2020-06-02,Peru,PER,MOQUEGUA,1,2
2020-06-03,Peru,PER,MOQUEGUA,1,2
2020-06-04,Peru,PER,MOQUEGUA,1,2
2020-06-05,Peru,PER,MOQUEGUA,1,2
2020-06-06,Peru,PER,MOQUEGUA,1,3
2020-06-07,Peru,PER,MOQUEGUA,1,4
2020-06-08,Peru,PER,MOQUEGUA,1,4
2020-06-09,Peru,PER,MOQUEGUA,1,5
2020-06-10,Peru,PER,MOQUEGUA,1,5
2020-06-11,Peru,PER,MOQUEGUA,1,6
2020-06-12,Peru,PER,MOQUEGUA,1,6
2020-06-13,Peru,PER,MOQUEGUA,1,6
2020-06-14,Peru,PER,MOQUEGUA,1,6
2020-06-15,Peru,PER,MOQUEGUA,1,6
2020-06-16,Peru,PER,MOQUEGUA,1,6
2020-06-17,Peru,PER,MOQUEGUA,1,7
2020-06-18,Peru,PER,MOQUEGUA,1,8
2020-06-19,Peru,PER,MOQUEGUA,1,8
2020-06-20,Peru,PER,MOQUEGUA,1,9
2020-06-21,Peru,PER,MOQUEGUA,1,9
2020-06-22,Peru,PER,MOQUEGUA,1,9
2020-04-17,Peru,PER,PASCO,1,1
2020-04-18,Peru,PER,PASCO,1,1
2020-04-19,Peru,PER,PASCO,1,1
2020-04-20,Peru,PER,PASCO,1,1
2020-04-21,Peru,PER,PASCO,1,1
2020-04-22,Peru,PER,PASCO,1,1
2020-04-23,Peru,PER,PASCO,1,1
2020-04-24,Peru,PER,PASCO,1,1
2020-04-25,Peru,PER,PASCO,1,1
2020-04-26,Peru,PER,PASCO,1,1
2020-04-27,Peru,PER,PASCO,1,1
2020-04-28,Peru,PER,PASCO,1,1
2020-04-29,Peru,PER,PASCO,1,1
2020-04-30,Peru,PER,PASCO,1,1
2020-05-01,Peru,PER,PASCO,1,2
2020-05-02,Peru,PER,PASCO,1,3
2020-05-03,Peru,PER,PASCO,1,3
2020-05-04,Peru,PER,PASCO,1,3
2020-05-05,Peru,PER,PASCO,1,3
2020-05-06,Peru,PER,PASCO,1,4
2020-05-07,Peru,PER,PASCO,1,4
2020-05-08,Peru,PER,PASCO,1,4
2020-05-09,Peru,PER,PASCO,1,4
2020-05-10,Peru,PER,PASCO,1,4
2020-05-11,Peru,PER,PASCO,1,4
2020-05-12,Peru,PER,PASCO,1,4
2020-05-13,Peru,PER,PASCO,1,4
2020-05-14,Peru,PER,PASCO,1,4
2020-05-15,Peru,PER,PASCO,1,4
2020-05-16,Peru,PER,PASCO,1,4
2020-05-17,Peru,PER,PASCO,1,5
2020-05-18,Peru,PER,PASCO,1,5
2020-05-19,Peru,PER,PASCO,1,5
2020-05-20,Peru,PER,PASCO,1,6
2020-05-21,Peru,PER,PASCO,1,7
2020-05-22,Peru,PER,PASCO,1,8
2020-05-23,Peru,PER,PASCO,1,8
2020-05-24,Peru,PER,PASCO,1,8
2020-05-25,Peru,PER,PASCO,1,8
2020-05-26,Peru,PER,PASCO,1,8
2020-05-27,Peru,PER,PASCO,1,8
2020-05-28,Peru,PER,PASCO,1,8
2020-05-29,Peru,PER,PASCO,1,9
2020-05-30,Peru,PER,PASCO,1,9
2020-05-31,Peru,PER,PASCO,1,9
2020-06-01,Peru,PER,PASCO,2,11
2020-06-02,Peru,PER,PASCO,2,11
2020-06-03,Peru,PER,PASCO,2,11
2020-06-04,Peru,PER,PASCO,2,11
2020-06-05,Peru,PER,PASCO,2,11
2020-06-06,Peru,PER,PASCO,2,11
2020-06-07,Peru,PER,PASCO,2,11
2020-06-08,Peru,PER,PASCO,1,12
2020-06-09,Peru,PER,PASCO,1,13
2020-06-10,Peru,PER,PASCO,1,13
2020-06-11,Peru,PER,PASCO,1,13
2020-06-12,Peru,PER,PASCO,1,13
2020-06-13,Peru,PER,PASCO,1,13
2020-06-14,Peru,PER,PASCO,1,14
2020-06-15,Peru,PER,PASCO,1,15
2020-06-16,Peru,PER,PASCO,1,16
2020-06-17,Peru,PER,PASCO,1,16
2020-06-18,Peru,PER,PASCO,1,16
2020-06-19,Peru,PER,PASCO,1,16
2020-06-20,Peru,PER,PASCO,2,18
2020-06-21,Peru,PER,PASCO,2,20
2020-06-22,Peru,PER,PASCO,2,20
2020-03-21,Peru,PER,PIURA,1,1
2020-03-22,Peru,PER,PIURA,1,1
2020-03-23,Peru,PER,PIURA,1,1
2020-03-24,Peru,PER,PIURA,1,1
2020-03-25,Peru,PER,PIURA,1,1
2020-03-26,Peru,PER,PIURA,1,1
2020-03-27,Peru,PER,PIURA,1,1
2020-03-28,Peru,PER,PIURA,1,1
2020-03-29,Peru,PER,PIURA,1,2
2020-03-30,Peru,PER,PIURA,1,2
2020-03-31,Peru,PER,PIURA,1,2
2020-04-01,Peru,PER,PIURA,1,2
2020-04-02,Peru,PER,PIURA,1,3
2020-04-03,Peru,PER,PIURA,1,4
2020-04-04,Peru,PER,PIURA,4,8
2020-04-05,Peru,PER,PIURA,4,8
2020-04-06,Peru,PER,PIURA,1,9
2020-04-07,Peru,PER,PIURA,2,11
2020-04-08,Peru,PER,PIURA,2,13
2020-04-09,Peru,PER,PIURA,1,14
2020-04-10,Peru,PER,PIURA,6,20
2020-04-11,Peru,PER,PIURA,2,22
2020-04-12,Peru,PER,PIURA,4,26
2020-04-13,Peru,PER,PIURA,5,31
2020-04-14,Peru,PER,PIURA,6,37
2020-04-15,Peru,PER,PIURA,7,44
2020-04-16,Peru,PER,PIURA,6,50
2020-04-17,Peru,PER,PIURA,6,56
2020-04-18,Peru,PER,PIURA,6,62
2020-04-19,Peru,PER,PIURA,8,70
2020-04-20,Peru,PER,PIURA,7,77
2020-04-21,Peru,PER,PIURA,8,85
2020-04-22,Peru,PER,PIURA,3,88
2020-04-23,Peru,PER,PIURA,7,95
2020-04-24,Peru,PER,PIURA,10,105
2020-04-25,Peru,PER,PIURA,6,111
2020-04-26,Peru,PER,PIURA,13,124
2020-04-27,Peru,PER,PIURA,13,137
2020-04-28,Peru,PER,PIURA,13,150
2020-04-29,Peru,PER,PIURA,16,166
2020-04-30,Peru,PER,PIURA,14,180
2020-05-01,Peru,PER,PIURA,11,191
2020-05-02,Peru,PER,PIURA,17,208
2020-05-03,Peru,PER,PIURA,19,227
2020-05-04,Peru,PER,PIURA,15,242
2020-05-05,Peru,PER,PIURA,14,256
2020-05-06,Peru,PER,PIURA,17,273
2020-05-07,Peru,PER,PIURA,11,284
2020-05-08,Peru,PER,PIURA,22,306
2020-05-09,Peru,PER,PIURA,10,316
2020-05-10,Peru,PER,PIURA,20,336
2020-05-11,Peru,PER,PIURA,15,351
2020-05-12,Peru,PER,PIURA,6,357
2020-05-13,Peru,PER,PIURA,14,371
2020-05-14,Peru,PER,PIURA,9,380
2020-05-15,Peru,PER,PIURA,10,390
2020-05-16,Peru,PER,PIURA,7,397
2020-05-17,Peru,PER,PIURA,4,401
2020-05-18,Peru,PER,PIURA,7,408
2020-05-19,Peru,PER,PIURA,10,418
2020-05-20,Peru,PER,PIURA,11,429
2020-05-21,Peru,PER,PIURA,10,439
2020-05-22,Peru,PER,PIURA,8,447
2020-05-23,Peru,PER,PIURA,12,459
2020-05-24,Peru,PER,PIURA,8,467
2020-05-25,Peru,PER,PIURA,10,477
2020-05-26,Peru,PER,PIURA,4,481
2020-05-27,Peru,PER,PIURA,16,497
2020-05-28,Peru,PER,PIURA,10,507
2020-05-29,Peru,PER,PIURA,3,510
2020-05-30,Peru,PER,PIURA,9,519
2020-05-31,Peru,PER,PIURA,8,527
2020-06-01,Peru,PER,PIURA,4,531
2020-06-02,Peru,PER,PIURA,7,538
2020-06-03,Peru,PER,PIURA,10,548
2020-06-04,Peru,PER,PIURA,8,556
2020-06-05,Peru,PER,PIURA,4,560
2020-06-06,Peru,PER,PIURA,8,568
2020-06-07,Peru,PER,PIURA,5,573
2020-06-08,Peru,PER,PIURA,11,584
2020-06-09,Peru,PER,PIURA,9,593
2020-06-10,Peru,PER,PIURA,8,601
2020-06-11,Peru,PER,PIURA,4,605
2020-06-12,Peru,PER,PIURA,7,612
2020-06-13,Peru,PER,PIURA,11,623
2020-06-14,Peru,PER,PIURA,8,631
2020-06-15,Peru,PER,PIURA,11,642
2020-06-16,Peru,PER,PIURA,9,651
2020-06-17,Peru,PER,PIURA,10,661
2020-06-18,Peru,PER,PIURA,6,667
2020-06-19,Peru,PER,PIURA,16,683
2020-06-20,Peru,PER,PIURA,6,689
2020-06-21,Peru,PER,PIURA,5,694
2020-06-22,Peru,PER,PIURA,6,700
2020-04-20,Peru,PER,PUNO,1,1
2020-04-21,Peru,PER,PUNO,1,1
2020-04-22,Peru,PER,PUNO,1,1
2020-04-23,Peru,PER,PUNO,1,1
2020-04-24,Peru,PER,PUNO,1,1
2020-04-25,Peru,PER,PUNO,1,1
2020-04-26,Peru,PER,PUNO,1,1
2020-04-27,Peru,PER,PUNO,1,1
2020-04-28,Peru,PER,PUNO,1,1
2020-04-29,Peru,PER,PUNO,1,2
2020-04-30,Peru,PER,PUNO,1,2
2020-05-01,Peru,PER,PUNO,1,2
2020-05-02,Peru,PER,PUNO,1,2
2020-05-03,Peru,PER,PUNO,1,3
2020-05-04,Peru,PER,PUNO,1,3
2020-05-05,Peru,PER,PUNO,1,4
2020-05-06,Peru,PER,PUNO,1,4
2020-05-07,Peru,PER,PUNO,1,4
2020-05-08,Peru,PER,PUNO,1,4
2020-05-09,Peru,PER,PUNO,1,4
2020-05-10,Peru,PER,PUNO,1,4
2020-05-11,Peru,PER,PUNO,1,4
2020-05-12,Peru,PER,PUNO,1,4
2020-05-13,Peru,PER,PUNO,1,4
2020-05-14,Peru,PER,PUNO,1,4
2020-05-15,Peru,PER,PUNO,1,4
2020-05-16,Peru,PER,PUNO,1,5
2020-05-17,Peru,PER,PUNO,1,5
2020-05-18,Peru,PER,PUNO,1,6
2020-05-19,Peru,PER,PUNO,1,6
2020-05-20,Peru,PER,PUNO,1,6
2020-05-21,Peru,PER,PUNO,1,6
2020-05-22,Peru,PER,PUNO,1,6
2020-05-23,Peru,PER,PUNO,1,6
2020-05-24,Peru,PER,PUNO,1,6
2020-05-25,Peru,PER,PUNO,1,6
2020-05-26,Peru,PER,PUNO,1,6
2020-05-27,Peru,PER,PUNO,1,6
2020-05-28,Peru,PER,PUNO,1,7
2020-05-29,Peru,PER,PUNO,1,7
2020-05-30,Peru,PER,PUNO,1,7
2020-05-31,Peru,PER,PUNO,1,7
2020-06-01,Peru,PER,PUNO,1,7
2020-06-02,Peru,PER,PUNO,1,8
2020-06-03,Peru,PER,PUNO,1,8
2020-06-04,Peru,PER,PUNO,1,9
2020-06-05,Peru,PER,PUNO,1,9
2020-06-06,Peru,PER,PUNO,1,9
2020-06-07,Peru,PER,PUNO,1,9
2020-06-08,Peru,PER,PUNO,1,9
2020-06-09,Peru,PER,PUNO,1,9
2020-06-10,Peru,PER,PUNO,1,9
2020-06-11,Peru,PER,PUNO,1,10
2020-06-12,Peru,PER,PUNO,2,12
2020-06-13,Peru,PER,PUNO,1,13
2020-06-14,Peru,PER,PUNO,1,13
2020-06-15,Peru,PER,PUNO,1,13
2020-06-16,Peru,PER,PUNO,1,13
2020-06-17,Peru,PER,PUNO,1,14
2020-06-18,Peru,PER,PUNO,1,14
2020-06-19,Peru,PER,PUNO,1,15
2020-06-20,Peru,PER,PUNO,1,15
2020-06-21,Peru,PER,PUNO,1,15
2020-06-22,Peru,PER,PUNO,1,16
2020-03-31,Peru,PER,SAN MARTIN,1,1
2020-04-01,Peru,PER,SAN MARTIN,1,1
2020-04-02,Peru,PER,SAN MARTIN,1,1
2020-04-03,Peru,PER,SAN MARTIN,1,1
2020-04-04,Peru,PER,SAN MARTIN,1,1
2020-04-05,Peru,PER,SAN MARTIN,1,1
2020-04-06,Peru,PER,SAN MARTIN,1,1
2020-04-07,Peru,PER,SAN MARTIN,1,1
2020-04-08,Peru,PER,SAN MARTIN,1,1
2020-04-09,Peru,PER,SAN MARTIN,1,1
2020-04-10,Peru,PER,SAN MARTIN,1,1
2020-04-11,Peru,PER,SAN MARTIN,1,1
2020-04-12,Peru,PER,SAN MARTIN,1,1
2020-04-13,Peru,PER,SAN MARTIN,1,1
2020-04-14,Peru,PER,SAN MARTIN,1,1
2020-04-15,Peru,PER,SAN MARTIN,1,1
2020-04-16,Peru,PER,SAN MARTIN,1,1
2020-04-17,Peru,PER,SAN MARTIN,1,1
2020-04-18,Peru,PER,SAN MARTIN,1,1
2020-04-19,Peru,PER,SAN MARTIN,1,1
2020-04-20,Peru,PER,SAN MARTIN,1,1
2020-04-21,Peru,PER,SAN MARTIN,1,1
2020-04-22,Peru,PER,SAN MARTIN,1,1
2020-04-23,Peru,PER,SAN MARTIN,1,1
2020-04-24,Peru,PER,SAN MARTIN,1,1
2020-04-25,Peru,PER,SAN MARTIN,1,1
2020-04-26,Peru,PER,SAN MARTIN,1,1
2020-04-27,Peru,PER,SAN MARTIN,1,1
2020-04-28,Peru,PER,SAN MARTIN,1,1
2020-04-29,Peru,PER,SAN MARTIN,1,1
2020-04-30,Peru,PER,SAN MARTIN,1,1
2020-05-01,Peru,PER,SAN MARTIN,1,1
2020-05-02,Peru,PER,SAN MARTIN,1,1
2020-05-03,Peru,PER,SAN MARTIN,1,1
2020-05-04,Peru,PER,SAN MARTIN,1,1
2020-05-05,Peru,PER,SAN MARTIN,1,1
2020-05-06,Peru,PER,SAN MARTIN,1,1
2020-05-07,Peru,PER,SAN MARTIN,1,2
2020-05-08,Peru,PER,SAN MARTIN,1,3
2020-05-09,Peru,PER,SAN MARTIN,1,4
2020-05-10,Peru,PER,SAN MARTIN,2,6
2020-05-11,Peru,PER,SAN MARTIN,2,6
2020-05-12,Peru,PER,SAN MARTIN,2,6
2020-05-13,Peru,PER,SAN MARTIN,2,6
2020-05-14,Peru,PER,SAN MARTIN,1,7
2020-05-15,Peru,PER,SAN MARTIN,1,8
2020-05-16,Peru,PER,SAN MARTIN,1,9
2020-05-17,Peru,PER,SAN MARTIN,1,9
2020-05-18,Peru,PER,SAN MARTIN,3,12
2020-05-19,Peru,PER,SAN MARTIN,1,13
2020-05-20,Peru,PER,SAN MARTIN,1,13
2020-05-21,Peru,PER,SAN MARTIN,1,13
2020-05-22,Peru,PER,SAN MARTIN,1,13
2020-05-23,Peru,PER,SAN MARTIN,1,14
2020-05-24,Peru,PER,SAN MARTIN,2,16
2020-05-25,Peru,PER,SAN MARTIN,2,16
2020-05-26,Peru,PER,SAN MARTIN,2,18
2020-05-27,Peru,PER,SAN MARTIN,1,19
2020-05-28,Peru,PER,SAN MARTIN,1,19
2020-05-29,Peru,PER,SAN MARTIN,1,19
2020-05-30,Peru,PER,SAN MARTIN,2,21
2020-05-31,Peru,PER,SAN MARTIN,3,24
2020-06-01,Peru,PER,SAN MARTIN,7,31
2020-06-02,Peru,PER,SAN MARTIN,5,36
2020-06-03,Peru,PER,SAN MARTIN,9,45
2020-06-04,Peru,PER,SAN MARTIN,4,49
2020-06-05,Peru,PER,SAN MARTIN,5,54
2020-06-06,Peru,PER,SAN MARTIN,11,65
2020-06-07,Peru,PER,SAN MARTIN,1,66
2020-06-08,Peru,PER,SAN MARTIN,2,68
2020-06-09,Peru,PER,SAN MARTIN,1,69
2020-06-10,Peru,PER,SAN MARTIN,1,70
2020-06-11,Peru,PER,SAN MARTIN,4,74
2020-06-12,Peru,PER,SAN MARTIN,7,81
2020-06-13,Peru,PER,SAN MARTIN,6,87
2020-06-14,Peru,PER,SAN MARTIN,4,91
2020-06-15,Peru,PER,SAN MARTIN,3,94
2020-06-16,Peru,PER,SAN MARTIN,6,100
2020-06-17,Peru,PER,SAN MARTIN,8,108
2020-06-18,Peru,PER,SAN MARTIN,3,111
2020-06-19,Peru,PER,SAN MARTIN,3,111
2020-06-20,Peru,PER,SAN MARTIN,6,117
2020-06-21,Peru,PER,SAN MARTIN,2,119
2020-06-22,Peru,PER,SAN MARTIN,4,123
2020-04-23,Peru,PER,TACNA,1,1
2020-04-24,Peru,PER,TACNA,1,1
2020-04-25,Peru,PER,TACNA,1,1
2020-04-26,Peru,PER,TACNA,1,1
2020-04-27,Peru,PER,TACNA,1,1
2020-04-28,Peru,PER,TACNA,1,1
2020-04-29,Peru,PER,TACNA,1,1
2020-04-30,Peru,PER,TACNA,1,1
2020-05-01,Peru,PER,TACNA,1,1
2020-05-02,Peru,PER,TACNA,1,2
2020-05-03,Peru,PER,TACNA,1,2
2020-05-04,Peru,PER,TACNA,1,2
2020-05-05,Peru,PER,TACNA,1,2
2020-05-06,Peru,PER,TACNA,1,2
2020-05-07,Peru,PER,TACNA,1,2
2020-05-08,Peru,PER,TACNA,1,2
2020-05-09,Peru,PER,TACNA,1,2
2020-05-10,Peru,PER,TACNA,1,2
2020-05-11,Peru,PER,TACNA,1,2
2020-05-12,Peru,PER,TACNA,1,2
2020-05-13,Peru,PER,TACNA,1,2
2020-05-14,Peru,PER,TACNA,1,2
2020-05-15,Peru,PER,TACNA,1,2
2020-05-16,Peru,PER,TACNA,1,2
2020-05-17,Peru,PER,TACNA,1,2
2020-05-18,Peru,PER,TACNA,2,4
2020-05-19,Peru,PER,TACNA,2,4
2020-05-20,Peru,PER,TACNA,2,4
2020-05-21,Peru,PER,TACNA,2,4
2020-05-22,Peru,PER,TACNA,2,4
2020-05-23,Peru,PER,TACNA,2,4
2020-05-24,Peru,PER,TACNA,2,4
2020-05-25,Peru,PER,TACNA,2,4
2020-05-26,Peru,PER,TACNA,2,4
2020-05-27,Peru,PER,TACNA,2,4
2020-05-28,Peru,PER,TACNA,2,4
2020-05-29,Peru,PER,TACNA,2,4
2020-05-30,Peru,PER,TACNA,1,5
2020-05-31,Peru,PER,TACNA,1,5
2020-06-01,Peru,PER,TACNA,1,5
2020-06-02,Peru,PER,TACNA,1,5
2020-06-03,Peru,PER,TACNA,1,5
2020-06-04,Peru,PER,TACNA,1,5
2020-06-05,Peru,PER,TACNA,1,5
2020-06-06,Peru,PER,TACNA,1,5
2020-06-07,Peru,PER,TACNA,1,5
2020-06-08,Peru,PER,TACNA,1,5
2020-06-09,Peru,PER,TACNA,1,5
2020-06-10,Peru,PER,TACNA,1,5
2020-06-11,Peru,PER,TACNA,1,5
2020-06-12,Peru,PER,TACNA,1,5
2020-06-13,Peru,PER,TACNA,1,5
2020-06-14,Peru,PER,TACNA,1,6
2020-06-15,Peru,PER,TACNA,1,6
2020-06-16,Peru,PER,TACNA,1,7
2020-06-17,Peru,PER,TACNA,1,7
2020-06-18,Peru,PER,TACNA,1,7
2020-06-19,Peru,PER,TACNA,1,8
2020-06-20,Peru,PER,TACNA,1,8
2020-06-21,Peru,PER,TACNA,1,8
2020-06-22,Peru,PER,TACNA,1,8
2020-03-30,Peru,PER,TUMBES,1,1
2020-03-31,Peru,PER,TUMBES,1,1
2020-04-01,Peru,PER,TUMBES,1,2
2020-04-02,Peru,PER,TUMBES,1,3
2020-04-03,Peru,PER,TUMBES,1,4
2020-04-04,Peru,PER,TUMBES,1,4
2020-04-05,Peru,PER,TUMBES,1,4
2020-04-06,Peru,PER,TUMBES,1,5
2020-04-07,Peru,PER,TUMBES,1,5
2020-04-08,Peru,PER,TUMBES,1,5
2020-04-09,Peru,PER,TUMBES,2,7
2020-04-10,Peru,PER,TUMBES,2,7
2020-04-11,Peru,PER,TUMBES,1,8
2020-04-12,Peru,PER,TUMBES,1,9
2020-04-13,Peru,PER,TUMBES,2,11
2020-04-14,Peru,PER,TUMBES,2,11
2020-04-15,Peru,PER,TUMBES,2,11
2020-04-16,Peru,PER,TUMBES,2,11
2020-04-17,Peru,PER,TUMBES,1,12
2020-04-18,Peru,PER,TUMBES,1,13
2020-04-19,Peru,PER,TUMBES,2,15
2020-04-20,Peru,PER,TUMBES,1,16
2020-04-21,Peru,PER,TUMBES,1,17
2020-04-22,Peru,PER,TUMBES,3,20
2020-04-23,Peru,PER,TUMBES,1,21
2020-04-24,Peru,PER,TUMBES,3,24
2020-04-25,Peru,PER,TUMBES,2,26
2020-04-26,Peru,PER,TUMBES,1,27
2020-04-27,Peru,PER,TUMBES,1,27
2020-04-28,Peru,PER,TUMBES,1,27
2020-04-29,Peru,PER,TUMBES,1,27
2020-04-30,Peru,PER,TUMBES,1,27
2020-05-01,Peru,PER,TUMBES,3,30
2020-05-02,Peru,PER,TUMBES,2,32
2020-05-03,Peru,PER,TUMBES,2,32
2020-05-04,Peru,PER,TUMBES,2,34
2020-05-05,Peru,PER,TUMBES,2,36
2020-05-06,Peru,PER,TUMBES,4,40
2020-05-07,Peru,PER,TUMBES,3,43
2020-05-08,Peru,PER,TUMBES,2,45
2020-05-09,Peru,PER,TUMBES,4,49
2020-05-10,Peru,PER,TUMBES,1,50
2020-05-11,Peru,PER,TUMBES,6,56
2020-05-12,Peru,PER,TUMBES,3,59
2020-05-13,Peru,PER,TUMBES,1,60
2020-05-14,Peru,PER,TUMBES,1,60
2020-05-15,Peru,PER,TUMBES,1,60
2020-05-16,Peru,PER,TUMBES,1,60
2020-05-17,Peru,PER,TUMBES,1,60
2020-05-18,Peru,PER,TUMBES,1,61
2020-05-19,Peru,PER,TUMBES,2,63
2020-05-20,Peru,PER,TUMBES,3,66
2020-05-21,Peru,PER,TUMBES,3,66
2020-05-22,Peru,PER,TUMBES,3,69
2020-05-23,Peru,PER,TUMBES,3,69
2020-05-24,Peru,PER,TUMBES,3,69
2020-05-25,Peru,PER,TUMBES,3,69
2020-05-26,Peru,PER,TUMBES,3,69
2020-05-27,Peru,PER,TUMBES,3,69
2020-05-28,Peru,PER,TUMBES,1,70
2020-05-29,Peru,PER,TUMBES,1,71
2020-05-30,Peru,PER,TUMBES,4,75
2020-05-31,Peru,PER,TUMBES,1,76
2020-06-01,Peru,PER,TUMBES,1,77
2020-06-02,Peru,PER,TUMBES,2,79
2020-06-03,Peru,PER,TUMBES,3,82
2020-06-04,Peru,PER,TUMBES,2,84
2020-06-05,Peru,PER,TUMBES,2,86
2020-06-06,Peru,PER,TUMBES,3,89
2020-06-07,Peru,PER,TUMBES,2,91
2020-06-08,Peru,PER,TUMBES,2,93
2020-06-09,Peru,PER,TUMBES,2,93
2020-06-10,Peru,PER,TUMBES,2,95
2020-06-11,Peru,PER,TUMBES,1,96
2020-06-12,Peru,PER,TUMBES,1,97
2020-06-13,Peru,PER,TUMBES,1,98
2020-06-14,Peru,PER,TUMBES,1,99
2020-06-15,Peru,PER,TUMBES,5,104
2020-06-16,Peru,PER,TUMBES,2,106
2020-06-17,Peru,PER,TUMBES,2,108
2020-06-18,Peru,PER,TUMBES,2,108
2020-06-19,Peru,PER,TUMBES,1,109
2020-06-20,Peru,PER,TUMBES,1,110
2020-06-21,Peru,PER,TUMBES,1,111
2020-06-22,Peru,PER,TUMBES,1,111
2020-04-04,Peru,PER,UCAYALI,1,1
2020-04-05,Peru,PER,UCAYALI,1,1
2020-04-06,Peru,PER,UCAYALI,1,1
2020-04-07,Peru,PER,UCAYALI,1,1
2020-04-08,Peru,PER,UCAYALI,1,1
2020-04-09,Peru,PER,UCAYALI,1,1
2020-04-10,Peru,PER,UCAYALI,1,2
2020-04-11,Peru,PER,UCAYALI,1,2
2020-04-12,Peru,PER,UCAYALI,1,2
2020-04-13,Peru,PER,UCAYALI,1,2
2020-04-14,Peru,PER,UCAYALI,1,2
2020-04-15,Peru,PER,UCAYALI,2,4
2020-04-16,Peru,PER,UCAYALI,1,5
2020-04-17,Peru,PER,UCAYALI,1,5
2020-04-18,Peru,PER,UCAYALI,2,7
2020-04-19,Peru,PER,UCAYALI,4,11
2020-04-20,Peru,PER,UCAYALI,2,13
2020-04-21,Peru,PER,UCAYALI,3,16
2020-04-22,Peru,PER,UCAYALI,8,24
2020-04-23,Peru,PER,UCAYALI,1,25
2020-04-24,Peru,PER,UCAYALI,4,29
2020-04-25,Peru,PER,UCAYALI,7,36
2020-04-26,Peru,PER,UCAYALI,6,42
2020-04-27,Peru,PER,UCAYALI,1,43
2020-04-28,Peru,PER,UCAYALI,3,46
2020-04-29,Peru,PER,UCAYALI,2,48
2020-04-30,Peru,PER,UCAYALI,2,50
2020-05-01,Peru,PER,UCAYALI,7,57
2020-05-02,Peru,PER,UCAYALI,4,61
2020-05-03,Peru,PER,UCAYALI,3,64
2020-05-04,Peru,PER,UCAYALI,2,66
2020-05-05,Peru,PER,UCAYALI,6,72
2020-05-06,Peru,PER,UCAYALI,3,75
2020-05-07,Peru,PER,UCAYALI,3,78
2020-05-08,Peru,PER,UCAYALI,4,82
2020-05-09,Peru,PER,UCAYALI,3,85
2020-05-10,Peru,PER,UCAYALI,2,87
2020-05-11,Peru,PER,UCAYALI,3,90
2020-05-12,Peru,PER,UCAYALI,3,93
2020-05-13,Peru,PER,UCAYALI,1,94
2020-05-14,Peru,PER,UCAYALI,1,95
2020-05-15,Peru,PER,UCAYALI,1,96
2020-05-16,Peru,PER,UCAYALI,3,99
2020-05-17,Peru,PER,UCAYALI,2,101
2020-05-18,Peru,PER,UCAYALI,2,103
2020-05-19,Peru,PER,UCAYALI,1,104
2020-05-20,Peru,PER,UCAYALI,1,104
2020-05-21,Peru,PER,UCAYALI,1,104
2020-05-22,Peru,PER,UCAYALI,1,104
2020-05-23,Peru,PER,UCAYALI,1,104
2020-05-24,Peru,PER,UCAYALI,1,104
2020-05-25,Peru,PER,UCAYALI,1,104
2020-05-26,Peru,PER,UCAYALI,1,104
2020-05-27,Peru,PER,UCAYALI,1,105
2020-05-28,Peru,PER,UCAYALI,1,106
2020-05-29,Peru,PER,UCAYALI,1,107
2020-05-30,Peru,PER,UCAYALI,1,107
2020-05-31,Peru,PER,UCAYALI,1,107
2020-06-01,Peru,PER,UCAYALI,3,110
2020-06-02,Peru,PER,UCAYALI,3,113
2020-06-03,Peru,PER,UCAYALI,3,113
2020-06-04,Peru,PER,UCAYALI,1,114
2020-06-05,Peru,PER,UCAYALI,1,115
2020-06-06,Peru,PER,UCAYALI,2,117
2020-06-07,Peru,PER,UCAYALI,2,117
2020-06-08,Peru,PER,UCAYALI,1,118
2020-06-09,Peru,PER,UCAYALI,1,119
2020-06-10,Peru,PER,UCAYALI,1,120
2020-06-11,Peru,PER,UCAYALI,2,122
2020-06-12,Peru,PER,UCAYALI,2,122
2020-06-13,Peru,PER,UCAYALI,4,126
2020-06-14,Peru,PER,UCAYALI,1,127
2020-06-15,Peru,PER,UCAYALI,2,129
2020-06-16,Peru,PER,UCAYALI,4,133
2020-06-17,Peru,PER,UCAYALI,5,138
2020-06-18,Peru,PER,UCAYALI,5,138
2020-06-19,Peru,PER,UCAYALI,2,140
2020-06-20,Peru,PER,UCAYALI,1,141
2020-06-21,Peru,PER,UCAYALI,1,141
2020-06-22,Peru,PER,UCAYALI,1,142
